latitude,longitude,brightness,scan,track,acq_date,acq_time,satellite,instrument,confidence,version,bright_t31,frp,daynight,type
20.99091,106.83219,345.71,0.34,0.56,2022-01-16,0528,SNPP,SNPP,n,2,289.96,4.27,D,0
20.17581,105.08434,327.32,0.72,0.76,2022-01-16,0708,SNPP,SNPP,n,2,285.01,8.39,D,0
20.17241,105.08342,329.97,0.72,0.76,2022-01-16,0708,SNPP,SNPP,n,2,285.06,7.71,D,0
21.15382,106.52602,325.21,0.45,0.47,2022-01-18,0631,SNPP,SNPP,n,2,290,2.21,D,0
21.84134,105.20755,295.43,0.39,0.44,2022-01-18,1900,SNPP,SNPP,n,2,284.57,0.39,N,0
21.55861,105.8698,300.97,0.43,0.46,2022-01-18,1900,SNPP,SNPP,n,2,284.62,0.76,N,2
21.55442,105.86887,297.49,0.43,0.46,2022-01-18,1900,SNPP,SNPP,n,2,283.27,0.76,N,0
21.21413,105.93738,296.75,0.44,0.46,2022-01-18,1900,SNPP,SNPP,n,2,284.63,0.53,N,0
21.27863,106.69586,331.01,0.41,0.37,2022-01-19,0612,SNPP,SNPP,n,2,291.56,2.99,D,0
21.1919,105.23286,330.35,0.38,0.36,2022-01-19,0612,SNPP,SNPP,n,2,290.2,2.56,D,0
21.39284,106.39592,331.69,0.4,0.37,2022-01-19,0612,SNPP,SNPP,n,2,295.25,26.04,D,0
21.45076,106.4343,335.93,0.4,0.37,2022-01-19,0612,SNPP,SNPP,n,2,290.71,7.03,D,0
21.53621,106.15341,325.1,0.4,0.37,2022-01-19,0612,SNPP,SNPP,n,2,291.19,2,D,0
21.61952,106.00689,334.15,0.39,0.36,2022-01-19,0612,SNPP,SNPP,n,2,297.44,26.48,D,0
21.73403,106.74055,343.7,0.41,0.37,2022-01-19,0612,SNPP,SNPP,n,2,291.92,7.92,D,0
21.65178,106.06393,326.29,0.4,0.37,2022-01-19,0612,SNPP,SNPP,n,2,288.97,2,D,0
21.67448,106.14992,332.33,0.4,0.37,2022-01-19,0612,SNPP,SNPP,n,2,291.86,3.84,D,0
21.94248,105.6671,331.93,0.39,0.36,2022-01-19,0612,SNPP,SNPP,n,2,287.37,3.25,D,0
20.23931,105.29697,327.71,0.46,0.47,2022-01-23,0637,SNPP,SNPP,n,2,292.37,2.4,D,0
21.55937,105.86993,306.09,0.54,0.51,2022-01-23,1906,SNPP,SNPP,n,2,289.16,1.07,N,2
20.19456,105.50268,341.99,0.41,0.37,2022-01-24,0618,SNPP,SNPP,n,2,301.46,4.46,D,0
20.85366,105.48483,327.73,0.41,0.37,2022-01-24,0618,SNPP,SNPP,n,2,296.61,1.83,D,0
21.01986,106.53055,330.32,0.45,0.39,2022-01-24,0618,SNPP,SNPP,n,2,298.82,2.68,D,2
21.01769,106.52822,328.25,0.45,0.39,2022-01-24,0618,SNPP,SNPP,n,2,294.06,3.56,D,2
20.91724,105.14573,335.58,0.4,0.37,2022-01-24,0618,SNPP,SNPP,n,2,295.39,3.73,D,0
21.21143,106.59792,329.86,0.46,0.39,2022-01-24,0618,SNPP,SNPP,n,2,295.16,3.69,D,0
21.25761,106.74979,345.22,0.47,0.39,2022-01-24,0618,SNPP,SNPP,n,2,290.6,14.56,D,0
20.15468,105.48313,332.94,0.44,0.39,2022-01-25,0559,SNPP,SNPP,n,2,294.59,3.1,D,0
20.6793,105.24444,335.4,0.45,0.39,2022-01-25,0559,SNPP,SNPP,n,2,297.82,4.12,D,0
20.93528,105.11131,328.32,0.45,0.39,2022-01-25,0559,SNPP,SNPP,n,2,293.98,1.82,D,0
21.04425,104.89931,328.13,0.46,0.39,2022-01-25,0559,SNPP,SNPP,n,2,297.99,2.99,D,0
21.14931,105.20425,338.88,0.54,0.51,2022-01-26,0540,SNPP,SNPP,n,2,292.26,4.42,D,0
21.15084,105.20094,341.39,0.54,0.51,2022-01-26,0540,SNPP,SNPP,n,2,290.83,5.87,D,0
20.54684,105.55071,336.64,0.52,0.67,2022-01-27,0521,SNPP,SNPP,n,2,289.13,3.57,D,0
20.54594,105.55259,331.29,0.52,0.67,2022-01-27,0521,SNPP,SNPP,n,2,287.88,5.59,D,0
21.02523,105.12959,337.1,0.54,0.68,2022-01-27,0521,SNPP,SNPP,n,2,293.04,7.32,D,0
21.02916,105.1283,339.32,0.54,0.68,2022-01-27,0521,SNPP,SNPP,n,2,293.22,6.87,D,0
20.14136,105.4754,326.53,0.6,0.71,2022-01-27,0702,SNPP,SNPP,n,2,287.06,5.17,D,0
21.01817,106.52999,303.9,0.42,0.61,2022-01-27,1750,SNPP,SNPP,n,2,289.47,1.91,N,2
21.01132,106.54166,299.54,0.42,0.61,2022-01-27,1750,SNPP,SNPP,n,2,288.37,1.35,N,2
20.12896,105.4498,330.01,0.59,0.53,2022-01-28,0643,SNPP,SNPP,n,2,291.84,3.52,D,0
20.48365,105.52606,339.39,0.6,0.53,2022-01-28,0643,SNPP,SNPP,n,2,291.39,10.43,D,0
20.485,105.52402,332.9,0.6,0.53,2022-01-28,0643,SNPP,SNPP,n,2,290.53,5.93,D,0
21.07785,106.7949,367,0.37,0.58,2022-01-28,0643,SNPP,SNPP,h,2,294.49,10.5,D,0
21.02184,105.20067,334.93,0.58,0.52,2022-01-28,0643,SNPP,SNPP,n,2,295.66,4.43,D,0
21.42648,106.8461,336.83,0.38,0.58,2022-01-28,0643,SNPP,SNPP,n,2,290.67,19.73,D,0
21.42619,106.84311,350.71,0.38,0.58,2022-01-28,0643,SNPP,SNPP,n,2,295.89,19.73,D,0
21.03767,106.58878,296.34,0.52,0.5,2022-02-22,1803,SNPP,SNPP,n,2,281.68,0.77,N,2
20.4024,105.90149,303.92,0.56,0.52,2022-02-22,1803,SNPP,SNPP,n,2,278.88,2.51,N,2
20.21149,105.60507,330.61,0.49,0.65,2022-02-23,0655,SNPP,SNPP,n,2,290.98,4.63,D,0
21.40053,106.80711,327.57,0.6,0.7,2022-02-23,0656,SNPP,SNPP,n,2,288.83,4.6,D,0
20.15313,105.76295,326.25,0.49,0.49,2022-02-24,0636,SNPP,SNPP,n,2,294.01,2.26,D,0
20.24652,105.64647,343.67,0.48,0.48,2022-02-24,0636,SNPP,SNPP,n,2,291.03,4.68,D,0
20.30724,105.54568,340.08,0.48,0.48,2022-02-24,0636,SNPP,SNPP,n,2,294.17,11.11,D,0
20.30672,105.54131,341.45,0.48,0.48,2022-02-24,0636,SNPP,SNPP,n,2,294.55,11.11,D,0
20.30584,105.54284,353.98,0.48,0.48,2022-02-24,0636,SNPP,SNPP,n,2,296.73,10.62,D,0
20.31029,105.54238,325.43,0.48,0.48,2022-02-24,0636,SNPP,SNPP,n,2,291.11,10.62,D,0
20.45831,105.71173,340.58,0.49,0.49,2022-02-24,0636,SNPP,SNPP,n,2,291.39,5.45,D,0
20.48687,105.72208,333.77,0.49,0.49,2022-02-24,0636,SNPP,SNPP,n,2,290.23,3.87,D,0
20.48635,105.71739,326.27,0.49,0.49,2022-02-24,0636,SNPP,SNPP,n,2,289.65,4.24,D,0
20.47118,105.50416,335.7,0.48,0.48,2022-02-24,0636,SNPP,SNPP,n,2,291.58,5.75,D,0
20.53489,105.66331,335,0.49,0.48,2022-02-24,0636,SNPP,SNPP,n,2,290.66,2.25,D,0
20.53282,105.66522,329.74,0.49,0.49,2022-02-24,0636,SNPP,SNPP,n,2,290.3,4,D,0
20.55293,105.6002,336.41,0.48,0.48,2022-02-24,0636,SNPP,SNPP,n,2,292.42,5.32,D,0
21.05135,106.81033,330.89,0.59,0.53,2022-02-24,0637,SNPP,SNPP,n,2,291.25,2.68,D,0
21.35258,105.07433,339.57,0.46,0.47,2022-02-24,0637,SNPP,SNPP,n,2,292.52,4.41,D,0
21.52508,105.7569,356.02,0.51,0.49,2022-02-24,0637,SNPP,SNPP,n,2,293.08,21.97,D,0
21.52401,105.74702,339.24,0.51,0.49,2022-02-24,0637,SNPP,SNPP,n,2,292.23,4.51,D,0
21.62498,106.15972,332.73,0.54,0.51,2022-02-24,0637,SNPP,SNPP,n,2,288.81,3.77,D,0
21.71643,106.19415,354.77,0.55,0.51,2022-02-24,0637,SNPP,SNPP,n,2,290.28,16.9,D,0
21.71486,106.13493,326.97,0.54,0.51,2022-02-24,0637,SNPP,SNPP,n,2,289.15,2.07,D,0
21.71323,106.11976,344.79,0.54,0.51,2022-02-24,0637,SNPP,SNPP,n,2,291.74,9.42,D,0
21.69018,105.82097,328.81,0.52,0.5,2022-02-24,0637,SNPP,SNPP,n,2,292.16,3.4,D,0
21.73729,106.12198,326.3,0.54,0.51,2022-02-24,0637,SNPP,SNPP,n,2,289.2,3.74,D,0
21.77891,106.32764,327.69,0.56,0.51,2022-02-24,0637,SNPP,SNPP,n,2,288.52,4.81,D,0
21.76609,106.21048,340.16,0.55,0.51,2022-02-24,0637,SNPP,SNPP,n,2,292.36,4.95,D,0
21.73612,105.89738,334.21,0.52,0.5,2022-02-24,0637,SNPP,SNPP,n,2,290.31,3.26,D,0
21.77855,106.32496,331.29,0.56,0.51,2022-02-24,0637,SNPP,SNPP,n,2,288.51,3.83,D,0
21.76707,106.21261,339.39,0.55,0.51,2022-02-24,0637,SNPP,SNPP,n,2,291.35,8.01,D,0
21.7346,105.89904,331.72,0.52,0.5,2022-02-24,0637,SNPP,SNPP,n,2,288.43,4.08,D,0
21.69093,105.31834,339.14,0.48,0.48,2022-02-24,0637,SNPP,SNPP,n,2,286.23,3.92,D,0
21.72635,105.35221,341.46,0.48,0.48,2022-02-24,0637,SNPP,SNPP,n,2,291.1,7.31,D,0
21.86211,105.96397,325.01,0.53,0.5,2022-02-24,0637,SNPP,SNPP,n,2,291.21,2.8,D,0
21.92996,105.64285,330.68,0.51,0.49,2022-02-24,0637,SNPP,SNPP,n,2,291.57,4.07,D,0
21.93453,105.64501,330.27,0.51,0.49,2022-02-24,0637,SNPP,SNPP,n,2,285.98,3.33,D,0
20.40239,105.90302,295.42,0.57,0.52,2022-02-24,1906,SNPP,SNPP,n,2,283.61,1.53,N,0
20.34118,105.91167,298.32,0.57,0.52,2022-02-24,1906,SNPP,SNPP,n,2,283.59,0.87,N,2
21.72296,106.194,326.72,0.45,0.39,2022-02-25,0618,SNPP,SNPP,n,2,293.1,2.2,D,0
21.71604,106.14244,342.43,0.44,0.39,2022-02-25,0618,SNPP,SNPP,n,2,294.4,8.69,D,0
21.71322,106.12147,334.42,0.44,0.39,2022-02-25,0618,SNPP,SNPP,n,2,294.5,3.08,D,0
21.74046,106.29751,335.78,0.45,0.39,2022-02-25,0618,SNPP,SNPP,n,2,292.68,5.85,D,0
21.74343,106.29248,330.92,0.45,0.39,2022-02-25,0618,SNPP,SNPP,n,2,293.02,6.34,D,0
21.74284,106.28806,326.58,0.45,0.39,2022-02-25,0618,SNPP,SNPP,n,2,295.74,5.8,D,0
21.7318,106.20576,334.87,0.45,0.39,2022-02-25,0618,SNPP,SNPP,n,2,294.65,2.73,D,0
21.71403,106.07384,329.3,0.44,0.38,2022-02-25,0618,SNPP,SNPP,n,2,295.33,2.23,D,0
21.71361,106.01746,333.74,0.44,0.38,2022-02-25,0618,SNPP,SNPP,n,2,294.34,2.95,D,0
21.70398,105.89414,345.42,0.43,0.38,2022-02-25,0618,SNPP,SNPP,n,2,296.82,4.16,D,0
21.77126,106.33672,329.27,0.45,0.39,2022-02-25,0618,SNPP,SNPP,n,2,293.22,4.18,D,0
21.76837,106.31522,325.41,0.45,0.39,2022-02-25,0618,SNPP,SNPP,n,2,292.33,1.7,D,0
21.77484,106.33616,343.41,0.45,0.39,2022-02-25,0618,SNPP,SNPP,n,2,293.33,4.18,D,0
21.73879,106.07005,335.06,0.44,0.38,2022-02-25,0618,SNPP,SNPP,n,2,295.83,8.46,D,0
21.71629,105.90542,329.31,0.43,0.38,2022-02-25,0618,SNPP,SNPP,n,2,295.01,2.24,D,0
21.77854,106.3094,334.51,0.45,0.39,2022-02-25,0618,SNPP,SNPP,n,2,292.98,2.31,D,0
21.72213,105.89572,327.17,0.43,0.38,2022-02-25,0618,SNPP,SNPP,n,2,294.25,1.29,D,0
21.79046,106.31653,330.63,0.45,0.39,2022-02-25,0618,SNPP,SNPP,n,2,294.76,5.85,D,0
21.78842,106.31353,331.93,0.45,0.39,2022-02-25,0618,SNPP,SNPP,n,2,295.89,6.01,D,0
21.72227,105.65483,330.61,0.42,0.38,2022-02-25,0618,SNPP,SNPP,n,2,293.76,2.55,D,0
21.77746,106.03812,329.92,0.44,0.38,2022-02-25,0618,SNPP,SNPP,n,2,291.76,3.37,D,0
21.77992,106.02951,340.45,0.44,0.38,2022-02-25,0618,SNPP,SNPP,n,2,296.15,5.96,D,0
21.77597,106.00002,339.47,0.44,0.38,2022-02-25,0618,SNPP,SNPP,n,2,299.45,9.45,D,0
21.79255,106.07001,326.15,0.44,0.38,2022-02-25,0618,SNPP,SNPP,n,2,290.44,2.82,D,0
21.77373,105.85013,333.37,0.43,0.38,2022-02-25,0618,SNPP,SNPP,n,2,294.9,4.3,D,0
21.84073,106.32259,332.1,0.45,0.39,2022-02-25,0618,SNPP,SNPP,n,2,292.84,2.25,D,0
21.77277,105.79042,332.01,0.43,0.38,2022-02-25,0618,SNPP,SNPP,n,2,293.71,3.35,D,0
21.77222,105.78637,329.65,0.43,0.38,2022-02-25,0618,SNPP,SNPP,n,2,294.33,3.35,D,0
21.84418,106.18484,325.07,0.45,0.39,2022-02-25,0618,SNPP,SNPP,n,2,294.22,2.32,D,0
21.83583,106.04279,329.61,0.44,0.38,2022-02-25,0618,SNPP,SNPP,n,2,294.5,1.67,D,0
21.78836,105.6702,329.94,0.43,0.38,2022-02-25,0618,SNPP,SNPP,n,2,293.45,2.32,D,0
21.82915,105.83656,331.73,0.43,0.38,2022-02-25,0618,SNPP,SNPP,n,2,295.72,3.77,D,0
21.87042,106.11095,333.5,0.44,0.39,2022-02-25,0618,SNPP,SNPP,n,2,294.08,3.27,D,0
21.8694,106.11179,336.89,0.44,0.39,2022-02-25,0618,SNPP,SNPP,n,2,294.26,3.94,D,0
21.89466,106.13845,329.93,0.44,0.39,2022-02-25,0618,SNPP,SNPP,n,2,292.1,2.91,D,0
21.83801,105.66273,329.7,0.43,0.38,2022-02-25,0618,SNPP,SNPP,n,2,294.11,2.69,D,0
21.88277,105.91438,333.39,0.44,0.38,2022-02-25,0618,SNPP,SNPP,n,2,295.52,5.62,D,0
21.88629,105.91379,332.99,0.44,0.38,2022-02-25,0618,SNPP,SNPP,n,2,291.38,6.61,D,0
21.90074,105.99443,329.59,0.44,0.38,2022-02-25,0618,SNPP,SNPP,n,2,294.6,2.06,D,0
21.90016,105.99013,327.41,0.44,0.38,2022-02-25,0618,SNPP,SNPP,n,2,294.49,2.06,D,0
21.89222,105.90452,332.29,0.44,0.38,2022-02-25,0618,SNPP,SNPP,n,2,297.72,5.92,D,0
21.87152,105.69962,334.26,0.43,0.38,2022-02-25,0618,SNPP,SNPP,n,2,295.32,8.98,D,0
21.8779,105.69413,331.09,0.43,0.38,2022-02-25,0618,SNPP,SNPP,n,2,294.52,2.27,D,0
21.89272,105.59525,331.84,0.42,0.38,2022-02-25,0618,SNPP,SNPP,n,2,295.51,5.36,D,0
20.81783,106.78129,325.95,0.46,0.39,2022-02-25,0618,SNPP,SNPP,l,2,296.25,2.84,D,0
21.01788,106.52883,334.81,0.45,0.39,2022-02-25,0618,SNPP,SNPP,n,2,303.91,4.72,D,2
21.07256,106.74508,331.32,0.46,0.39,2022-02-25,0618,SNPP,SNPP,n,2,296.8,3.47,D,0
21.07672,106.74858,328.98,0.46,0.39,2022-02-25,0618,SNPP,SNPP,n,2,296.42,3.47,D,0
21.08033,106.74794,342.67,0.46,0.39,2022-02-25,0618,SNPP,SNPP,n,2,296.07,6.06,D,0
21.09366,106.76449,331.05,0.46,0.39,2022-02-25,0618,SNPP,SNPP,n,2,296.16,4.72,D,0
21.09306,106.76004,330.44,0.46,0.39,2022-02-25,0618,SNPP,SNPP,n,2,293.92,4.72,D,0
21.0932,106.76097,341.41,0.46,0.39,2022-02-25,0618,SNPP,SNPP,n,2,297.37,9.39,D,0
21.10828,106.76317,327.65,0.46,0.39,2022-02-25,0618,SNPP,SNPP,n,2,292.71,2.22,D,0
21.13379,106.84528,329.75,0.47,0.4,2022-02-25,0618,SNPP,SNPP,n,2,293.37,6.23,D,0
21.13323,106.84096,330.65,0.47,0.4,2022-02-25,0618,SNPP,SNPP,n,2,297.51,6.88,D,0
21.23862,106.8232,329.89,0.47,0.4,2022-02-25,0618,SNPP,SNPP,n,2,291.99,4.63,D,0
21.238,106.81846,328.31,0.47,0.4,2022-02-25,0618,SNPP,SNPP,n,2,292.87,3.64,D,0
21.21266,106.56852,330.49,0.46,0.39,2022-02-25,0618,SNPP,SNPP,n,2,295.18,2.9,D,0
21.36088,106.71049,354.8,0.46,0.39,2022-02-25,0618,SNPP,SNPP,n,2,300.27,15.01,D,0
21.4911,106.62827,325.92,0.46,0.39,2022-02-25,0618,SNPP,SNPP,n,2,296.06,1.99,D,0
21.48573,106.58814,345.07,0.46,0.39,2022-02-25,0618,SNPP,SNPP,n,2,296.57,6.44,D,0
21.46501,106.43396,325.11,0.45,0.39,2022-02-25,0618,SNPP,SNPP,n,2,292.23,1.04,D,0
21.49534,106.63231,331.44,0.46,0.39,2022-02-25,0618,SNPP,SNPP,n,2,296.04,2.36,D,0
21.51938,106.78458,326.6,0.47,0.4,2022-02-25,0618,SNPP,SNPP,l,2,297.39,2.02,D,0
21.48643,106.28088,330.34,0.45,0.39,2022-02-25,0618,SNPP,SNPP,n,2,292.58,2.97,D,0
21.41717,106.74357,332.19,0.47,0.39,2022-02-25,0618,SNPP,SNPP,n,2,298.52,2.86,D,0
21.41699,106.74035,332.09,0.47,0.39,2022-02-25,0618,SNPP,SNPP,n,2,298.72,2.82,D,0
21.3983,106.3996,331.93,0.45,0.39,2022-02-25,0618,SNPP,SNPP,n,2,297.08,5.5,D,0
21.40185,106.39886,340.58,0.45,0.39,2022-02-25,0618,SNPP,SNPP,n,2,295.88,5.5,D,0
21.61516,106.69687,331.63,0.47,0.39,2022-02-25,0618,SNPP,SNPP,n,2,296.98,4.52,D,0
21.55714,106.26602,325.46,0.45,0.39,2022-02-25,0618,SNPP,SNPP,l,2,297,3.32,D,0
21.57722,106.30661,333.58,0.45,0.39,2022-02-25,0618,SNPP,SNPP,n,2,297.34,4.08,D,0
21.51947,105.74895,332.26,0.43,0.38,2022-02-25,0618,SNPP,SNPP,n,2,299.14,5.52,D,0
21.65932,106.55103,331.83,0.46,0.39,2022-02-25,0618,SNPP,SNPP,n,2,294.84,3.03,D,0
21.65215,106.0912,349.84,0.44,0.38,2022-02-25,0618,SNPP,SNPP,n,2,298.04,8.46,D,0
21.65146,106.09196,345.16,0.44,0.38,2022-02-25,0618,SNPP,SNPP,n,2,297.1,8.93,D,0
21.5944,105.5869,330.49,0.42,0.38,2022-02-25,0618,SNPP,SNPP,n,2,293.46,3.21,D,0
21.71204,106.27561,330.99,0.45,0.39,2022-02-25,0618,SNPP,SNPP,n,2,297.01,3.54,D,0
21.70008,106.15845,331.58,0.44,0.39,2022-02-25,0618,SNPP,SNPP,n,2,292.2,3.4,D,0
21.67673,105.98432,337.76,0.44,0.38,2022-02-25,0618,SNPP,SNPP,n,2,297.18,3.3,D,0
21.68307,106.00471,334.09,0.44,0.38,2022-02-25,0618,SNPP,SNPP,n,2,292.96,3.95,D,0
21.68025,105.98376,338.35,0.44,0.38,2022-02-25,0618,SNPP,SNPP,n,2,292.27,3.56,D,0
21.64299,105.70907,331.1,0.43,0.38,2022-02-25,0618,SNPP,SNPP,n,2,296.89,3.84,D,0
21.71116,106.18718,325.86,0.44,0.39,2022-02-25,0618,SNPP,SNPP,n,2,293.53,1.99,D,0
21.70775,106.16167,345.42,0.44,0.39,2022-02-25,0618,SNPP,SNPP,n,2,298.87,18.68,D,0
21.68491,105.99164,337.44,0.44,0.38,2022-02-25,0618,SNPP,SNPP,n,2,294.92,9.42,D,0
21.71471,106.18655,334.11,0.44,0.39,2022-02-25,0618,SNPP,SNPP,n,2,295.24,3.95,D,0
21.21412,105.93803,321.01,0.45,0.39,2022-02-25,1847,SNPP,SNPP,n,2,285.05,1.18,N,0
21.01823,106.53074,297.53,0.48,0.4,2022-02-25,1847,SNPP,SNPP,n,2,276.86,0.72,N,2
20.10878,105.24982,339.8,0.58,0.7,2022-02-28,0702,SNPP,SNPP,n,2,288.93,5.35,D,0
20.15619,105.04093,338.96,0.57,0.69,2022-02-28,0702,SNPP,SNPP,n,2,290.25,9.34,D,0
20.15561,105.03436,351.9,0.57,0.69,2022-02-28,0702,SNPP,SNPP,n,2,290.06,9.34,D,0
20.1565,105.03436,367,0.57,0.69,2022-02-28,0702,SNPP,SNPP,h,2,290.78,11.92,D,0
20.15704,105.04092,329.75,0.57,0.69,2022-02-28,0702,SNPP,SNPP,n,2,289.94,13.3,D,0
20.51817,105.52979,336.1,0.61,0.71,2022-02-28,0702,SNPP,SNPP,n,2,288.94,5.92,D,0
20.515,105.53199,336.71,0.61,0.71,2022-02-28,0702,SNPP,SNPP,n,2,288.85,4.1,D,0
20.52171,105.5321,327.33,0.61,0.71,2022-02-28,0702,SNPP,SNPP,n,2,288.11,3.74,D,0
20.58631,105.58401,332.13,0.62,0.71,2022-02-28,0702,SNPP,SNPP,n,2,289.04,6.98,D,0
20.58292,105.579,332.52,0.62,0.71,2022-02-28,0702,SNPP,SNPP,n,2,289.34,8.68,D,0
21.03885,106.5882,301.1,0.39,0.44,2022-03-02,1853,SNPP,SNPP,n,2,288.47,0.78,N,2
21.02068,106.53007,312.74,0.39,0.44,2022-03-02,1853,SNPP,SNPP,n,2,289.61,1.09,N,2
21.01669,106.52921,299.77,0.39,0.44,2022-03-02,1853,SNPP,SNPP,n,2,288.96,1.09,N,2
21.01458,106.54034,307.64,0.39,0.44,2022-03-02,1853,SNPP,SNPP,n,2,288.56,1.4,N,2
21.01059,106.53948,300.83,0.39,0.44,2022-03-02,1853,SNPP,SNPP,n,2,288.31,0.66,N,2
20.53279,105.86488,298.85,0.54,0.42,2022-03-02,1853,SNPP,SNPP,n,2,288.48,0.68,N,0
20.40553,105.90088,304.46,0.55,0.43,2022-03-02,1853,SNPP,SNPP,n,2,289.61,1.21,N,2
20.40166,105.9,305.6,0.55,0.43,2022-03-02,1853,SNPP,SNPP,n,2,289.23,1.37,N,2
20.34228,105.91493,300.31,0.55,0.43,2022-03-02,1853,SNPP,SNPP,n,2,288.85,0.98,N,2
20.12915,105.86719,301.05,0.55,0.43,2022-03-02,1853,SNPP,SNPP,n,2,288.77,1.2,N,2
21.11471,106.78408,334.64,0.38,0.36,2022-03-03,0605,SNPP,SNPP,n,2,296.47,3.5,D,0
21.22425,106.6787,331,0.38,0.36,2022-03-03,0605,SNPP,SNPP,n,2,295.69,3.17,D,0
21.10013,105.05078,333.34,0.4,0.37,2022-03-03,0605,SNPP,SNPP,n,2,292.92,4.16,D,0
21.54985,106.68624,335.45,0.38,0.36,2022-03-03,0605,SNPP,SNPP,n,2,293.73,3.16,D,0
21.66001,106.83418,330.25,0.39,0.36,2022-03-03,0605,SNPP,SNPP,n,2,297.09,2.3,D,0
21.01553,106.54199,304.22,0.39,0.36,2022-03-03,1834,SNPP,SNPP,n,2,289.56,1.53,N,3
20.9636,106.75761,302.42,0.39,0.36,2022-03-03,1834,SNPP,SNPP,n,2,290.44,0.34,N,0
21.19774,106.12123,297.55,0.45,0.47,2022-03-07,1859,SNPP,SNPP,n,2,287.17,0.3,N,0
21.03822,106.58896,299.41,0.49,0.48,2022-03-07,1859,SNPP,SNPP,n,2,288.32,0.76,N,2
21.01738,106.53101,304.64,0.48,0.48,2022-03-07,1859,SNPP,SNPP,n,2,290.78,1.51,N,2
20.89771,106.07815,297.62,0.46,0.47,2022-03-07,1859,SNPP,SNPP,n,2,287.33,0.29,N,0
20.4041,105.90225,332.28,0.39,0.36,2022-03-08,0611,SNPP,SNPP,n,2,300.7,4.24,D,2
21.0181,106.53189,345.09,0.4,0.37,2022-03-08,0611,SNPP,SNPP,n,2,307.79,3.42,D,2
21.01755,106.52804,334.85,0.4,0.37,2022-03-08,0611,SNPP,SNPP,n,2,305.02,3.42,D,2
20.99798,105.08197,341.89,0.38,0.36,2022-03-08,0611,SNPP,SNPP,n,2,300.65,5.79,D,0
21.57,106.71424,344.13,0.41,0.37,2022-03-08,0612,SNPP,SNPP,n,2,298.96,7.73,D,0
21.57795,106.5974,328.22,0.41,0.37,2022-03-08,0612,SNPP,SNPP,n,2,297.36,1.52,D,0
21.82543,106.74747,327.56,0.41,0.37,2022-03-08,0612,SNPP,SNPP,l,2,299.13,3.24,D,0
21.832,106.4487,333.51,0.4,0.37,2022-03-08,0612,SNPP,SNPP,n,2,297.66,2.67,D,0
21.69939,105.89975,298.05,0.4,0.37,2022-03-08,1840,SNPP,SNPP,n,2,287.39,0.53,N,0
21.56284,106.52531,304.52,0.41,0.37,2022-03-08,1840,SNPP,SNPP,n,2,285.33,0.89,N,0
21.55445,105.86963,299.08,0.4,0.37,2022-03-08,1840,SNPP,SNPP,n,2,286.66,0.66,N,0
21.48496,105.15691,299.09,0.39,0.36,2022-03-08,1841,SNPP,SNPP,n,2,287.52,0.21,N,0
21.19658,106.12053,299.74,0.4,0.37,2022-03-08,1841,SNPP,SNPP,n,2,287.21,0.48,N,0
21.04006,106.59035,301.32,0.42,0.38,2022-03-08,1841,SNPP,SNPP,n,2,289.45,0.61,N,2
21.02217,106.52929,303.29,0.42,0.37,2022-03-08,1841,SNPP,SNPP,n,2,287.16,0.7,N,0
21.01806,106.53262,326.17,0.42,0.37,2022-03-08,1841,SNPP,SNPP,n,2,290.38,1.98,N,2
21.01874,106.52863,307.94,0.42,0.37,2022-03-08,1841,SNPP,SNPP,n,2,290.05,1.98,N,2
21.01327,106.53991,308.6,0.42,0.37,2022-03-08,1841,SNPP,SNPP,n,2,290.11,1.7,N,2
20.92557,106.72709,300.97,0.42,0.38,2022-03-08,1841,SNPP,SNPP,n,2,287.12,0.3,N,0
20.89117,106.59578,334.91,0.42,0.38,2022-03-08,1841,SNPP,SNPP,n,2,289.06,2.71,N,0
20.88774,106.59512,304.23,0.42,0.38,2022-03-08,1841,SNPP,SNPP,n,2,286.97,2.71,N,0
20.88919,106.59606,329.04,0.42,0.38,2022-03-08,1841,SNPP,SNPP,n,2,289.51,4.77,N,0
20.98269,105.80505,304.03,0.4,0.37,2022-03-08,1841,SNPP,SNPP,n,2,287.18,0.6,N,0
20.53133,105.86506,304.42,0.4,0.37,2022-03-08,1841,SNPP,SNPP,n,2,288.3,0.56,N,2
20.45363,105.88695,298.81,0.4,0.37,2022-03-08,1841,SNPP,SNPP,n,2,288.45,0.47,N,2
20.40588,105.90178,302.81,0.4,0.37,2022-03-08,1841,SNPP,SNPP,n,2,288.99,0.92,N,2
20.4025,105.90113,311.75,0.4,0.37,2022-03-08,1841,SNPP,SNPP,n,2,288.75,0.92,N,2
20.39912,105.90049,302.58,0.4,0.37,2022-03-08,1841,SNPP,SNPP,n,2,288.09,0.94,N,0
20.34813,105.9119,308.64,0.4,0.37,2022-03-08,1841,SNPP,SNPP,n,2,289.19,0.81,N,2
20.34073,105.91448,308.64,0.4,0.37,2022-03-08,1841,SNPP,SNPP,n,2,288.55,0.46,N,0
20.13124,105.86897,298.8,0.4,0.37,2022-03-08,1841,SNPP,SNPP,n,2,287.97,0.36,N,2
20.12786,105.86832,301.14,0.4,0.37,2022-03-08,1841,SNPP,SNPP,n,2,287.41,0.58,N,2
20.64161,104.93745,327.21,0.55,0.43,2022-03-09,0553,SNPP,SNPP,n,2,296.23,3.54,D,0
20.75935,104.94167,330.75,0.55,0.43,2022-03-09,0553,SNPP,SNPP,n,2,293.48,2.56,D,0
20.76013,104.9449,332.73,0.55,0.43,2022-03-09,0553,SNPP,SNPP,n,2,293.35,5.17,D,0
20.80618,104.95446,337.47,0.55,0.42,2022-03-09,0553,SNPP,SNPP,n,2,294.42,9.18,D,0
20.81006,104.9537,333.97,0.55,0.42,2022-03-09,0553,SNPP,SNPP,n,2,294.81,10.52,D,0
20.84285,104.97948,332.72,0.54,0.42,2022-03-09,0553,SNPP,SNPP,n,2,294.42,6.27,D,0
20.84192,104.97427,331.13,0.54,0.42,2022-03-09,0553,SNPP,SNPP,n,2,294.9,6.27,D,0
20.84583,104.97369,346.66,0.54,0.42,2022-03-09,0553,SNPP,SNPP,n,2,295.02,14.05,D,0
20.88995,105.08239,332.26,0.54,0.42,2022-03-09,0553,SNPP,SNPP,n,2,290.85,3.73,D,0
21.02958,104.92081,335.75,0.54,0.42,2022-03-09,0553,SNPP,SNPP,n,2,292.93,11.15,D,0
21.02865,104.91566,333.34,0.55,0.42,2022-03-09,0553,SNPP,SNPP,n,2,299.51,16.27,D,0
21.03352,104.92036,332.79,0.54,0.42,2022-03-09,0553,SNPP,SNPP,n,2,293.22,11.15,D,0
21.03251,104.91476,333.82,0.55,0.42,2022-03-09,0553,SNPP,SNPP,n,2,292.64,16.27,D,0
21.90734,105.87444,331.15,0.47,0.4,2022-03-09,0553,SNPP,SNPP,n,2,295.21,3.11,D,0
21.27554,105.63566,305.38,0.52,0.41,2022-03-18,1853,SNPP,SNPP,n,2,292.38,1.12,N,0
21.03958,106.58862,305.83,0.39,0.44,2022-03-18,1853,SNPP,SNPP,n,2,292.52,0.82,N,2
21.03918,106.58955,304.67,0.39,0.44,2022-03-18,1853,SNPP,SNPP,n,2,292.57,0.64,N,2
21.01485,106.5416,302.49,0.39,0.44,2022-03-18,1853,SNPP,SNPP,n,2,291.77,0.95,N,2
20.63619,104.8796,331.86,0.41,0.37,2022-03-19,0605,SNPP,SNPP,n,2,298.85,2.2,D,0
20.61907,104.89688,329.78,0.46,0.47,2022-03-20,0546,SNPP,SNPP,n,2,295.69,4.2,D,0
20.90676,105.14986,345.01,0.44,0.46,2022-03-20,0546,SNPP,SNPP,n,2,296.42,4.75,D,0
20.90608,105.1463,339.12,0.44,0.46,2022-03-20,0546,SNPP,SNPP,n,2,295.45,4.75,D,0
21.02781,104.91886,343.67,0.45,0.47,2022-03-20,0546,SNPP,SNPP,n,2,297.34,8.2,D,0
21.0434,104.93081,341.95,0.45,0.47,2022-03-20,0546,SNPP,SNPP,n,2,297.37,12.98,D,0
21.0425,104.92612,337.23,0.45,0.47,2022-03-20,0546,SNPP,SNPP,n,2,296.11,12.98,D,0
21.04064,104.91642,342.33,0.45,0.47,2022-03-20,0546,SNPP,SNPP,n,2,297.82,60.39,D,0
21.04498,104.91593,367,0.45,0.47,2022-03-20,0546,SNPP,SNPP,h,2,298.05,60.39,D,0
21.04414,104.91154,346.95,0.45,0.47,2022-03-20,0546,SNPP,SNPP,n,2,299.2,145.27,D,0
21.04949,104.91636,341.98,0.45,0.47,2022-03-20,0546,SNPP,SNPP,n,2,296.67,8.54,D,0
21.6278,105.42432,334.04,0.41,0.45,2022-03-20,0547,SNPP,SNPP,n,2,293.47,2.35,D,0
21.2754,105.63176,319.61,0.57,0.43,2022-03-20,1815,SNPP,SNPP,n,2,291.09,2.81,N,0
21.27473,105.6373,314.47,0.57,0.43,2022-03-20,1815,SNPP,SNPP,n,2,290.86,2.81,N,0
21.27769,105.63686,329.18,0.57,0.43,2022-03-20,1815,SNPP,SNPP,n,2,291.13,1.87,N,0
21.2737,105.63628,304.03,0.57,0.43,2022-03-20,1815,SNPP,SNPP,n,2,290.78,1.87,N,0
20.94922,105.10032,340.51,0.43,0.62,2022-03-21,0528,SNPP,SNPP,n,2,291.01,5.63,D,0
20.89261,105.17932,329.02,0.74,0.76,2022-03-21,0708,SNPP,SNPP,n,2,287.8,7.34,D,0
21.0164,106.53007,300.64,0.33,0.55,2022-03-21,1757,SNPP,SNPP,n,2,278.81,0.91,N,2
20.20308,105.93616,306.58,0.35,0.57,2022-03-21,1757,SNPP,SNPP,n,2,287.73,1.36,N,0
20.48181,105.64139,367,0.39,0.59,2022-03-22,0649,SNPP,SNPP,h,2,290.51,18.78,D,0
20.48132,105.64109,367,0.39,0.59,2022-03-22,0649,SNPP,SNPP,h,2,290.55,11.33,D,0
20.48723,105.64457,333.98,0.39,0.59,2022-03-22,0649,SNPP,SNPP,n,2,288.73,18.78,D,0
20.48684,105.64043,331.04,0.39,0.59,2022-03-22,0649,SNPP,SNPP,n,2,288.69,11.33,D,0
20.49965,105.59894,348.15,0.39,0.59,2022-03-22,0649,SNPP,SNPP,n,2,288.56,4.93,D,0
20.40186,105.90145,300.85,0.45,0.63,2022-03-22,1918,SNPP,SNPP,n,2,276.67,0.85,N,2
20.40598,105.90142,311.46,0.45,0.39,2022-03-25,1822,SNPP,SNPP,n,2,295.69,1.66,N,2
20.4024,105.90088,314.67,0.45,0.39,2022-03-25,1822,SNPP,SNPP,n,2,295.37,1.44,N,2
20.39882,105.90033,313.74,0.45,0.39,2022-03-25,1822,SNPP,SNPP,n,2,294.92,1.44,N,0
20.34802,105.912,310.16,0.45,0.39,2022-03-25,1822,SNPP,SNPP,n,2,295.35,1.16,N,2
20.34088,105.91087,307.14,0.45,0.39,2022-03-25,1822,SNPP,SNPP,n,2,294.91,0.83,N,2
20.1849,105.42139,334.19,0.34,0.56,2022-03-26,0534,SNPP,SNPP,n,2,299.91,3.22,D,0
20.11386,104.98611,338.38,0.36,0.58,2022-03-26,0534,SNPP,SNPP,n,2,297.81,3.55,D,0
20.28326,105.48233,356.42,0.34,0.56,2022-03-26,0534,SNPP,SNPP,n,2,299.13,5.84,D,0
20.80956,104.9537,350.64,0.36,0.57,2022-03-26,0534,SNPP,SNPP,n,2,303.59,4.36,D,0
21.16574,105.91568,307.05,0.57,0.52,2022-03-26,1803,SNPP,SNPP,n,2,292.92,0.68,N,0
21.02013,106.53,309.87,0.52,0.5,2022-03-26,1803,SNPP,SNPP,n,2,293.33,1.31,N,2
21.01437,106.53948,313.96,0.52,0.5,2022-03-26,1803,SNPP,SNPP,n,2,293.68,2.07,N,2
20.40305,105.89919,313.65,0.56,0.51,2022-03-26,1803,SNPP,SNPP,n,2,294.99,3.12,N,2
20.34823,105.9113,305.83,0.56,0.51,2022-03-26,1803,SNPP,SNPP,n,2,295.2,1.27,N,2
21.5556,105.86971,295.31,0.34,0.56,2022-04-02,1912,SNPP,SNPP,n,2,283.38,0.31,N,2
20.78374,105.63546,295.59,0.34,0.56,2022-04-02,1912,SNPP,SNPP,n,2,282.76,0.26,N,0
20.4228,105.90041,295.98,0.36,0.57,2022-04-02,1912,SNPP,SNPP,n,2,283.94,0.54,N,0
20.40639,105.90015,297.21,0.36,0.57,2022-04-02,1912,SNPP,SNPP,n,2,284.68,1.15,N,2
20.40043,105.90229,309,0.36,0.57,2022-04-02,1912,SNPP,SNPP,n,2,284.21,1.19,N,2
20.40097,105.90276,308.22,0.36,0.57,2022-04-02,1912,SNPP,SNPP,n,2,284.33,1.24,N,2
20.34361,105.91417,298.47,0.36,0.57,2022-04-02,1912,SNPP,SNPP,n,2,283.34,0.83,N,2
21.25307,106.74328,335.73,0.56,0.43,2022-04-03,0624,SNPP,SNPP,n,2,301.68,3.46,D,0
21.35897,105.65385,333.65,0.49,0.4,2022-04-03,0624,SNPP,SNPP,n,2,300.01,8.12,D,0
21.50418,106.51801,329.2,0.55,0.43,2022-04-03,0624,SNPP,SNPP,n,2,299.18,2.39,D,0
21.44912,105.81931,331.73,0.5,0.41,2022-04-03,0624,SNPP,SNPP,n,2,297.97,3.11,D,0
21.52458,106.23655,335.54,0.53,0.42,2022-04-03,0624,SNPP,SNPP,n,2,300.92,5.01,D,0
21.7575,106.69659,332.96,0.57,0.43,2022-04-03,0624,SNPP,SNPP,n,2,298.84,3.96,D,0
21.75503,106.69549,328.52,0.57,0.43,2022-04-03,0624,SNPP,SNPP,n,2,298.28,3.78,D,0
21.56212,105.0493,328.47,0.46,0.39,2022-04-03,0624,SNPP,SNPP,n,2,296.56,2.8,D,0
21.68486,105.68036,330.19,0.5,0.41,2022-04-03,0624,SNPP,SNPP,n,2,301.03,3.13,D,0
21.7896,105.99441,331.66,0.52,0.41,2022-04-03,0624,SNPP,SNPP,n,2,299.76,2.72,D,0
21.83744,105.82015,331.77,0.51,0.41,2022-04-03,0624,SNPP,SNPP,n,2,299.34,5.95,D,0
21.83297,105.57458,329.51,0.49,0.41,2022-04-03,0624,SNPP,SNPP,l,2,300.79,3.36,D,0
21.84683,105.26883,332.24,0.48,0.4,2022-04-03,0624,SNPP,SNPP,n,2,296.14,3.96,D,0
21.92133,105.43478,330.21,0.49,0.4,2022-04-03,0624,SNPP,SNPP,n,2,299.68,3.22,D,0
21.91942,105.43694,334.09,0.49,0.4,2022-04-03,0624,SNPP,SNPP,n,2,301.37,4.21,D,0
21.53152,106.72633,297.32,0.39,0.44,2022-04-03,1853,SNPP,SNPP,n,2,283.76,0.21,N,0
20.13109,105.45177,337.32,0.4,0.37,2022-04-04,0605,SNPP,SNPP,n,2,296.6,4.86,D,0
20.23532,106.02335,330.29,0.39,0.36,2022-04-04,0605,SNPP,SNPP,n,2,299.96,3.12,D,0
20.23922,106.02646,330.52,0.39,0.36,2022-04-04,0605,SNPP,SNPP,l,2,301.04,2.94,D,0
20.24196,106.02219,330.61,0.39,0.36,2022-04-04,0605,SNPP,SNPP,l,2,303.18,2.32,D,0
20.11919,105.05508,326.28,0.4,0.37,2022-04-04,0605,SNPP,SNPP,n,2,293.46,1.3,D,0
20.33037,106.06785,332.92,0.39,0.36,2022-04-04,0605,SNPP,SNPP,n,2,296.13,1.29,D,0
20.46379,106.33583,333.53,0.38,0.36,2022-04-04,0605,SNPP,SNPP,n,2,302.73,2.77,D,0
20.40363,105.90299,332.8,0.39,0.36,2022-04-04,0605,SNPP,SNPP,l,2,305.11,5.26,D,0
20.35287,105.48221,338.05,0.39,0.37,2022-04-04,0605,SNPP,SNPP,n,2,296.55,4.51,D,0
20.36391,105.05481,348.18,0.4,0.37,2022-04-04,0605,SNPP,SNPP,n,2,295.98,7.44,D,0
20.50664,105.89203,337.35,0.39,0.36,2022-04-04,0605,SNPP,SNPP,n,2,300.27,5.24,D,0
20.51374,105.89818,334.11,0.39,0.36,2022-04-04,0605,SNPP,SNPP,n,2,300.47,4.49,D,0
20.51764,105.9013,341.01,0.39,0.36,2022-04-04,0605,SNPP,SNPP,n,2,301.42,4.81,D,0
20.51648,105.89389,344.49,0.39,0.36,2022-04-04,0605,SNPP,SNPP,n,2,302.63,4.49,D,0
21.03257,105.9203,331.84,0.39,0.36,2022-04-04,0605,SNPP,SNPP,l,2,302.03,3.49,D,0
20.91864,105.17439,336.9,0.4,0.37,2022-04-04,0605,SNPP,SNPP,n,2,296.94,5.25,D,0
20.94782,105.22767,330.35,0.4,0.37,2022-04-04,0605,SNPP,SNPP,l,2,294.37,2.84,D,0
20.94962,105.23104,329.72,0.4,0.37,2022-04-04,0605,SNPP,SNPP,n,2,293.9,2.97,D,0
20.94902,105.2273,327.83,0.4,0.37,2022-04-04,0605,SNPP,SNPP,l,2,293.09,1.8,D,0
21.07384,105.95071,333.44,0.39,0.36,2022-04-04,0605,SNPP,SNPP,l,2,303.52,2.37,D,0
21.09725,106.07959,329.44,0.39,0.36,2022-04-04,0605,SNPP,SNPP,l,2,301.64,2.02,D,0
21.09848,105.99962,367,0.39,0.36,2022-04-04,0605,SNPP,SNPP,h,2,306.34,11.68,D,0
21.09013,105.90214,330.26,0.39,0.36,2022-04-04,0605,SNPP,SNPP,l,2,300.82,3.67,D,0
20.9734,105.16425,330.61,0.4,0.37,2022-04-04,0605,SNPP,SNPP,l,2,294.44,9.44,D,0
21.04857,105.6151,329.05,0.39,0.36,2022-04-04,0605,SNPP,SNPP,l,2,302.14,2.48,D,0
21.05249,105.61824,328.74,0.39,0.36,2022-04-04,0605,SNPP,SNPP,l,2,303.01,2.04,D,0
21.0519,105.6145,331.33,0.39,0.36,2022-04-04,0605,SNPP,SNPP,l,2,302.17,2.04,D,0
21.05523,105.61391,330.36,0.39,0.36,2022-04-04,0605,SNPP,SNPP,l,2,303.14,2.04,D,0
21.19313,106.48326,331.82,0.38,0.36,2022-04-04,0605,SNPP,SNPP,n,2,296.03,7.39,D,0
21.19257,106.47958,344.68,0.38,0.36,2022-04-04,0605,SNPP,SNPP,n,2,299.4,7.39,D,0
21.1469,106.18088,332.54,0.38,0.36,2022-04-04,0605,SNPP,SNPP,n,2,301.28,2.3,D,0
21.21432,106.60066,328.96,0.38,0.36,2022-04-04,0605,SNPP,SNPP,n,2,296.74,4.44,D,0
21.15436,106.1189,333.88,0.39,0.36,2022-04-04,0605,SNPP,SNPP,l,2,307.61,5.47,D,0
21.07639,105.61782,328.83,0.39,0.36,2022-04-04,0605,SNPP,SNPP,l,2,301.18,2.51,D,0
20.91637,106.13468,330.11,0.39,0.36,2022-04-04,0605,SNPP,SNPP,l,2,304.82,2.26,D,0
20.92585,106.15197,343.23,0.39,0.36,2022-04-04,0605,SNPP,SNPP,n,2,299.92,3.88,D,0
21.18179,105.94673,332.52,0.39,0.36,2022-04-04,0605,SNPP,SNPP,n,2,301.81,3.46,D,0
21.03334,104.90529,327.44,0.4,0.37,2022-04-04,0605,SNPP,SNPP,n,2,296.03,3.43,D,0
21.33787,106.79138,342.98,0.38,0.36,2022-04-04,0605,SNPP,SNPP,n,2,298.24,9.53,D,0
21.24877,106.18182,367,0.38,0.36,2022-04-04,0605,SNPP,SNPP,h,2,307.03,13.17,D,0
21.2482,106.17814,348.11,0.38,0.36,2022-04-04,0605,SNPP,SNPP,n,2,304.09,6.17,D,0
21.10978,105.05666,332.66,0.4,0.37,2022-04-04,0605,SNPP,SNPP,n,2,298.23,2.31,D,0
21.17261,105.22596,332.67,0.4,0.37,2022-04-04,0605,SNPP,SNPP,n,2,298.66,4.34,D,0
21.17199,105.22214,329.84,0.4,0.37,2022-04-04,0605,SNPP,SNPP,n,2,296.22,4.34,D,0
21.25026,105.67139,334.52,0.39,0.36,2022-04-04,0605,SNPP,SNPP,n,2,300.16,6.11,D,0
21.42713,106.71186,330.95,0.38,0.36,2022-04-04,0605,SNPP,SNPP,n,2,298.12,2.18,D,0
21.26584,105.48792,328.82,0.39,0.36,2022-04-04,0605,SNPP,SNPP,l,2,302.79,2.19,D,0
21.33319,105.87451,336.99,0.39,0.36,2022-04-04,0605,SNPP,SNPP,n,2,303.8,3.31,D,0
21.30246,105.67741,329.79,0.39,0.36,2022-04-04,0605,SNPP,SNPP,l,2,303.78,1.86,D,0
21.3021,105.63146,328.91,0.39,0.36,2022-04-04,0605,SNPP,SNPP,l,2,302.95,3.54,D,0
21.34352,105.67776,330.61,0.39,0.36,2022-04-04,0605,SNPP,SNPP,l,2,305.01,4.66,D,0
21.27269,105.22699,337.07,0.39,0.37,2022-04-04,0605,SNPP,SNPP,n,2,301.33,7.7,D,0
21.27209,105.22322,330.28,0.39,0.37,2022-04-04,0605,SNPP,SNPP,n,2,295.7,3.82,D,0
21.45834,106.40301,332.4,0.38,0.36,2022-04-04,0605,SNPP,SNPP,n,2,296.93,2.6,D,0
21.34373,105.66217,337.81,0.39,0.36,2022-04-04,0605,SNPP,SNPP,n,2,296.07,2.8,D,0
21.35895,105.56347,335.2,0.39,0.36,2022-04-04,0605,SNPP,SNPP,n,2,298.4,2.6,D,0
21.33176,105.34832,332.54,0.39,0.36,2022-04-04,0605,SNPP,SNPP,l,2,304,4.5,D,0
21.33116,105.34455,328.89,0.39,0.36,2022-04-04,0605,SNPP,SNPP,l,2,299.78,1.96,D,0
21.3357,105.35148,330.69,0.39,0.36,2022-04-04,0605,SNPP,SNPP,l,2,305.32,5.67,D,0
21.55433,106.74665,332.37,0.38,0.36,2022-04-04,0605,SNPP,SNPP,n,2,297.6,4.03,D,0
21.55818,106.72696,335.56,0.38,0.36,2022-04-04,0605,SNPP,SNPP,n,2,296.62,3.29,D,0
21.28935,104.95384,333.55,0.4,0.37,2022-04-04,0605,SNPP,SNPP,n,2,296.02,3.97,D,0
21.43244,105.81473,334,0.39,0.36,2022-04-04,0605,SNPP,SNPP,n,2,300.89,2.37,D,0
21.52777,106.36821,338.41,0.38,0.36,2022-04-04,0605,SNPP,SNPP,n,2,299.59,6.79,D,0
21.46113,105.88977,335.25,0.39,0.36,2022-04-04,0605,SNPP,SNPP,l,2,309.49,2.96,D,0
21.46502,105.8929,331.05,0.39,0.36,2022-04-04,0605,SNPP,SNPP,l,2,305.68,4.13,D,0
21.46445,105.88919,334.89,0.39,0.36,2022-04-04,0605,SNPP,SNPP,l,2,306.53,2.96,D,0
21.47165,105.89173,329.63,0.39,0.36,2022-04-04,0605,SNPP,SNPP,l,2,303.88,3.79,D,0
21.60476,106.56675,331.24,0.38,0.36,2022-04-04,0605,SNPP,SNPP,n,2,295.99,3.74,D,0
21.51161,105.71616,342.21,0.39,0.36,2022-04-04,0605,SNPP,SNPP,n,2,297.07,3.32,D,0
21.54581,105.69476,332.9,0.39,0.36,2022-04-04,0605,SNPP,SNPP,n,2,296.99,10.26,D,0
21.43001,104.89648,335.02,0.4,0.37,2022-04-04,0605,SNPP,SNPP,n,2,294.23,2.77,D,0
21.43336,104.89576,337.23,0.4,0.37,2022-04-04,0605,SNPP,SNPP,n,2,294.82,7.27,D,0
21.6299,106.04208,333.15,0.38,0.36,2022-04-04,0605,SNPP,SNPP,n,2,298.17,8.16,D,0
21.63937,106.05941,333.21,0.38,0.36,2022-04-04,0605,SNPP,SNPP,n,2,300.7,4.56,D,0
21.71639,106.2739,346.73,0.38,0.36,2022-04-04,0605,SNPP,SNPP,n,2,298.63,4.34,D,0
21.73132,106.2827,332.47,0.38,0.36,2022-04-04,0605,SNPP,SNPP,n,2,298.47,6.38,D,0
21.73462,106.28212,335.86,0.38,0.36,2022-04-04,0605,SNPP,SNPP,n,2,298.36,6.38,D,0
21.74019,106.29632,344.58,0.38,0.36,2022-04-04,0605,SNPP,SNPP,n,2,299.47,6.37,D,0
21.74794,106.30257,345.04,0.38,0.36,2022-04-04,0605,SNPP,SNPP,n,2,298.18,5.62,D,0
21.75624,106.31251,331.01,0.38,0.36,2022-04-04,0605,SNPP,SNPP,n,2,296.25,3.87,D,0
21.76286,106.31136,333.87,0.38,0.36,2022-04-04,0605,SNPP,SNPP,n,2,300.88,12.64,D,0
21.76617,106.31078,332.54,0.38,0.36,2022-04-04,0605,SNPP,SNPP,n,2,298.3,12.64,D,0
21.71914,105.91994,333.13,0.39,0.36,2022-04-04,0605,SNPP,SNPP,n,2,297.9,2.31,D,0
21.79306,106.00214,329.44,0.38,0.36,2022-04-04,0605,SNPP,SNPP,n,2,296.18,1.62,D,0
21.73894,105.65267,331.78,0.39,0.36,2022-04-04,0605,SNPP,SNPP,n,2,296.25,2.4,D,0
21.67164,105.22458,329.21,0.39,0.36,2022-04-04,0605,SNPP,SNPP,n,2,298.94,2.58,D,0
21.77796,105.77208,332.86,0.39,0.36,2022-04-04,0605,SNPP,SNPP,n,2,298.97,3.12,D,0
21.68525,105.09325,332.28,0.4,0.37,2022-04-04,0605,SNPP,SNPP,n,2,297.24,2.31,D,0
21.83455,105.96427,332.09,0.38,0.36,2022-04-04,0605,SNPP,SNPP,n,2,295.57,2.51,D,0
21.81498,105.83794,342.94,0.39,0.36,2022-04-04,0605,SNPP,SNPP,n,2,298.29,9.39,D,0
21.85097,106.04888,328.45,0.38,0.36,2022-04-04,0605,SNPP,SNPP,n,2,295.9,1.32,D,0
21.84643,106.01932,329.23,0.38,0.36,2022-04-04,0605,SNPP,SNPP,n,2,297.58,1.79,D,0
21.90828,106.15678,331.41,0.38,0.36,2022-04-04,0605,SNPP,SNPP,n,2,296.6,2.44,D,0
21.91981,106.14336,336.46,0.38,0.36,2022-04-04,0605,SNPP,SNPP,n,2,297.31,9.03,D,0
21.91203,106.00382,334.78,0.38,0.36,2022-04-04,0605,SNPP,SNPP,n,2,297.73,8.21,D,0
21.80697,105.32845,330.51,0.39,0.36,2022-04-04,0605,SNPP,SNPP,n,2,295.65,1.76,D,0
21.91534,106.00324,344.26,0.38,0.36,2022-04-04,0605,SNPP,SNPP,n,2,297.99,8.21,D,0
21.84564,105.48756,333.24,0.39,0.36,2022-04-04,0605,SNPP,SNPP,n,2,293.49,3.82,D,0
21.87484,105.60901,328.48,0.39,0.36,2022-04-04,0605,SNPP,SNPP,n,2,295.92,1.24,D,0
21.82019,105.25988,335.16,0.39,0.36,2022-04-04,0605,SNPP,SNPP,n,2,297.12,2.43,D,0
21.84377,105.3756,332.12,0.39,0.36,2022-04-04,0605,SNPP,SNPP,n,2,297.23,6.43,D,0
21.82005,105.20509,330.15,0.39,0.36,2022-04-04,0605,SNPP,SNPP,l,2,303.01,2.98,D,0
21.90065,105.45407,328.08,0.39,0.36,2022-04-04,0605,SNPP,SNPP,n,2,296.13,119.14,D,0
21.86274,105.08446,330.09,0.39,0.37,2022-04-04,0605,SNPP,SNPP,n,2,297.48,2.28,D,0
21.93276,105.5062,332.17,0.39,0.36,2022-04-04,0605,SNPP,SNPP,n,2,297.26,14.71,D,0
21.92159,105.43497,341.8,0.39,0.36,2022-04-04,0605,SNPP,SNPP,n,2,298.02,9.38,D,0
21.91482,105.3048,328.9,0.39,0.36,2022-04-04,0605,SNPP,SNPP,n,2,298.83,2.2,D,0
21.88648,105.06039,331.28,0.39,0.37,2022-04-04,0605,SNPP,SNPP,n,2,295.31,4.77,D,0
21.92899,105.09945,342.36,0.39,0.36,2022-04-04,0605,SNPP,SNPP,n,2,299.04,11.97,D,0
20.79249,106.7191,334.21,0.38,0.36,2022-04-04,0605,SNPP,SNPP,l,2,306.53,3.7,D,0
20.75567,105.38345,332.66,0.39,0.37,2022-04-04,0605,SNPP,SNPP,n,2,297.83,2.28,D,0
20.90099,105.85993,333.27,0.39,0.36,2022-04-04,0605,SNPP,SNPP,n,2,300.98,6.1,D,0
20.95245,106.17006,333.47,0.39,0.36,2022-04-04,0605,SNPP,SNPP,n,2,297.06,3.83,D,0
20.95188,106.16637,343.01,0.39,0.36,2022-04-04,0605,SNPP,SNPP,n,2,299.59,3.83,D,0
20.90489,105.86305,335,0.39,0.36,2022-04-04,0605,SNPP,SNPP,n,2,299.04,3.63,D,0
21.0176,106.52936,341.43,0.38,0.36,2022-04-04,0605,SNPP,SNPP,n,2,309.01,2.94,D,2
20.88584,105.54462,329.36,0.39,0.36,2022-04-04,0605,SNPP,SNPP,l,2,301.19,2.67,D,0
20.92796,105.70975,333.36,0.39,0.36,2022-04-04,0605,SNPP,SNPP,n,2,298.81,3.18,D,0
20.90769,105.55984,344.65,0.39,0.36,2022-04-04,0605,SNPP,SNPP,n,2,298.5,3.12,D,0
21.09647,106.67045,337.08,0.38,0.36,2022-04-04,0605,SNPP,SNPP,n,2,300.71,2.72,D,0
20.99144,105.98463,331.56,0.39,0.36,2022-04-04,0605,SNPP,SNPP,l,2,301.74,3.12,D,0
20.99087,105.98093,332.2,0.39,0.36,2022-04-04,0605,SNPP,SNPP,l,2,303.21,2.46,D,0
20.99029,105.97723,333.87,0.39,0.36,2022-04-04,0605,SNPP,SNPP,l,2,305.07,2.46,D,0
20.99361,105.97665,330.24,0.39,0.36,2022-04-04,0605,SNPP,SNPP,l,2,305.18,4.05,D,0
20.8271,104.90707,328.86,0.4,0.37,2022-04-04,0605,SNPP,SNPP,l,2,296.31,4.08,D,0
21.02651,105.92519,332.06,0.39,0.36,2022-04-04,0605,SNPP,SNPP,n,2,298.52,6.76,D,0
21.84089,105.20492,298.71,0.39,0.36,2022-04-04,1834,SNPP,SNPP,n,2,287.14,0.51,N,0
21.59328,106.62071,303.74,0.39,0.36,2022-04-04,1834,SNPP,SNPP,n,2,286.58,0.58,N,0
21.7001,105.88,299.39,0.38,0.36,2022-04-04,1834,SNPP,SNPP,n,2,287.59,0.46,N,0
21.56655,106.49421,300.31,0.39,0.36,2022-04-04,1834,SNPP,SNPP,n,2,287.43,0.59,N,0
21.60692,106.11026,297.41,0.38,0.36,2022-04-04,1834,SNPP,SNPP,n,2,286.81,0.49,N,0
21.46072,106.43359,302.43,0.38,0.36,2022-04-04,1834,SNPP,SNPP,n,2,286.04,0.46,N,0
21.42057,106.30106,298.26,0.38,0.36,2022-04-04,1834,SNPP,SNPP,n,2,285.68,0.48,N,0
21.37835,105.53236,300.08,0.39,0.36,2022-04-04,1834,SNPP,SNPP,n,2,286.57,0.21,N,0
21.27797,105.63634,320.07,0.39,0.36,2022-04-04,1834,SNPP,SNPP,n,2,287.48,1.08,N,0
21.27465,105.63575,308.38,0.39,0.36,2022-04-04,1834,SNPP,SNPP,n,2,288.75,0.92,N,0
21.1953,106.12149,297.81,0.38,0.36,2022-04-04,1834,SNPP,SNPP,n,2,286.79,0.25,N,0
21.21433,105.93567,302.21,0.38,0.36,2022-04-04,1834,SNPP,SNPP,n,2,287.23,0.48,N,0
21.21102,105.93508,300.42,0.38,0.36,2022-04-04,1834,SNPP,SNPP,n,2,286.97,0.48,N,0
21.01829,106.52989,304.93,0.39,0.36,2022-04-04,1834,SNPP,SNPP,n,2,291.58,1.65,N,2
21.0132,106.54037,313.73,0.39,0.36,2022-04-04,1834,SNPP,SNPP,n,2,290.07,1.94,N,2
20.99756,106.3401,345.03,0.39,0.36,2022-04-04,1834,SNPP,SNPP,n,2,293.15,5.93,N,0
20.99815,106.33641,299.06,0.39,0.36,2022-04-04,1834,SNPP,SNPP,n,2,287.29,5.93,N,0
20.99426,106.33949,297.36,0.39,0.36,2022-04-04,1834,SNPP,SNPP,n,2,286.46,0.66,N,0
20.92442,105.90453,304.61,0.38,0.36,2022-04-04,1834,SNPP,SNPP,n,2,287.97,0.86,N,0
20.75839,106.12029,312.02,0.38,0.36,2022-04-04,1834,SNPP,SNPP,n,2,287.77,1,N,0
20.53076,105.86604,307.34,0.38,0.36,2022-04-04,1834,SNPP,SNPP,n,2,288.86,0.64,N,2
20.40647,105.90094,315.75,0.38,0.36,2022-04-04,1834,SNPP,SNPP,n,2,290.19,1.55,N,2
20.40317,105.90035,314.4,0.38,0.36,2022-04-04,1834,SNPP,SNPP,n,2,289.32,1.55,N,2
20.39928,105.90343,309.31,0.38,0.36,2022-04-04,1834,SNPP,SNPP,n,2,288.84,1.01,N,0
20.34727,105.91364,307.07,0.38,0.36,2022-04-04,1834,SNPP,SNPP,n,2,288.37,0.75,N,2
20.34066,105.91246,305.56,0.38,0.36,2022-04-04,1834,SNPP,SNPP,n,2,288.01,0.78,N,2
20.12756,105.86761,303.31,0.38,0.36,2022-04-04,1835,SNPP,SNPP,n,2,286.75,0.68,N,2
21.1096,106.79804,332.43,0.52,0.42,2022-04-05,0546,SNPP,SNPP,n,2,297.48,3.33,D,0
21.11342,106.79737,327.57,0.52,0.42,2022-04-05,0546,SNPP,SNPP,n,2,295.69,3.33,D,0
21.37515,104.90694,332.73,0.44,0.46,2022-04-05,0546,SNPP,SNPP,n,2,292.41,2.43,D,0
21.61524,106.07368,334.2,0.56,0.43,2022-04-05,0546,SNPP,SNPP,n,2,297.77,8.84,D,0
21.61918,106.07292,334.04,0.56,0.43,2022-04-05,0546,SNPP,SNPP,n,2,293.65,8.84,D,0
21.6724,106.03847,329.48,0.56,0.43,2022-04-05,0546,SNPP,SNPP,n,2,294.8,4.06,D,0
21.73439,106.28618,335.34,0.55,0.42,2022-04-05,0546,SNPP,SNPP,n,2,295.15,6.65,D,0
21.71793,106.1525,331.74,0.56,0.43,2022-04-05,0546,SNPP,SNPP,n,2,293.19,3.32,D,0
21.69184,105.98875,331.51,0.57,0.43,2022-04-05,0546,SNPP,SNPP,n,2,295.41,2.9,D,0
21.75183,106.29354,341.79,0.55,0.42,2022-04-05,0546,SNPP,SNPP,n,2,298.33,42.04,D,0
21.72662,106.15563,341.86,0.56,0.43,2022-04-05,0546,SNPP,SNPP,n,2,297.08,27.21,D,0
21.77211,106.31668,343.85,0.54,0.42,2022-04-05,0546,SNPP,SNPP,n,2,295.58,12.82,D,0
21.7588,106.19885,330.86,0.55,0.43,2022-04-05,0546,SNPP,SNPP,n,2,294.79,6.59,D,0
21.75788,106.19379,328.64,0.55,0.43,2022-04-05,0546,SNPP,SNPP,n,2,295.32,5.37,D,0
21.79139,106.31236,338.1,0.54,0.42,2022-04-05,0546,SNPP,SNPP,n,2,297.4,8.62,D,0
21.42218,106.83546,342.76,0.52,0.41,2022-04-05,0546,SNPP,SNPP,n,2,297.13,6.83,D,0
21.42476,106.37802,333.22,0.55,0.42,2022-04-05,0546,SNPP,SNPP,n,2,294.28,4.11,D,0
21.22953,105.21731,340.26,0.43,0.46,2022-04-05,0546,SNPP,SNPP,n,2,294.49,6.17,D,0
21.21779,104.94675,336.19,0.44,0.46,2022-04-05,0546,SNPP,SNPP,n,2,294.42,2.96,D,0
21.22054,104.94657,341.51,0.44,0.46,2022-04-05,0546,SNPP,SNPP,n,2,294.7,5.11,D,0
21.51158,106.17044,333.34,0.56,0.43,2022-04-05,0546,SNPP,SNPP,n,2,295.95,3.2,D,0
21.5352,106.18851,331.88,0.56,0.43,2022-04-05,0546,SNPP,SNPP,n,2,294.35,5.77,D,0
20.14508,105.13742,339.59,0.45,0.47,2022-04-05,0546,SNPP,SNPP,n,2,290.89,4.28,D,0
21.15106,106.42476,330.05,0.55,0.43,2022-04-05,0546,SNPP,SNPP,n,2,294.22,5.87,D,0
21.15495,106.424,334.31,0.55,0.43,2022-04-05,0546,SNPP,SNPP,n,2,296.28,5.87,D,0
20.99449,105.07962,337.7,0.44,0.46,2022-04-05,0546,SNPP,SNPP,n,2,293.46,5.39,D,0
21.01997,105.14485,326.33,0.43,0.46,2022-04-05,0546,SNPP,SNPP,n,2,293.56,2.22,D,0
21.13835,106.83746,328.02,0.52,0.42,2022-04-05,0546,SNPP,SNPP,l,2,298.39,5.6,D,0
20.99118,105.97824,328.46,0.39,0.44,2022-04-05,0546,SNPP,SNPP,l,2,303.06,3.61,D,0
21.24446,106.14684,327.25,0.57,0.43,2022-04-05,0546,SNPP,SNPP,l,2,302.17,5.42,D,0
21.24739,106.14061,328.25,0.57,0.43,2022-04-05,0546,SNPP,SNPP,l,2,302.6,8.42,D,0
21.03247,104.94173,329.3,0.45,0.47,2022-04-05,0546,SNPP,SNPP,n,2,292.84,4.16,D,0
21.03067,104.93242,346.89,0.45,0.47,2022-04-05,0546,SNPP,SNPP,n,2,295.5,13.65,D,0
21.7188,105.81336,339.63,0.39,0.44,2022-04-05,0547,SNPP,SNPP,n,2,294.72,2.9,D,0
21.71792,105.47478,340.86,0.4,0.45,2022-04-05,0547,SNPP,SNPP,n,2,293.36,4.18,D,0
21.85097,106.03883,329.54,0.56,0.43,2022-04-05,0547,SNPP,SNPP,n,2,294.57,6.16,D,0
21.79199,105.69322,339.06,0.39,0.44,2022-04-05,0547,SNPP,SNPP,n,2,294.04,2.67,D,0
21.85402,106.04121,329.9,0.56,0.43,2022-04-05,0547,SNPP,SNPP,n,2,294.6,3.7,D,0
21.94042,106.17864,333.4,0.55,0.43,2022-04-05,0547,SNPP,SNPP,n,2,297.59,139.03,D,0
21.90476,105.98499,328.1,0.56,0.43,2022-04-05,0547,SNPP,SNPP,n,2,293.95,3.2,D,0
21.81987,105.52942,332.78,0.4,0.44,2022-04-05,0547,SNPP,SNPP,n,2,294.18,3.7,D,0
21.86768,105.67336,341.68,0.39,0.44,2022-04-05,0547,SNPP,SNPP,n,2,296.09,6.64,D,0
21.87613,105.6515,339.83,0.39,0.44,2022-04-05,0547,SNPP,SNPP,n,2,295.94,4.44,D,0
21.83627,105.36837,347.36,0.41,0.45,2022-04-05,0547,SNPP,SNPP,n,2,296.04,13.16,D,0
21.89046,105.56978,333.84,0.4,0.44,2022-04-05,0547,SNPP,SNPP,n,2,294.11,2.02,D,0
21.87407,105.46182,339.51,0.4,0.44,2022-04-05,0547,SNPP,SNPP,n,2,296.03,10.76,D,0
21.90118,105.55996,335.59,0.4,0.44,2022-04-05,0547,SNPP,SNPP,n,2,294.47,4.17,D,0
21.90049,105.55633,332.29,0.4,0.44,2022-04-05,0547,SNPP,SNPP,n,2,293.46,2.61,D,0
21.92689,105.56288,340.19,0.4,0.44,2022-04-05,0547,SNPP,SNPP,n,2,295.2,4.91,D,0
21.92421,105.54866,354.05,0.4,0.44,2022-04-05,0547,SNPP,SNPP,n,2,295.2,8.23,D,0
21.92819,105.54749,329.23,0.4,0.44,2022-04-05,0547,SNPP,SNPP,n,2,295.48,2.88,D,0
21.56589,106.49345,298.36,0.52,0.41,2022-04-05,1815,SNPP,SNPP,n,2,287.62,0.62,N,0
21.27826,105.63258,300.58,0.57,0.43,2022-04-05,1815,SNPP,SNPP,n,2,288.21,1.02,N,0
21.18147,105.99514,300.86,0.54,0.42,2022-04-05,1815,SNPP,SNPP,n,2,289.42,1.31,N,0
21.01857,106.53156,317.81,0.51,0.41,2022-04-05,1815,SNPP,SNPP,n,2,291.26,3.3,N,2
21.01413,106.53587,301.6,0.51,0.41,2022-04-05,1815,SNPP,SNPP,n,2,290.43,1.18,N,2
21.01348,106.54075,308.38,0.51,0.41,2022-04-05,1815,SNPP,SNPP,n,2,290.56,1.18,N,2
21.0097,106.54018,302.07,0.51,0.41,2022-04-05,1815,SNPP,SNPP,n,2,290.08,0.96,N,2
20.40621,105.90146,312.21,0.54,0.42,2022-04-05,1816,SNPP,SNPP,n,2,290.5,1.48,N,2
20.40232,105.90092,310.1,0.54,0.42,2022-04-05,1816,SNPP,SNPP,n,2,289.88,1.28,N,2
20.39842,105.90035,303.85,0.54,0.42,2022-04-05,1816,SNPP,SNPP,n,2,289.13,1.28,N,0
20.34901,105.91262,301.83,0.54,0.42,2022-04-05,1816,SNPP,SNPP,n,2,289.41,0.94,N,2
20.12832,105.86585,299.04,0.54,0.42,2022-04-05,1816,SNPP,SNPP,n,2,287.95,0.79,N,2
20.12181,105.07269,327.05,0.45,0.63,2022-04-06,0527,SNPP,SNPP,n,2,288.67,4.51,D,0
20.12072,105.0736,333.38,0.45,0.63,2022-04-06,0527,SNPP,SNPP,n,2,288.59,4.15,D,0
20.4026,105.9017,326.19,0.4,0.6,2022-04-06,0527,SNPP,SNPP,n,2,295.92,4.09,D,2
20.40253,105.90144,325.93,0.4,0.6,2022-04-06,0527,SNPP,SNPP,n,2,295.62,2.92,D,2
21.09401,106.62777,367,0.35,0.56,2022-04-06,0527,SNPP,SNPP,h,2,296.56,15.68,D,0
21.09337,106.62471,351.83,0.35,0.56,2022-04-06,0527,SNPP,SNPP,n,2,292.63,15.68,D,0
21.23256,106.77249,340.85,0.34,0.56,2022-04-06,0528,SNPP,SNPP,n,2,294.1,3.3,D,0
21.23774,106.77174,329,0.34,0.56,2022-04-06,0528,SNPP,SNPP,n,2,290.37,2.09,D,0
21.42466,106.83148,330.23,0.33,0.55,2022-04-06,0528,SNPP,SNPP,n,2,292.32,1.54,D,0
21.40208,106.3917,345.23,0.35,0.57,2022-04-06,0528,SNPP,SNPP,n,2,291.39,5.15,D,0
21.52307,106.70567,325.84,0.34,0.56,2022-04-06,0528,SNPP,SNPP,n,2,291.54,1.92,D,0
21.56914,106.71262,367,0.33,0.56,2022-04-06,0528,SNPP,SNPP,h,2,292.42,11.89,D,0
21.56851,106.7097,351.8,0.33,0.56,2022-04-06,0528,SNPP,SNPP,n,2,293.76,11.89,D,0
21.60987,106.62832,337.67,0.34,0.56,2022-04-06,0528,SNPP,SNPP,n,2,292.54,2.9,D,0
21.48686,105.89632,328.31,0.38,0.59,2022-04-06,0528,SNPP,SNPP,n,2,291.71,2.01,D,0
21.57827,106.17386,332.47,0.36,0.57,2022-04-06,0528,SNPP,SNPP,n,2,291.36,3.08,D,0
21.58083,105.61228,333.22,0.39,0.59,2022-04-06,0528,SNPP,SNPP,n,2,291.06,4,D,0
21.71556,106.15296,330.57,0.36,0.57,2022-04-06,0528,SNPP,SNPP,n,2,291.65,2.33,D,0
21.763,106.16916,330.12,0.36,0.57,2022-04-06,0528,SNPP,SNPP,n,2,289.65,3.89,D,0
21.77106,106.18129,367,0.36,0.57,2022-04-06,0528,SNPP,SNPP,h,2,298.15,45.53,D,0
21.77039,106.17815,344.8,0.36,0.57,2022-04-06,0528,SNPP,SNPP,n,2,292.53,25.84,D,0
21.76313,106.17152,346.07,0.36,0.57,2022-04-06,0528,SNPP,SNPP,n,2,290.34,5.98,D,0
21.77055,106.18026,367,0.36,0.57,2022-04-06,0528,SNPP,SNPP,h,2,301.87,52.02,D,0
21.76982,106.17694,346.66,0.36,0.57,2022-04-06,0528,SNPP,SNPP,n,2,290.71,19.95,D,0
21.80425,106.05688,331.8,0.36,0.58,2022-04-06,0528,SNPP,SNPP,n,2,291,3.18,D,0
21.79672,105.99647,336.6,0.37,0.58,2022-04-06,0528,SNPP,SNPP,n,2,291.07,3.07,D,0
21.83673,106.05371,329.35,0.36,0.58,2022-04-06,0528,SNPP,SNPP,n,2,290.62,2.62,D,0
21.85192,106.04727,328.42,0.36,0.58,2022-04-06,0528,SNPP,SNPP,n,2,291.71,2.63,D,0
21.91272,106.03047,367,0.36,0.58,2022-04-06,0528,SNPP,SNPP,h,2,293.02,13.57,D,0
21.94688,106.16344,367,0.36,0.57,2022-04-06,0528,SNPP,SNPP,h,2,293.43,26.83,D,0
21.9417,106.13936,367,0.36,0.57,2022-04-06,0528,SNPP,SNPP,h,2,294.72,14.19,D,0
21.91955,106.03651,348.76,0.36,0.58,2022-04-06,0528,SNPP,SNPP,n,2,290.37,6.24,D,0
21.91255,106.00411,334.8,0.36,0.58,2022-04-06,0528,SNPP,SNPP,n,2,291.21,2.52,D,0
21.93866,105.99691,339.04,0.36,0.58,2022-04-06,0528,SNPP,SNPP,n,2,290.84,5.55,D,0
21.93793,105.99348,329.39,0.37,0.58,2022-04-06,0528,SNPP,SNPP,n,2,290.19,3.45,D,0
21.94695,105.98392,346.87,0.37,0.58,2022-04-06,0528,SNPP,SNPP,n,2,290.47,3.86,D,0
21.93574,105.9315,337.91,0.37,0.58,2022-04-06,0528,SNPP,SNPP,n,2,291.29,4.11,D,0
21.9342,105.93262,335.05,0.37,0.58,2022-04-06,0528,SNPP,SNPP,n,2,291.6,3.53,D,0
21.92309,105.78138,337.23,0.38,0.58,2022-04-06,0528,SNPP,SNPP,n,2,290.35,5.04,D,0
21.92231,105.77784,338.56,0.38,0.58,2022-04-06,0528,SNPP,SNPP,n,2,291.05,7.13,D,0
21.93677,105.53462,343.96,0.39,0.59,2022-04-06,0528,SNPP,SNPP,n,2,285.95,5.38,D,0
21.8667,105.08201,355.05,0.42,0.61,2022-04-06,0528,SNPP,SNPP,n,2,290.03,7.3,D,0
21.86386,105.08294,352.77,0.42,0.61,2022-04-06,0528,SNPP,SNPP,n,2,290.42,6.13,D,0
20.1477,105.06279,331.78,0.72,0.75,2022-04-06,0708,SNPP,SNPP,n,2,287.02,4.69,D,0
20.19008,105.42919,339.6,0.76,0.77,2022-04-06,0708,SNPP,SNPP,n,2,286.22,8.11,D,0
20.14511,105.06191,331.98,0.72,0.75,2022-04-06,0708,SNPP,SNPP,n,2,286.78,6.29,D,0
20.19242,105.42854,338.85,0.76,0.77,2022-04-06,0708,SNPP,SNPP,n,2,286.3,8.65,D,0
20.52616,105.55322,333.43,0.78,0.78,2022-04-06,0708,SNPP,SNPP,n,2,285.67,6.33,D,0
20.73978,105.26073,330.32,0.75,0.77,2022-04-06,0708,SNPP,SNPP,n,2,286.65,10.31,D,0
20.73394,105.25581,328.46,0.75,0.77,2022-04-06,0708,SNPP,SNPP,n,2,286.43,7.3,D,0
20.89171,105.30513,330.53,0.76,0.77,2022-04-06,0708,SNPP,SNPP,n,2,286.65,5.79,D,0
20.89304,105.30142,345.69,0.76,0.77,2022-04-06,0708,SNPP,SNPP,n,2,287.34,10.02,D,0
20.93731,105.20755,328.84,0.75,0.77,2022-04-06,0708,SNPP,SNPP,n,2,285.14,4.52,D,0
20.98694,105.29588,338.32,0.76,0.77,2022-04-06,0708,SNPP,SNPP,n,2,285.63,5.48,D,0
20.97983,104.9995,332.36,0.72,0.76,2022-04-06,0708,SNPP,SNPP,n,2,286.2,7.74,D,0
20.98699,104.99976,332.44,0.72,0.76,2022-04-06,0708,SNPP,SNPP,n,2,285.72,7.74,D,0
20.98927,105.29482,338.7,0.76,0.77,2022-04-06,0708,SNPP,SNPP,n,2,286.04,7.81,D,0
20.98394,104.99866,350.72,0.72,0.76,2022-04-06,0708,SNPP,SNPP,n,2,286.59,9.33,D,0
21.34736,105.06744,330.31,0.74,0.76,2022-04-06,0708,SNPP,SNPP,n,2,287.13,5.03,D,0
21.35074,105.07209,327.63,0.74,0.76,2022-04-06,0708,SNPP,SNPP,n,2,287.27,8.68,D,0
21.68195,105.25661,345.99,0.76,0.77,2022-04-06,0708,SNPP,SNPP,n,2,286.04,17.76,D,0
21.68243,105.26385,356.83,0.76,0.77,2022-04-06,0708,SNPP,SNPP,l,2,286.46,28.42,D,0
21.09479,106.61313,332.65,0.68,0.74,2022-04-07,0509,SNPP,SNPP,n,2,293.24,3.5,D,0
21.51863,106.69655,345.91,0.66,0.73,2022-04-07,0509,SNPP,SNPP,n,2,292.01,7.04,D,0
21.47586,106.6014,333,0.67,0.74,2022-04-07,0509,SNPP,SNPP,n,2,291.68,4.94,D,0
21.60301,106.77057,331.21,0.65,0.73,2022-04-07,0509,SNPP,SNPP,n,2,288,4.93,D,0
21.62482,106.62705,326.28,0.66,0.73,2022-04-07,0509,SNPP,SNPP,n,2,292.55,5.09,D,0
21.62672,106.63158,338.45,0.66,0.73,2022-04-07,0509,SNPP,SNPP,n,2,293.19,7.64,D,0
21.78545,106.3427,333.08,0.69,0.74,2022-04-07,0509,SNPP,SNPP,n,2,290.72,4.55,D,0
21.83495,106.13325,326.03,0.71,0.75,2022-04-07,0509,SNPP,SNPP,n,2,290.43,6.42,D,0
21.83437,106.13198,336.8,0.7,0.75,2022-04-07,0509,SNPP,SNPP,n,2,290.5,7.37,D,0
21.8736,105.48985,326.8,0.77,0.77,2022-04-07,0509,SNPP,SNPP,n,2,287.56,2.92,D,0
20.43085,105.80978,340.31,0.4,0.6,2022-04-07,0649,SNPP,SNPP,n,2,293.03,4,D,0
20.55477,105.35921,340.51,0.37,0.58,2022-04-07,0649,SNPP,SNPP,n,2,292.94,3.29,D,0
20.64283,105.18487,338.78,0.37,0.58,2022-04-07,0649,SNPP,SNPP,n,2,293.94,2.8,D,0
20.65765,105.22432,331.49,0.37,0.58,2022-04-07,0649,SNPP,SNPP,n,2,294.16,1.57,D,0
20.66849,104.86285,334.87,0.35,0.57,2022-04-07,0649,SNPP,SNPP,n,2,289.85,5.78,D,0
20.92773,105.24895,338.67,0.37,0.58,2022-04-07,0649,SNPP,SNPP,n,2,294.72,3.52,D,0
20.92873,105.08992,347.42,0.36,0.58,2022-04-07,0649,SNPP,SNPP,n,2,292.81,4.12,D,0
21.11797,106.81232,332.55,0.47,0.64,2022-04-07,0649,SNPP,SNPP,n,2,291.42,2.02,D,0
21.16534,106.63914,337.22,0.46,0.64,2022-04-07,0649,SNPP,SNPP,n,2,296.88,3.44,D,0
21.2222,106.413,346.34,0.45,0.63,2022-04-07,0649,SNPP,SNPP,n,2,296.23,5.38,D,0
21.22148,106.41368,338.99,0.45,0.63,2022-04-07,0649,SNPP,SNPP,n,2,295.75,5.54,D,0
21.28989,106.65321,336.38,0.46,0.64,2022-04-07,0649,SNPP,SNPP,n,2,293,3.23,D,0
21.27409,104.993,367,0.36,0.58,2022-04-07,0649,SNPP,SNPP,h,2,298.77,32.66,D,0
21.27378,104.9899,348.56,0.36,0.58,2022-04-07,0649,SNPP,SNPP,n,2,303.06,17.05,D,0
21.27346,104.9866,333.1,0.36,0.57,2022-04-07,0649,SNPP,SNPP,n,2,295.38,17.05,D,0
21.28034,104.89375,338.29,0.36,0.57,2022-04-07,0649,SNPP,SNPP,n,2,294.99,4.55,D,0
21.28417,104.89207,345.72,0.36,0.57,2022-04-07,0649,SNPP,SNPP,n,2,295.13,4.96,D,0
21.47183,106.60253,336.43,0.46,0.64,2022-04-07,0649,SNPP,SNPP,n,2,297.3,3.11,D,0
21.47788,106.60325,339.96,0.46,0.64,2022-04-07,0649,SNPP,SNPP,n,2,296.98,5.22,D,0
21.51533,106.75834,367,0.47,0.64,2022-04-07,0649,SNPP,SNPP,h,2,292.79,18.64,D,0
21.49137,106.48433,352.72,0.45,0.63,2022-04-07,0649,SNPP,SNPP,n,2,297.52,6.78,D,0
21.53656,106.7249,341.86,0.47,0.64,2022-04-07,0649,SNPP,SNPP,n,2,294.66,7.12,D,0
21.57108,106.70623,352.33,0.47,0.64,2022-04-07,0649,SNPP,SNPP,n,2,297.15,9.72,D,0
21.57373,106.70949,330.1,0.47,0.64,2022-04-07,0649,SNPP,SNPP,n,2,296.15,4.3,D,0
21.57329,106.70425,346.11,0.47,0.64,2022-04-07,0649,SNPP,SNPP,n,2,296.3,4.3,D,0
21.5631,104.92078,336.34,0.36,0.57,2022-04-07,0649,SNPP,SNPP,n,2,295.87,5.23,D,0
21.69706,106.23177,332.87,0.44,0.62,2022-04-07,0649,SNPP,SNPP,n,2,295.68,1.79,D,0
21.70281,106.23046,367,0.44,0.62,2022-04-07,0649,SNPP,SNPP,h,2,299.36,24.73,D,0
21.62235,105.13739,367,0.37,0.58,2022-04-07,0649,SNPP,SNPP,h,2,298.43,38.62,D,0
21.73738,106.28737,356.48,0.44,0.63,2022-04-07,0649,SNPP,SNPP,n,2,301.56,6.82,D,0
21.72967,106.20364,340.18,0.44,0.62,2022-04-07,0649,SNPP,SNPP,n,2,297.42,4.07,D,0
21.62814,105.14054,330.52,0.37,0.58,2022-04-07,0649,SNPP,SNPP,n,2,296.07,35.34,D,0
21.62778,105.13689,353.42,0.37,0.58,2022-04-07,0649,SNPP,SNPP,n,2,304.66,38.62,D,0
21.71612,105.99567,342.67,0.42,0.61,2022-04-07,0649,SNPP,SNPP,n,2,296.23,3.25,D,0
21.62374,105.13964,367,0.37,0.58,2022-04-07,0649,SNPP,SNPP,h,2,297.91,40.01,D,0
21.62917,105.1391,341.74,0.37,0.58,2022-04-07,0649,SNPP,SNPP,n,2,295.93,9.1,D,0
21.62883,105.13545,351.98,0.37,0.58,2022-04-07,0649,SNPP,SNPP,n,2,296.73,8.08,D,0
21.7362,106.28748,344.99,0.44,0.63,2022-04-07,0649,SNPP,SNPP,n,2,301.88,5.55,D,0
21.72905,106.20348,343.78,0.44,0.62,2022-04-07,0649,SNPP,SNPP,n,2,297.63,4.01,D,0
21.7424,106.29114,330.19,0.44,0.63,2022-04-07,0649,SNPP,SNPP,l,2,302.15,3.94,D,0
21.7169,105.99509,333.85,0.43,0.62,2022-04-07,0649,SNPP,SNPP,n,2,295.75,2.8,D,0
21.78633,105.99522,330.89,0.43,0.62,2022-04-07,0649,SNPP,SNPP,n,2,293.16,4.9,D,0
21.78596,105.99114,332.4,0.43,0.62,2022-04-07,0649,SNPP,SNPP,n,2,294.06,3.81,D,0
21.71733,105.14374,333.79,0.37,0.58,2022-04-07,0649,SNPP,SNPP,n,2,294.58,4.27,D,0
21.78785,105.64402,333.24,0.4,0.6,2022-04-07,0649,SNPP,SNPP,n,2,295.45,3.37,D,0
21.78564,105.64413,334.72,0.4,0.6,2022-04-07,0649,SNPP,SNPP,n,2,295.02,2.97,D,0
21.79047,105.57133,329.72,0.4,0.6,2022-04-07,0649,SNPP,SNPP,n,2,291.9,1.79,D,0
21.81662,105.67357,331.27,0.41,0.6,2022-04-07,0649,SNPP,SNPP,n,2,296.39,2.06,D,0
21.92028,106.44839,367,0.46,0.63,2022-04-07,0649,SNPP,SNPP,h,2,299.55,14.46,D,0
21.92621,106.44808,367,0.46,0.63,2022-04-07,0649,SNPP,SNPP,h,2,295.63,14.46,D,0
21.94095,106.47996,333.49,0.46,0.63,2022-04-07,0649,SNPP,SNPP,n,2,296.38,5.78,D,0
21.87735,105.65508,332.03,0.41,0.6,2022-04-07,0649,SNPP,SNPP,n,2,292.5,1.83,D,0
21.9439,106.47935,335.98,0.46,0.64,2022-04-07,0649,SNPP,SNPP,n,2,296.44,5.31,D,0
21.87434,105.65434,336.99,0.41,0.6,2022-04-07,0649,SNPP,SNPP,n,2,291.57,2.18,D,0
21.94995,106.12921,336.8,0.44,0.62,2022-04-07,0649,SNPP,SNPP,n,2,286.14,13.04,D,0
21.93964,106.00986,335.62,0.43,0.62,2022-04-07,0649,SNPP,SNPP,n,2,292.94,2.66,D,0
21.94956,106.12461,356.31,0.44,0.62,2022-04-07,0649,SNPP,SNPP,l,2,286.37,36.17,D,0
20.14469,105.17471,367,0.36,0.57,2022-04-07,0649,SNPP,SNPP,h,2,291.64,8.52,D,0
20.14276,105.17706,337.79,0.36,0.57,2022-04-07,0649,SNPP,SNPP,n,2,290.28,4.54,D,0
20.1424,105.17336,345.31,0.36,0.57,2022-04-07,0649,SNPP,SNPP,n,2,290.88,4.54,D,0
20.43256,105.81072,340.51,0.4,0.6,2022-04-07,0649,SNPP,SNPP,n,2,293.52,5.53,D,0
21.52836,106.73025,316.4,0.65,0.73,2022-04-07,1738,SNPP,SNPP,n,2,289.04,2.66,N,0
21.52732,106.73167,317.03,0.65,0.73,2022-04-07,1738,SNPP,SNPP,n,2,288.64,2.49,N,0
21.04045,106.58909,299.71,0.66,0.73,2022-04-07,1738,SNPP,SNPP,n,2,283.11,0.93,N,2
20.52987,105.86417,300.29,0.72,0.76,2022-04-07,1738,SNPP,SNPP,n,2,288.73,1.44,N,2
20.40503,105.89907,308.3,0.72,0.75,2022-04-07,1738,SNPP,SNPP,n,2,289.28,1.93,N,2
21.16551,105.91759,300.05,0.44,0.62,2022-04-07,1918,SNPP,SNPP,n,2,288.94,0.43,N,0
21.02026,106.53108,305.59,0.48,0.65,2022-04-07,1918,SNPP,SNPP,n,2,292.22,1.77,N,2
21.01229,106.53874,300.39,0.48,0.65,2022-04-07,1918,SNPP,SNPP,n,2,290.33,1.6,N,2
20.40023,105.90117,303.79,0.45,0.63,2022-04-07,1918,SNPP,SNPP,n,2,290.18,0.91,N,2
20.34271,105.91414,303.62,0.45,0.63,2022-04-07,1918,SNPP,SNPP,n,2,289.54,0.52,N,2
20.14477,105.06219,335.47,0.54,0.42,2022-04-08,0630,SNPP,SNPP,n,2,303.35,27.07,D,0
20.82465,104.91012,334.73,0.54,0.42,2022-04-08,0630,SNPP,SNPP,n,2,304.38,4.56,D,0
21.01877,106.53099,333.34,0.45,0.47,2022-04-08,0630,SNPP,SNPP,n,2,308.25,6.29,D,2
20.87732,105.17374,333,0.56,0.43,2022-04-08,0630,SNPP,SNPP,n,2,300.04,8.08,D,0
20.93378,105.30536,332.93,0.57,0.43,2022-04-08,0630,SNPP,SNPP,n,2,300.78,8.85,D,0
21.01665,104.91797,334.63,0.54,0.42,2022-04-08,0630,SNPP,SNPP,n,2,299.37,6.87,D,0
21.22881,106.55168,333.25,0.45,0.47,2022-04-08,0630,SNPP,SNPP,n,2,295.09,3.02,D,0
21.10394,104.85097,334.88,0.54,0.42,2022-04-08,0630,SNPP,SNPP,n,2,300.96,3.64,D,0
21.16065,105.20798,339.72,0.56,0.43,2022-04-08,0630,SNPP,SNPP,n,2,300.16,4.88,D,0
21.39342,106.39198,337.51,0.44,0.46,2022-04-08,0630,SNPP,SNPP,n,2,304.29,4.55,D,0
21.3683,104.92837,330.08,0.55,0.42,2022-04-08,0630,SNPP,SNPP,n,2,299.35,1.58,D,0
21.63151,106.64081,342.13,0.46,0.47,2022-04-08,0630,SNPP,SNPP,n,2,300.85,5.02,D,0
21.5594,105.49988,331.92,0.39,0.44,2022-04-08,0630,SNPP,SNPP,n,2,300.11,5.23,D,0
21.56344,105.49902,342.25,0.39,0.44,2022-04-08,0630,SNPP,SNPP,n,2,299.63,5.23,D,0
21.50289,104.99247,332.74,0.55,0.43,2022-04-08,0630,SNPP,SNPP,n,2,300.74,8.12,D,0
21.70263,105.99756,334.38,0.42,0.45,2022-04-08,0630,SNPP,SNPP,n,2,302.22,2.31,D,0
21.74454,106.2953,337.36,0.44,0.46,2022-04-08,0630,SNPP,SNPP,n,2,299,3.93,D,0
21.73698,105.96309,334.75,0.42,0.45,2022-04-08,0630,SNPP,SNPP,n,2,299.33,4.42,D,0
21.73654,105.95929,339.3,0.42,0.45,2022-04-08,0630,SNPP,SNPP,n,2,299.04,4.42,D,0
21.71556,105.67129,339.93,0.41,0.45,2022-04-08,0630,SNPP,SNPP,n,2,300.93,7.47,D,0
21.78546,106.04868,335.77,0.43,0.46,2022-04-08,0630,SNPP,SNPP,n,2,295.21,3.56,D,0
21.64972,104.861,334,0.55,0.42,2022-04-08,0630,SNPP,SNPP,n,2,303.98,4.73,D,0
21.87556,106.71223,344.11,0.47,0.48,2022-04-08,0630,SNPP,SNPP,n,2,303.7,5.1,D,0
21.77575,105.85859,352.79,0.42,0.45,2022-04-08,0630,SNPP,SNPP,n,2,304.74,16.5,D,0
21.79861,106.01476,330.71,0.43,0.46,2022-04-08,0630,SNPP,SNPP,n,2,298.87,3.17,D,0
21.93836,106.48145,333.53,0.46,0.47,2022-04-08,0630,SNPP,SNPP,n,2,302.97,4.95,D,0
21.94325,106.48549,341.1,0.46,0.47,2022-04-08,0630,SNPP,SNPP,n,2,299.85,4.95,D,0
21.91893,106.27449,342.55,0.44,0.46,2022-04-08,0630,SNPP,SNPP,n,2,308.2,21.33,D,0
21.92323,106.27393,330.1,0.44,0.46,2022-04-08,0630,SNPP,SNPP,l,2,302.46,3.8,D,0
21.87612,105.69587,330.41,0.41,0.45,2022-04-08,0630,SNPP,SNPP,l,2,302.65,4,D,0
20.62141,104.86716,331.77,0.53,0.42,2022-04-08,0630,SNPP,SNPP,n,2,297.18,2.8,D,0
20.79028,105.4441,333.31,0.38,0.43,2022-04-08,0630,SNPP,SNPP,n,2,294.83,2.7,D,0
21.38377,106.42202,304.28,0.47,0.48,2022-04-08,1859,SNPP,SNPP,n,2,289.51,0.84,N,0
21.30028,105.53645,308.72,0.42,0.45,2022-04-08,1859,SNPP,SNPP,n,2,290.15,0.82,N,0
21.27707,105.63588,308.95,0.42,0.45,2022-04-08,1859,SNPP,SNPP,n,2,291.25,1.15,N,0
21.21512,105.93644,314.13,0.44,0.46,2022-04-08,1859,SNPP,SNPP,n,2,290.65,1.15,N,0
21.02032,106.60512,304.76,0.49,0.48,2022-04-08,1859,SNPP,SNPP,n,2,291.17,1.4,N,0
21.0176,106.52716,303.42,0.48,0.48,2022-04-08,1859,SNPP,SNPP,n,2,292.34,2.42,N,2
21.01481,106.54099,302.42,0.48,0.48,2022-04-08,1859,SNPP,SNPP,n,2,292.29,1.66,N,2
20.40239,105.9006,309.5,0.45,0.47,2022-04-08,1900,SNPP,SNPP,n,2,292.76,1.68,N,2
20.34067,105.91206,306.08,0.46,0.47,2022-04-08,1900,SNPP,SNPP,n,2,291.42,0.97,N,2
21.18979,106.49812,332,0.4,0.37,2022-04-09,0611,SNPP,SNPP,n,2,299.77,4.65,D,0
20.9827,104.99946,335.45,0.38,0.36,2022-04-09,0611,SNPP,SNPP,n,2,300.17,2.89,D,0
21.30079,106.64301,340.57,0.41,0.37,2022-04-09,0611,SNPP,SNPP,n,2,303.92,5.45,D,0
21.38471,106.42333,341.96,0.4,0.37,2022-04-09,0611,SNPP,SNPP,n,2,303.53,9.02,D,0
20.13409,105.45069,337.21,0.38,0.36,2022-04-09,0611,SNPP,SNPP,n,2,304.09,2.89,D,0
20.13435,105.04883,329.11,0.38,0.36,2022-04-09,0611,SNPP,SNPP,n,2,297.74,3.38,D,0
20.14096,105.04768,337.86,0.38,0.36,2022-04-09,0611,SNPP,SNPP,n,2,300.58,16.02,D,0
20.14428,105.0471,347.54,0.38,0.36,2022-04-09,0611,SNPP,SNPP,n,2,302.25,16.02,D,0
20.15571,105.0372,330.72,0.38,0.36,2022-04-09,0611,SNPP,SNPP,n,2,299.65,1.8,D,0
20.40359,105.90064,336.31,0.39,0.36,2022-04-09,0611,SNPP,SNPP,l,2,307.62,6.56,D,2
20.86647,106.6252,330.88,0.4,0.37,2022-04-09,0611,SNPP,SNPP,l,2,302.95,1.22,D,0
20.72137,105.6036,332.69,0.39,0.36,2022-04-09,0611,SNPP,SNPP,n,2,299.78,2.66,D,0
20.72305,105.56917,344.76,0.39,0.36,2022-04-09,0611,SNPP,SNPP,n,2,302.08,5.68,D,0
20.7424,105.56209,344.5,0.39,0.36,2022-04-09,0611,SNPP,SNPP,n,2,299.63,4.24,D,0
20.66175,104.87041,336.77,0.38,0.36,2022-04-09,0611,SNPP,SNPP,n,2,301.41,6.79,D,0
21.01645,106.53007,340.46,0.4,0.37,2022-04-09,0611,SNPP,SNPP,n,2,310.67,2.6,D,2
21.01984,106.52953,335.85,0.4,0.37,2022-04-09,0611,SNPP,SNPP,l,2,307.44,2.6,D,2
21.02038,106.52997,335.9,0.4,0.37,2022-04-09,0611,SNPP,SNPP,n,2,306.23,3.42,D,2
20.84304,105.19723,333.57,0.38,0.36,2022-04-09,0611,SNPP,SNPP,n,2,297.79,4.08,D,0
21.05927,106.65825,338.57,0.4,0.37,2022-04-09,0611,SNPP,SNPP,n,2,305.11,4.71,D,0
21.09345,106.72805,346.59,0.41,0.37,2022-04-09,0611,SNPP,SNPP,n,2,304.44,8.43,D,0
21.13383,106.84132,334.82,0.41,0.37,2022-04-09,0611,SNPP,SNPP,n,2,304.4,4.55,D,0
20.92359,105.21374,331.2,0.38,0.36,2022-04-09,0611,SNPP,SNPP,n,2,298.45,2.05,D,0
21.54861,106.82068,348.57,0.41,0.37,2022-04-09,0612,SNPP,SNPP,n,2,301.05,7.04,D,0
21.54548,106.74858,332.68,0.41,0.37,2022-04-09,0612,SNPP,SNPP,n,2,298.91,3.85,D,0
21.487,106.09765,335.32,0.39,0.37,2022-04-09,0612,SNPP,SNPP,n,2,299.26,3.88,D,0
21.57968,106.71889,333.67,0.41,0.37,2022-04-09,0612,SNPP,SNPP,n,2,300.65,1.86,D,0
21.59358,106.66869,343.31,0.41,0.37,2022-04-09,0612,SNPP,SNPP,n,2,302.57,9.69,D,0
21.59698,106.6681,331.83,0.41,0.37,2022-04-09,0612,SNPP,SNPP,n,2,297.19,9.69,D,0
21.61448,106.69347,340.46,0.41,0.37,2022-04-09,0612,SNPP,SNPP,n,2,303.22,5.88,D,0
21.60635,106.61068,337.89,0.41,0.37,2022-04-09,0612,SNPP,SNPP,n,2,300.92,4.71,D,0
21.52359,105.74726,335.95,0.39,0.36,2022-04-09,0612,SNPP,SNPP,n,2,304.16,6.64,D,0
21.6713,106.70058,334.73,0.41,0.37,2022-04-09,0612,SNPP,SNPP,n,2,302.92,5.42,D,0
21.48891,105.35168,336.74,0.39,0.36,2022-04-09,0612,SNPP,SNPP,n,2,298.21,4.85,D,0
21.63739,106.28824,333.84,0.4,0.37,2022-04-09,0612,SNPP,SNPP,n,2,300.01,2.93,D,0
21.70099,106.69183,337.57,0.41,0.37,2022-04-09,0612,SNPP,SNPP,n,2,301.08,2.63,D,0
21.71174,106.20494,339.31,0.4,0.37,2022-04-09,0612,SNPP,SNPP,n,2,302.92,9.76,D,0
21.57696,105.19566,329.8,0.38,0.36,2022-04-09,0612,SNPP,SNPP,n,2,296.68,0.79,D,0
21.57083,105.15488,336.02,0.38,0.36,2022-04-09,0612,SNPP,SNPP,n,2,299.15,2.75,D,0
21.7716,106.30151,339.27,0.4,0.37,2022-04-09,0612,SNPP,SNPP,n,2,300.43,4.76,D,0
21.70689,105.61618,332.29,0.39,0.36,2022-04-09,0612,SNPP,SNPP,n,2,294.8,1.65,D,0
21.72247,105.58292,337.44,0.39,0.36,2022-04-09,0612,SNPP,SNPP,n,2,297.46,10.62,D,0
21.72192,105.57918,331.1,0.39,0.36,2022-04-09,0612,SNPP,SNPP,n,2,297.36,10.62,D,0
21.80487,106.02924,343.96,0.39,0.37,2022-04-09,0612,SNPP,SNPP,n,2,301.39,17.15,D,0
21.94161,106.47218,345.13,0.4,0.37,2022-04-09,0612,SNPP,SNPP,n,2,300.91,11.16,D,0
21.94501,106.47163,341.84,0.4,0.37,2022-04-09,0612,SNPP,SNPP,n,2,300.59,7.75,D,0
21.88671,105.64771,336.08,0.39,0.36,2022-04-09,0612,SNPP,SNPP,n,2,299.09,3.8,D,0
21.94765,105.76088,345.43,0.39,0.36,2022-04-09,0612,SNPP,SNPP,n,2,298.5,7.08,D,0
21.92454,105.55637,329.55,0.39,0.36,2022-04-09,0612,SNPP,SNPP,n,2,295.58,1.3,D,0
21.8648,105.08513,332.8,0.38,0.36,2022-04-09,0612,SNPP,SNPP,n,2,298.67,4.24,D,0
21.91099,105.10354,346.41,0.38,0.36,2022-04-09,0612,SNPP,SNPP,n,2,299.05,9.7,D,0
21.56681,106.49398,299.63,0.41,0.37,2022-04-09,1840,SNPP,SNPP,n,2,289.28,0.53,N,0
21.43986,106.43702,299.4,0.41,0.37,2022-04-09,1840,SNPP,SNPP,n,2,288.53,0.63,N,0
21.20993,106.67778,301.29,0.42,0.38,2022-04-09,1840,SNPP,SNPP,n,2,288.52,0.42,N,0
21.20651,106.67706,299.42,0.42,0.38,2022-04-09,1840,SNPP,SNPP,n,2,287.93,0.42,N,0
21.21472,105.9375,302.96,0.4,0.37,2022-04-09,1841,SNPP,SNPP,n,2,289.24,0.33,N,0
21.21136,105.93686,313.83,0.4,0.37,2022-04-09,1841,SNPP,SNPP,n,2,288.91,1.32,N,0
21.02075,106.53238,305.56,0.42,0.37,2022-04-09,1841,SNPP,SNPP,n,2,290.58,0.83,N,2
21.01733,106.53172,321.73,0.42,0.37,2022-04-09,1841,SNPP,SNPP,n,2,292.81,2.81,N,2
21.01598,106.53967,307.84,0.42,0.37,2022-04-09,1841,SNPP,SNPP,n,2,291.12,1.31,N,2
21.01256,106.53901,303.37,0.42,0.37,2022-04-09,1841,SNPP,SNPP,n,2,292.39,1.31,N,2
21.00913,106.53835,301.55,0.42,0.37,2022-04-09,1841,SNPP,SNPP,n,2,290.1,0.51,N,2
20.91065,106.62359,301.86,0.42,0.38,2022-04-09,1841,SNPP,SNPP,n,2,290.76,0.47,N,0
20.405,105.90072,308.72,0.4,0.37,2022-04-09,1841,SNPP,SNPP,n,2,291.28,1.25,N,2
20.40163,105.90007,303.15,0.4,0.37,2022-04-09,1841,SNPP,SNPP,n,2,290.31,1.05,N,2
20.15091,105.53959,339.91,0.52,0.42,2022-04-10,0552,SNPP,SNPP,n,2,298.85,10.98,D,0
20.12638,105.22057,344.47,0.54,0.42,2022-04-10,0552,SNPP,SNPP,n,2,296.95,8.64,D,0
20.12707,105.2229,331.16,0.54,0.42,2022-04-10,0552,SNPP,SNPP,n,2,297.18,7.75,D,0
20.19293,105.09805,333.71,0.55,0.43,2022-04-10,0552,SNPP,SNPP,n,2,296.28,9.75,D,0
20.47272,105.06322,337.03,0.55,0.42,2022-04-10,0552,SNPP,SNPP,n,2,296.62,7.91,D,0
20.46384,105.01415,332.04,0.55,0.43,2022-04-10,0552,SNPP,SNPP,n,2,296.11,4.35,D,0
20.78136,105.4181,332.53,0.52,0.41,2022-04-10,0552,SNPP,SNPP,n,2,297.73,3.02,D,0
20.68915,104.85642,333.49,0.56,0.43,2022-04-10,0552,SNPP,SNPP,n,2,297.11,14.35,D,0
21.92053,106.43494,331.05,0.45,0.39,2022-04-10,0553,SNPP,SNPP,n,2,294.81,1.81,D,0
21.94126,106.00925,344.26,0.47,0.39,2022-04-10,0553,SNPP,SNPP,n,2,295.22,12.81,D,0
21.58314,106.36373,309.9,0.44,0.39,2022-04-10,1822,SNPP,SNPP,n,2,289.48,0.92,N,0
21.55402,106.5199,305.17,0.44,0.38,2022-04-10,1822,SNPP,SNPP,n,2,289.26,0.84,N,0
21.55945,105.86549,304.57,0.46,0.39,2022-04-10,1822,SNPP,SNPP,n,2,289.42,0.96,N,0
21.26517,105.54407,303.39,0.48,0.4,2022-04-10,1822,SNPP,SNPP,n,2,289.56,0.36,N,0
21.1255,106.31895,306.87,0.44,0.38,2022-04-10,1822,SNPP,SNPP,n,2,289.94,0.73,N,0
21.02041,106.53004,311.76,0.43,0.38,2022-04-10,1822,SNPP,SNPP,n,2,290.8,1.16,N,2
21.01691,106.52948,307.49,0.43,0.38,2022-04-10,1822,SNPP,SNPP,n,2,293.46,1.33,N,2
21.01165,106.54134,304.79,0.43,0.38,2022-04-10,1822,SNPP,SNPP,n,2,291.76,1.43,N,2
21.00815,106.54078,305.33,0.43,0.38,2022-04-10,1822,SNPP,SNPP,n,2,290.99,0.83,N,2
20.96334,106.75576,303.61,0.42,0.38,2022-04-10,1822,SNPP,SNPP,n,2,291.55,0.59,N,0
20.53004,105.8661,302.69,0.45,0.39,2022-04-10,1822,SNPP,SNPP,n,2,290.63,0.89,N,2
20.40717,105.89765,301.19,0.45,0.39,2022-04-10,1822,SNPP,SNPP,n,2,290.3,1.56,N,2
20.40658,105.90192,310.14,0.45,0.39,2022-04-10,1822,SNPP,SNPP,n,2,291.08,1.35,N,2
20.403,105.90138,312.91,0.45,0.39,2022-04-10,1822,SNPP,SNPP,n,2,291,1.35,N,2
20.39943,105.90083,305.65,0.45,0.39,2022-04-10,1822,SNPP,SNPP,n,2,290.38,1.22,N,2
20.34826,105.91222,304.75,0.45,0.39,2022-04-10,1822,SNPP,SNPP,n,2,289.75,1.21,N,2
20.47894,105.64632,338.52,0.49,0.48,2022-04-13,0636,SNPP,SNPP,n,2,296.58,3.55,D,0
20.51282,105.54564,341.16,0.48,0.48,2022-04-13,0636,SNPP,SNPP,n,2,297.15,11.69,D,0
20.55189,105.6085,352.55,0.49,0.48,2022-04-13,0636,SNPP,SNPP,n,2,297.53,22.94,D,0
20.55075,105.56038,342.38,0.48,0.48,2022-04-13,0636,SNPP,SNPP,n,2,298.34,12.13,D,0
20.55458,105.60967,341.53,0.49,0.48,2022-04-13,0636,SNPP,SNPP,n,2,293.99,15.66,D,0
20.55407,105.60496,339.15,0.49,0.48,2022-04-13,0636,SNPP,SNPP,n,2,293.64,12.07,D,0
20.55329,105.55693,341.44,0.48,0.48,2022-04-13,0636,SNPP,SNPP,n,2,298.2,12.96,D,0
20.5606,105.54128,340.75,0.48,0.48,2022-04-13,0636,SNPP,SNPP,n,2,296.73,7.81,D,0
20.60219,104.96706,339.73,0.44,0.46,2022-04-13,0636,SNPP,SNPP,n,2,298.52,7.45,D,0
21.52019,106.76197,356.67,0.59,0.53,2022-04-13,0637,SNPP,SNPP,n,2,303.41,27.47,D,0
21.5251,106.76153,345.19,0.59,0.53,2022-04-13,0637,SNPP,SNPP,n,2,300.57,29.01,D,0
21.52804,106.74291,334.96,0.59,0.53,2022-04-13,0637,SNPP,SNPP,n,2,301.12,8.91,D,0
21.53281,106.74133,332.26,0.59,0.53,2022-04-13,0637,SNPP,SNPP,n,2,294.95,2.63,D,0
21.52265,106.75981,351.98,0.59,0.53,2022-04-13,0637,SNPP,SNPP,n,2,304.81,71.78,D,0
21.53056,106.73996,342.37,0.59,0.53,2022-04-13,0637,SNPP,SNPP,n,2,298.35,6.01,D,0
21.48616,106.21514,335.88,0.55,0.51,2022-04-13,0637,SNPP,SNPP,n,2,296.36,5.34,D,0
21.56107,106.70006,331.6,0.59,0.53,2022-04-13,0637,SNPP,SNPP,n,2,299.74,6.54,D,0
21.47147,105.81392,342.64,0.51,0.5,2022-04-13,0637,SNPP,SNPP,n,2,301.82,6.51,D,0
21.62571,106.6797,345.43,0.59,0.53,2022-04-13,0637,SNPP,SNPP,n,2,300.39,9.35,D,0
21.75693,106.30529,341.11,0.56,0.51,2022-04-13,0637,SNPP,SNPP,n,2,296.02,5.98,D,0
21.70627,105.67033,335.51,0.51,0.49,2022-04-13,0637,SNPP,SNPP,n,2,300.08,4.33,D,0
21.66587,105.27357,342.9,0.48,0.48,2022-04-13,0637,SNPP,SNPP,n,2,300.33,11.87,D,0
21.91873,105.45963,335.67,0.49,0.49,2022-04-13,0637,SNPP,SNPP,n,2,295.28,3.95,D,0
21.91983,105.46099,336.85,0.5,0.49,2022-04-13,0637,SNPP,SNPP,n,2,294.85,3.16,D,0
21.27643,105.63441,306.93,0.53,0.5,2022-04-13,1906,SNPP,SNPP,n,2,290.79,1.5,N,0
20.40179,105.90076,307.33,0.57,0.52,2022-04-13,1906,SNPP,SNPP,n,2,291.17,1.99,N,2
20.40171,105.89944,301.85,0.57,0.52,2022-04-13,1906,SNPP,SNPP,n,2,290.69,2.06,N,2
20.33944,105.91364,303.62,0.57,0.52,2022-04-13,1906,SNPP,SNPP,n,2,290.8,0.92,N,2
20.67182,105.20025,330.46,0.4,0.37,2022-04-14,0618,SNPP,SNPP,n,2,299.04,3.07,D,0
20.7113,105.25762,339.73,0.41,0.37,2022-04-14,0618,SNPP,SNPP,n,2,299.77,5.96,D,0
21.23937,106.67963,334.42,0.46,0.39,2022-04-14,0618,SNPP,SNPP,n,2,299.81,2.37,D,0
21.23972,106.6806,337.05,0.46,0.39,2022-04-14,0618,SNPP,SNPP,n,2,298.7,5.59,D,0
21.58895,106.10838,332.41,0.44,0.38,2022-04-14,0618,SNPP,SNPP,n,2,297.35,4.2,D,0
21.02882,104.91784,335.02,0.4,0.37,2022-04-14,0618,SNPP,SNPP,n,2,301.06,21.77,D,0
21.02826,104.91394,298.06,0.4,0.37,2022-04-14,0618,SNPP,SNPP,l,2,298.85,21.77,D,0
21.92438,106.4991,344.13,0.46,0.39,2022-04-14,0618,SNPP,SNPP,n,2,300.06,11.72,D,0
21.88626,105.81068,343.59,0.43,0.38,2022-04-14,0618,SNPP,SNPP,n,2,301.21,13.73,D,0
21.91652,105.03971,333.76,0.41,0.37,2022-04-14,0618,SNPP,SNPP,n,2,296.56,2.23,D,0
21.93512,105.09785,341.29,0.41,0.37,2022-04-14,0618,SNPP,SNPP,n,2,298.75,23.25,D,0
21.93248,105.02919,335.3,0.41,0.37,2022-04-14,0618,SNPP,SNPP,n,2,296.31,2.44,D,0
20.48134,105.05661,333.98,0.4,0.37,2022-04-14,0618,SNPP,SNPP,n,2,299.92,4.07,D,0
20.48441,105.00517,333.45,0.4,0.37,2022-04-14,0618,SNPP,SNPP,n,2,292.63,1.81,D,0
21.71083,105.8519,330.1,0.51,0.41,2022-04-19,0624,SNPP,SNPP,n,2,292.52,6.46,D,0
21.01844,106.52974,314.93,0.39,0.36,2022-04-20,1834,SNPP,SNPP,n,2,289.16,1.1,N,2
21.01513,106.52914,304.53,0.39,0.36,2022-04-20,1834,SNPP,SNPP,n,2,286.46,1.1,N,2
20.52754,105.55118,331.14,0.38,0.59,2022-04-23,0649,SNPP,SNPP,n,2,291.91,2.59,D,0
21.25172,104.95412,367,0.36,0.57,2022-04-23,0649,SNPP,SNPP,h,2,293.32,12.55,D,0
21.257,104.95309,367,0.36,0.57,2022-04-23,0649,SNPP,SNPP,h,2,291.55,12.55,D,0
21.25661,104.94923,337.3,0.36,0.57,2022-04-23,0649,SNPP,SNPP,n,2,289.08,11,D,0
21.25505,104.95232,367,0.36,0.57,2022-04-23,0649,SNPP,SNPP,h,2,293.71,28.12,D,0
20.40098,105.90112,299.68,0.72,0.76,2022-04-23,1738,SNPP,SNPP,n,2,285.29,1.95,N,2
20.40496,105.8998,301.42,0.45,0.63,2022-04-23,1918,SNPP,SNPP,n,2,287.57,1.24,N,2
20.34179,105.91127,303.09,0.45,0.63,2022-04-23,1918,SNPP,SNPP,n,2,288.02,0.85,N,2
20.342,105.91419,301.79,0.45,0.63,2022-04-23,1918,SNPP,SNPP,n,2,287.81,0.85,N,2
20.16615,105.02477,333.65,0.53,0.42,2022-04-24,0630,SNPP,SNPP,n,2,296.8,4.81,D,0
20.4829,105.52737,331.36,0.38,0.43,2022-04-24,0630,SNPP,SNPP,n,2,296.63,2.55,D,0
20.67176,105.22048,333.73,0.56,0.43,2022-04-24,0630,SNPP,SNPP,n,2,297.99,4.65,D,0
21.21541,105.93573,306.59,0.44,0.46,2022-04-24,1859,SNPP,SNPP,n,2,291.86,0.59,N,0
21.21119,105.93478,307.72,0.44,0.46,2022-04-24,1859,SNPP,SNPP,n,2,292.25,0.59,N,0
21.01736,106.52818,303.69,0.48,0.48,2022-04-24,1859,SNPP,SNPP,n,2,292.21,1.43,N,2
21.01753,106.53091,305.49,0.48,0.48,2022-04-24,1859,SNPP,SNPP,n,2,292.49,1.26,N,2
20.65431,105.92593,338.15,0.45,0.47,2022-04-24,1859,SNPP,SNPP,n,2,293.17,4.03,N,0
20.65514,105.92166,314.76,0.45,0.47,2022-04-24,1859,SNPP,SNPP,n,2,292.27,4.03,N,0
20.33986,105.91073,304.37,0.45,0.47,2022-04-24,1859,SNPP,SNPP,n,2,292.92,0.99,N,2
20.67375,104.91296,336.07,0.38,0.36,2022-04-25,0611,SNPP,SNPP,n,2,308.05,4.06,D,0
20.73837,104.95838,331,0.38,0.36,2022-04-25,0611,SNPP,SNPP,n,2,302.65,1.45,D,0
20.92831,105.75468,332.89,0.39,0.36,2022-04-25,0611,SNPP,SNPP,l,2,307.11,2.45,D,0
20.79996,104.87634,334.06,0.38,0.36,2022-04-25,0611,SNPP,SNPP,n,2,300.34,1.85,D,0
21.03311,104.94098,347.22,0.38,0.36,2022-04-25,0611,SNPP,SNPP,n,2,309.19,7.77,D,0
21.3127,105.62858,335.3,0.39,0.36,2022-04-25,0611,SNPP,SNPP,l,2,307.5,2.53,D,0
21.31215,105.62486,331.46,0.39,0.36,2022-04-25,0611,SNPP,SNPP,l,2,306.36,2.53,D,0
21.31434,105.62415,330.89,0.39,0.36,2022-04-25,0611,SNPP,SNPP,l,2,305.52,3.98,D,0
20.15016,105.88148,336.36,0.39,0.36,2022-04-25,0611,SNPP,SNPP,l,2,306.51,2.1,D,0
20.16041,105.70197,335.91,0.39,0.36,2022-04-25,0611,SNPP,SNPP,n,2,304.14,1.67,D,0
20.10413,104.85838,334.18,0.38,0.36,2022-04-25,0611,SNPP,SNPP,n,2,302.21,6.79,D,0
20.18311,105.29136,337.1,0.38,0.36,2022-04-25,0611,SNPP,SNPP,n,2,302.14,3.63,D,0
20.16248,105.08836,332.3,0.38,0.36,2022-04-25,0611,SNPP,SNPP,n,2,301.85,1.56,D,0
20.39966,105.90369,331.41,0.39,0.36,2022-04-25,0611,SNPP,SNPP,l,2,306,2.5,D,0
20.40631,105.9026,332.85,0.39,0.36,2022-04-25,0611,SNPP,SNPP,l,2,306.44,6.22,D,2
20.36713,105.43288,336.6,0.38,0.36,2022-04-25,0611,SNPP,SNPP,n,2,305.35,5.01,D,0
20.54472,105.64847,338.94,0.39,0.36,2022-04-25,0611,SNPP,SNPP,n,2,302.55,4.73,D,0
20.54806,105.60251,332.84,0.39,0.36,2022-04-25,0611,SNPP,SNPP,n,2,300.67,7.36,D,0
20.54751,105.59882,343.62,0.39,0.36,2022-04-25,0611,SNPP,SNPP,n,2,305.21,18.49,D,0
20.56585,105.58792,341.05,0.39,0.36,2022-04-25,0611,SNPP,SNPP,n,2,305.34,32.31,D,0
20.48177,105.0069,339.8,0.38,0.36,2022-04-25,0611,SNPP,SNPP,n,2,305.79,2.62,D,0
21.21249,105.9367,314.71,0.4,0.37,2022-04-25,1840,SNPP,SNPP,n,2,295.18,1.6,N,0
21.01859,106.53104,324.19,0.42,0.37,2022-04-25,1840,SNPP,SNPP,n,2,296.89,2.92,N,2
21.02068,106.37256,315.82,0.41,0.37,2022-04-25,1840,SNPP,SNPP,n,2,295.35,1.52,N,0
20.80033,106.05889,311.24,0.4,0.37,2022-04-25,1840,SNPP,SNPP,n,2,295.96,1.04,N,0
20.53083,105.86747,308.22,0.4,0.37,2022-04-25,1841,SNPP,SNPP,n,2,296.88,0.36,N,2
20.40653,105.90044,315,0.4,0.37,2022-04-25,1841,SNPP,SNPP,n,2,297.81,1.31,N,2
20.40316,105.89978,312.71,0.4,0.37,2022-04-25,1841,SNPP,SNPP,n,2,297.2,1.31,N,2
20.39914,105.903,313.08,0.4,0.37,2022-04-25,1841,SNPP,SNPP,n,2,296.9,1.11,N,0
20.34767,105.91396,311.04,0.4,0.37,2022-04-25,1841,SNPP,SNPP,n,2,296.47,0.63,N,2
20.34092,105.91269,313.23,0.4,0.37,2022-04-25,1841,SNPP,SNPP,n,2,296.48,0.88,N,2
20.12792,105.86654,306.43,0.4,0.37,2022-04-25,1841,SNPP,SNPP,n,2,295.66,1.02,N,2
21.0232,104.92019,332.44,0.55,0.42,2022-04-26,0552,SNPP,SNPP,n,2,302.24,42.08,D,0
20.12714,105.15462,337.01,0.55,0.43,2022-04-26,0552,SNPP,SNPP,n,2,298.6,7.49,D,0
20.18297,105.43929,333.09,0.53,0.42,2022-04-26,0552,SNPP,SNPP,n,2,298.53,8.99,D,0
20.13097,105.15358,334.43,0.55,0.43,2022-04-26,0552,SNPP,SNPP,n,2,297.41,7.49,D,0
20.12925,105.05573,337.3,0.56,0.43,2022-04-26,0552,SNPP,SNPP,n,2,299.54,18.2,D,0
20.1467,105.06258,343.07,0.55,0.43,2022-04-26,0552,SNPP,SNPP,n,2,300.87,20.83,D,0
20.47127,105.00642,343.29,0.55,0.43,2022-04-26,0552,SNPP,SNPP,n,2,297.88,9.63,D,0
20.47524,105.00603,367,0.55,0.43,2022-04-26,0552,SNPP,SNPP,h,2,327.19,96.46,D,0
20.4761,105.0108,334.4,0.55,0.43,2022-04-26,0552,SNPP,SNPP,n,2,298.88,8.5,D,0
20.47428,105.0007,332.21,0.55,0.43,2022-04-26,0552,SNPP,SNPP,n,2,296.54,96.46,D,0
20.47921,105.00565,348.92,0.55,0.43,2022-04-26,0552,SNPP,SNPP,n,2,300.21,96.46,D,0
20.80765,104.88441,331.8,0.55,0.43,2022-04-26,0552,SNPP,SNPP,n,2,301.48,5.19,D,0
21.92354,105.28964,343.28,0.51,0.41,2022-04-26,0553,SNPP,SNPP,n,2,301.33,5.39,D,0
20.13202,105.15449,343.64,0.36,0.57,2022-04-27,0533,SNPP,SNPP,n,2,295.81,4.69,D,0
20.13144,105.07243,367,0.36,0.58,2022-04-27,0533,SNPP,SNPP,h,2,297.36,17.28,D,0
20.1283,105.05725,367,0.36,0.58,2022-04-27,0533,SNPP,SNPP,h,2,295.78,8.63,D,0
20.13117,105.15518,349.69,0.36,0.57,2022-04-27,0533,SNPP,SNPP,n,2,296.34,5.11,D,0
20.13013,105.07375,367,0.36,0.58,2022-04-27,0533,SNPP,SNPP,h,2,298.53,19.11,D,0
20.12676,105.05805,367,0.36,0.58,2022-04-27,0533,SNPP,SNPP,h,2,295.96,8.95,D,0
20.48096,105.00555,333.89,0.36,0.57,2022-04-27,0534,SNPP,SNPP,n,2,296.6,1.98,D,0
20.57874,104.87829,330.8,0.37,0.58,2022-04-27,0534,SNPP,SNPP,n,2,296.32,4.18,D,0
20.58429,104.87836,330.06,0.37,0.58,2022-04-27,0534,SNPP,SNPP,n,2,297.41,4.51,D,0
20.58374,104.87582,347.77,0.37,0.58,2022-04-27,0534,SNPP,SNPP,n,2,297.39,4.51,D,0
20.8087,105.24637,352.45,0.34,0.56,2022-04-27,0534,SNPP,SNPP,n,2,294.67,7.23,D,0
21.03576,104.92767,367,0.36,0.57,2022-04-27,0534,SNPP,SNPP,h,2,296.26,17.49,D,0
21.03484,104.92335,356.8,0.36,0.57,2022-04-27,0534,SNPP,SNPP,n,2,295.92,11.73,D,0
21.14957,104.87124,338.43,0.36,0.57,2022-04-27,0534,SNPP,SNPP,n,2,299.35,5.76,D,0
21.14866,104.86694,341.54,0.36,0.57,2022-04-27,0534,SNPP,SNPP,n,2,300.8,5.05,D,0
21.9171,105.30482,331.59,0.32,0.55,2022-04-27,0534,SNPP,SNPP,n,2,296.7,2.71,D,0
20.46075,105.06815,367,0.45,0.63,2022-04-28,0655,SNPP,SNPP,h,2,297.83,17.12,D,0
20.46046,105.06498,330.7,0.45,0.63,2022-04-28,0655,SNPP,SNPP,n,2,294.43,17.12,D,0
21.26047,106.749,335.91,0.46,0.39,2022-04-30,0618,SNPP,SNPP,n,2,295.46,44.31,D,0
20.40734,105.90128,297.71,0.46,0.39,2022-04-30,1847,SNPP,SNPP,n,2,272.05,1,N,2
20.40377,105.90054,295.75,0.46,0.39,2022-04-30,1847,SNPP,SNPP,n,2,272.06,1,N,2
20.40021,105.89982,296.01,0.46,0.39,2022-04-30,1847,SNPP,SNPP,n,2,272.2,1.36,N,2
21.63417,106.14877,325.13,0.46,0.47,2022-05-02,0540,SNPP,SNPP,n,2,284.54,1.31,D,0
21.27766,105.63449,314.49,0.48,0.48,2022-05-02,1809,SNPP,SNPP,n,2,285.96,2.69,N,0
20.40533,105.89943,315.33,0.45,0.47,2022-05-02,1809,SNPP,SNPP,n,2,289.43,2.09,N,2
20.40854,105.89787,300.39,0.45,0.47,2022-05-02,1809,SNPP,SNPP,n,2,287.72,1.79,N,2
20.4037,105.90158,318.47,0.45,0.47,2022-05-02,1809,SNPP,SNPP,n,2,289.83,1.79,N,2
20.39938,105.90102,306.41,0.45,0.47,2022-05-02,1809,SNPP,SNPP,n,2,288.24,1.05,N,2
20.21194,106.05892,299.67,0.44,0.46,2022-05-02,1809,SNPP,SNPP,n,2,286.14,0.26,N,0
21.39945,106.39677,340.35,0.45,0.63,2022-05-03,0521,SNPP,SNPP,n,2,297.02,5.25,D,0
21.51479,106.84013,341.09,0.42,0.61,2022-05-03,0521,SNPP,SNPP,n,2,292.3,3.86,D,0
21.39945,106.395,343.15,0.45,0.63,2022-05-03,0521,SNPP,SNPP,n,2,296.39,5.17,D,0
21.51843,106.84038,328.77,0.42,0.61,2022-05-03,0521,SNPP,SNPP,n,2,292.73,4.35,D,0
21.51748,106.83613,333.41,0.42,0.61,2022-05-03,0521,SNPP,SNPP,n,2,291.46,3.15,D,0
21.47293,106.4798,329.24,0.44,0.62,2022-05-03,0521,SNPP,SNPP,n,2,291.57,2.14,D,0
21.4453,106.33044,329.46,0.45,0.63,2022-05-03,0521,SNPP,SNPP,n,2,291.57,2.38,D,0
21.10424,104.85158,337.32,0.57,0.69,2022-05-03,0521,SNPP,SNPP,n,2,286.96,6.34,D,0
21.50854,106.31522,342.16,0.45,0.63,2022-05-03,0521,SNPP,SNPP,n,2,291.79,5.7,D,0
21.50762,106.31107,345.33,0.45,0.63,2022-05-03,0521,SNPP,SNPP,n,2,291.05,5.7,D,0
21.50696,106.31158,367,0.45,0.63,2022-05-03,0521,SNPP,SNPP,h,2,292.45,6.13,D,0
21.50791,106.31575,328.04,0.45,0.63,2022-05-03,0521,SNPP,SNPP,n,2,290.73,6.13,D,0
21.78006,106.1546,335.93,0.46,0.63,2022-05-03,0521,SNPP,SNPP,n,2,291.92,4.43,D,0
21.77942,106.15325,330.07,0.45,0.63,2022-05-03,0521,SNPP,SNPP,n,2,291.73,2.91,D,0
21.93491,105.53492,367,0.49,0.65,2022-05-03,0521,SNPP,SNPP,h,2,291.19,10.61,D,0
21.66649,106.1013,328.47,0.68,0.74,2022-05-03,0702,SNPP,SNPP,n,2,284.59,4.55,D,0
21.66541,106.09829,333.53,0.68,0.74,2022-05-03,0702,SNPP,SNPP,n,2,284.91,6.33,D,0
21.27724,105.63262,299.8,0.48,0.65,2022-05-03,1750,SNPP,SNPP,n,2,284.64,1.34,N,0
21.27535,105.63624,303.58,0.48,0.65,2022-05-03,1750,SNPP,SNPP,n,2,284.79,1.43,N,0
21.03855,106.58836,310.05,0.42,0.61,2022-05-03,1750,SNPP,SNPP,n,2,287.82,1.15,N,2
21.01958,106.60695,299.68,0.42,0.61,2022-05-03,1750,SNPP,SNPP,n,2,286.4,0.56,N,0
21.01559,106.52744,309.73,0.42,0.61,2022-05-03,1750,SNPP,SNPP,n,2,286.82,2.63,N,2
21.01482,106.53571,300.4,0.42,0.61,2022-05-03,1750,SNPP,SNPP,n,2,287.54,0.65,N,2
21.01443,106.53983,301.1,0.42,0.61,2022-05-03,1750,SNPP,SNPP,n,2,287.22,0.65,N,2
20.83268,106.65291,301.26,0.41,0.61,2022-05-03,1750,SNPP,SNPP,n,2,286.2,0.75,N,0
20.77781,106.6304,299.2,0.41,0.61,2022-05-03,1750,SNPP,SNPP,n,2,286.1,0.52,N,0
20.13101,105.81101,333.56,0.62,0.54,2022-05-04,0642,SNPP,SNPP,n,2,298.93,6.9,D,0
20.1317,105.81499,340.79,0.62,0.54,2022-05-04,0642,SNPP,SNPP,n,2,300.08,5.36,D,0
20.13111,105.02962,342.54,0.55,0.51,2022-05-04,0642,SNPP,SNPP,n,2,298.7,13.92,D,0
20.17881,105.06715,338.28,0.56,0.51,2022-05-04,0642,SNPP,SNPP,n,2,296.2,5.28,D,0
20.46706,105.64288,341.62,0.61,0.53,2022-05-04,0642,SNPP,SNPP,n,2,298.3,7.39,D,0
20.44201,105.08834,341.57,0.56,0.52,2022-05-04,0642,SNPP,SNPP,n,2,295.18,10,D,0
20.4571,105.00658,335.49,0.56,0.51,2022-05-04,0642,SNPP,SNPP,n,2,295.76,8.34,D,0
20.53049,105.53391,331.69,0.6,0.53,2022-05-04,0642,SNPP,SNPP,n,2,297.37,4.93,D,0
20.45733,105.0042,344.28,0.56,0.51,2022-05-04,0642,SNPP,SNPP,n,2,295.86,8.6,D,0
20.53173,105.5315,330.08,0.6,0.53,2022-05-04,0642,SNPP,SNPP,n,2,296.65,3.75,D,0
20.57028,104.89462,341.07,0.55,0.51,2022-05-04,0642,SNPP,SNPP,n,2,298.22,14.51,D,0
20.5707,104.89172,355.59,0.55,0.51,2022-05-04,0643,SNPP,SNPP,n,2,296.49,14.01,D,0
20.71205,105.48028,333.68,0.6,0.53,2022-05-04,0643,SNPP,SNPP,n,2,295.68,4.91,D,0
20.71351,105.4781,329.5,0.6,0.53,2022-05-04,0643,SNPP,SNPP,n,2,295.15,3.62,D,0
21.0183,106.5312,330.74,0.35,0.57,2022-05-04,0643,SNPP,SNPP,n,2,300.24,2.93,D,2
21.11902,106.80648,367,0.37,0.58,2022-05-04,0643,SNPP,SNPP,h,2,299.39,19.01,D,0
20.95568,105.09927,339.86,0.57,0.52,2022-05-04,0643,SNPP,SNPP,n,2,293.8,4.93,D,0
21.16502,106.52422,331.44,0.36,0.57,2022-05-04,0643,SNPP,SNPP,n,2,293.24,2.36,D,0
21.20283,106.52699,337.89,0.36,0.57,2022-05-04,0643,SNPP,SNPP,n,2,295.64,2.38,D,0
21.25101,106.79807,334.19,0.37,0.58,2022-05-04,0643,SNPP,SNPP,n,2,294.35,3.19,D,0
21.36555,106.71882,348.41,0.37,0.58,2022-05-04,0643,SNPP,SNPP,n,2,296.68,5.4,D,0
21.34505,105.78025,355.28,0.32,0.55,2022-05-04,0643,SNPP,SNPP,n,2,295.24,6.02,D,0
21.14021,105.15775,332.72,0.58,0.52,2022-05-04,0643,SNPP,SNPP,n,2,293.81,6.24,D,0
21.28896,106.48781,333.25,0.35,0.57,2022-05-04,0643,SNPP,SNPP,n,2,297.4,2.41,D,0
21.28757,106.36407,367,0.35,0.57,2022-05-04,0643,SNPP,SNPP,h,2,299.88,9.65,D,0
21.28791,106.3676,338.13,0.35,0.57,2022-05-04,0643,SNPP,SNPP,n,2,295.2,9.65,D,0
21.51521,106.76158,332.12,0.37,0.58,2022-05-04,0643,SNPP,SNPP,n,2,294.85,11.8,D,0
21.52068,106.76166,367,0.37,0.58,2022-05-04,0643,SNPP,SNPP,h,2,300.04,11.8,D,0
21.52037,106.75835,354.85,0.37,0.58,2022-05-04,0643,SNPP,SNPP,n,2,300.02,19.51,D,0
21.56854,106.69201,333.07,0.37,0.58,2022-05-04,0643,SNPP,SNPP,n,2,296.66,1.89,D,0
21.57558,106.70837,367,0.37,0.58,2022-05-04,0643,SNPP,SNPP,h,2,297.14,7.29,D,0
21.57423,106.69453,334.82,0.37,0.58,2022-05-04,0643,SNPP,SNPP,n,2,297.33,2.35,D,0
21.51373,106.03826,337.75,0.33,0.56,2022-05-04,0643,SNPP,SNPP,n,2,289.75,2.76,D,0
21.43406,105.00504,340.86,0.57,0.52,2022-05-04,0643,SNPP,SNPP,n,2,298.33,7.29,D,0
21.43237,105.00172,341.79,0.57,0.52,2022-05-04,0643,SNPP,SNPP,n,2,298.32,7.07,D,0
21.61976,106.69566,328.94,0.37,0.58,2022-05-04,0643,SNPP,SNPP,n,2,294.85,2.66,D,0
21.61929,106.63306,343.5,0.37,0.58,2022-05-04,0643,SNPP,SNPP,n,2,294.76,3.99,D,0
21.74722,105.97865,353.73,0.33,0.56,2022-05-04,0643,SNPP,SNPP,n,2,293.61,4.89,D,0
21.82165,105.65051,330.44,0.64,0.54,2022-05-04,0643,SNPP,SNPP,n,2,295.02,3.1,D,0
21.91688,105.73067,367,0.32,0.55,2022-05-04,0643,SNPP,SNPP,h,2,295.93,7.37,D,0
21.9172,105.73378,338.13,0.32,0.55,2022-05-04,0643,SNPP,SNPP,n,2,293.45,7.25,D,0
21.92004,105.73125,367,0.32,0.55,2022-05-04,0643,SNPP,SNPP,h,2,297.68,14.06,D,0
21.03909,106.58851,305.1,0.38,0.59,2022-05-04,1912,SNPP,SNPP,n,2,288.34,0.95,N,2
21.01821,106.52968,310.92,0.38,0.59,2022-05-04,1912,SNPP,SNPP,n,2,290.05,1.61,N,2
20.40484,105.90083,307.93,0.36,0.57,2022-05-04,1912,SNPP,SNPP,n,2,289.3,1.05,N,2
20.39892,105.90295,303,0.36,0.57,2022-05-04,1912,SNPP,SNPP,n,2,288.36,0.51,N,0
20.34253,105.91271,309.89,0.36,0.57,2022-05-04,1912,SNPP,SNPP,n,2,288.26,0.91,N,2
21.55606,106.74474,349.35,0.56,0.43,2022-05-05,0624,SNPP,SNPP,n,2,297.5,28.66,D,0
21.64061,106.65968,331.96,0.56,0.43,2022-05-05,0624,SNPP,SNPP,n,2,296.51,2.59,D,0
21.61163,106.17437,333.61,0.52,0.42,2022-05-05,0624,SNPP,SNPP,n,2,296.91,8.45,D,0
21.67226,106.01869,343.17,0.51,0.41,2022-05-05,0624,SNPP,SNPP,n,2,296.74,8.18,D,0
21.62081,105.5866,336.92,0.49,0.4,2022-05-05,0624,SNPP,SNPP,n,2,295.99,2.78,D,0
21.54553,104.90221,337.23,0.45,0.39,2022-05-05,0624,SNPP,SNPP,n,2,297.28,5.82,D,0
21.77723,106.0013,333.08,0.52,0.41,2022-05-05,0624,SNPP,SNPP,n,2,292.2,7.08,D,0
21.78214,105.7983,341.01,0.5,0.41,2022-05-05,0624,SNPP,SNPP,n,2,297.5,53.98,D,0
21.78586,105.79738,337.19,0.5,0.41,2022-05-05,0624,SNPP,SNPP,n,2,307,53.98,D,0
21.7623,105.587,334.93,0.49,0.4,2022-05-05,0624,SNPP,SNPP,n,2,297.26,8.97,D,0
21.76601,105.58639,341.58,0.49,0.4,2022-05-05,0624,SNPP,SNPP,n,2,299.03,8.97,D,0
21.7687,105.35847,335.16,0.48,0.4,2022-05-05,0624,SNPP,SNPP,n,2,294.27,3.89,D,0
21.82158,105.65393,330.33,0.5,0.41,2022-05-05,0624,SNPP,SNPP,n,2,297.71,1.83,D,0
21.92269,105.99345,336.67,0.52,0.41,2022-05-05,0624,SNPP,SNPP,n,2,295.59,5.71,D,0
21.87814,105.53313,332.62,0.49,0.4,2022-05-05,0624,SNPP,SNPP,n,2,296.46,4.95,D,0
21.87885,105.52953,333.71,0.49,0.4,2022-05-05,0624,SNPP,SNPP,n,2,295.11,4.79,D,0
21.8786,105.46774,334.3,0.49,0.4,2022-05-05,0624,SNPP,SNPP,n,2,297.34,4.22,D,0
21.88171,105.46244,333.77,0.49,0.4,2022-05-05,0624,SNPP,SNPP,n,2,297.2,4.22,D,0
21.94291,105.29617,340.21,0.48,0.4,2022-05-05,0624,SNPP,SNPP,n,2,298.77,11.63,D,0
21.9403,105.0793,331.5,0.47,0.39,2022-05-05,0624,SNPP,SNPP,n,2,296.12,3.62,D,0
20.15412,105.13204,346.35,0.45,0.39,2022-05-05,0624,SNPP,SNPP,n,2,298.77,9.01,D,0
20.1627,105.06078,345.97,0.45,0.39,2022-05-05,0624,SNPP,SNPP,n,2,304.56,32.43,D,0
20.24409,105.63889,336.97,0.48,0.4,2022-05-05,0624,SNPP,SNPP,n,2,298.9,4.46,D,0
20.24775,105.63831,339.42,0.48,0.4,2022-05-05,0624,SNPP,SNPP,n,2,296.93,6.98,D,0
20.18699,105.07875,336.25,0.45,0.39,2022-05-05,0624,SNPP,SNPP,n,2,298.62,6.67,D,0
20.38561,105.69491,333.31,0.48,0.4,2022-05-05,0624,SNPP,SNPP,n,2,295.94,2.94,D,0
20.46414,105.70421,332.89,0.48,0.4,2022-05-05,0624,SNPP,SNPP,n,2,297.65,4.67,D,0
20.4789,105.67364,337.28,0.48,0.4,2022-05-05,0624,SNPP,SNPP,n,2,296.74,3.81,D,0
20.4826,105.6732,341.96,0.48,0.4,2022-05-05,0624,SNPP,SNPP,n,2,300.26,28.69,D,0
20.39332,104.95874,337.29,0.45,0.39,2022-05-05,0624,SNPP,SNPP,n,2,301.23,15.46,D,0
20.39747,104.96252,341.87,0.45,0.39,2022-05-05,0624,SNPP,SNPP,n,2,298.86,7.45,D,0
20.39687,104.95818,349.8,0.45,0.39,2022-05-05,0624,SNPP,SNPP,n,2,298.81,15.46,D,0
20.40104,104.96207,343.25,0.45,0.39,2022-05-05,0624,SNPP,SNPP,n,2,299.63,67.83,D,0
20.39983,104.95334,336.15,0.44,0.39,2022-05-05,0624,SNPP,SNPP,n,2,297.2,58.6,D,0
20.40043,104.9577,311.81,0.45,0.39,2022-05-05,0624,SNPP,SNPP,l,2,324.86,58.6,D,0
20.40021,104.9631,342.55,0.45,0.39,2022-05-05,0624,SNPP,SNPP,n,2,297.97,18.73,D,0
20.39906,104.95438,340.06,0.45,0.39,2022-05-05,0624,SNPP,SNPP,n,2,297.81,56.45,D,0
20.39963,104.95875,367,0.45,0.39,2022-05-05,0624,SNPP,SNPP,l,2,325.98,56.45,D,0
20.4032,104.95825,345.73,0.45,0.39,2022-05-05,0624,SNPP,SNPP,n,2,297.07,56.45,D,0
20.56343,105.52675,334.3,0.47,0.4,2022-05-05,0624,SNPP,SNPP,n,2,297.7,4.09,D,0
20.68797,104.85403,333.88,0.44,0.39,2022-05-05,0624,SNPP,SNPP,n,2,299.87,5,D,0
20.79618,105.51791,335.34,0.48,0.4,2022-05-05,0624,SNPP,SNPP,n,2,287.83,3.28,D,0
20.79523,105.51995,332.63,0.48,0.4,2022-05-05,0624,SNPP,SNPP,n,2,286.02,3.6,D,0
20.88182,105.21311,343.38,0.46,0.39,2022-05-05,0624,SNPP,SNPP,n,2,296.23,6.57,D,0
20.87425,104.93434,337.03,0.45,0.39,2022-05-05,0624,SNPP,SNPP,n,2,303.76,4.61,D,0
21.22884,106.73656,331.3,0.56,0.43,2022-05-05,0624,SNPP,SNPP,n,2,299.5,3.79,D,0
21.21379,105.22805,338.64,0.47,0.39,2022-05-05,0624,SNPP,SNPP,n,2,300.03,5.82,D,0
21.00916,106.53851,307.18,0.39,0.44,2022-05-05,1853,SNPP,SNPP,n,2,288.08,1.01,N,2
20.53057,105.86584,304.39,0.54,0.42,2022-05-05,1853,SNPP,SNPP,n,2,289.7,0.78,N,2
20.40328,105.90222,308.66,0.55,0.42,2022-05-05,1853,SNPP,SNPP,n,2,290.73,2.04,N,2
20.39941,105.90139,306.2,0.55,0.42,2022-05-05,1853,SNPP,SNPP,n,2,290.16,0.94,N,2
20.34125,105.91092,304.79,0.55,0.42,2022-05-05,1853,SNPP,SNPP,n,2,289.38,0.91,N,2
20.34028,105.9145,303.77,0.55,0.43,2022-05-05,1853,SNPP,SNPP,n,2,289.3,0.95,N,0
20.12747,105.86662,301.49,0.55,0.43,2022-05-05,1853,SNPP,SNPP,n,2,288.89,0.71,N,2
21.82318,105.65937,339.56,0.4,0.44,2022-05-07,0546,SNPP,SNPP,n,2,290.34,10.62,D,0
21.87776,105.59203,332.14,0.4,0.44,2022-05-07,0546,SNPP,SNPP,n,2,289.44,1.91,D,0
21.01932,106.53017,310.18,0.41,0.37,2022-05-11,1840,SNPP,SNPP,n,2,288.14,1.25,N,2
21.01387,106.54137,307.39,0.41,0.37,2022-05-11,1840,SNPP,SNPP,n,2,288.16,1.26,N,2
21.56716,106.4948,301.61,0.47,0.39,2022-05-16,1846,SNPP,SNPP,n,2,287.63,0.46,N,0
21.04006,106.5882,302.62,0.48,0.4,2022-05-16,1846,SNPP,SNPP,n,2,289.25,0.7,N,2
21.02072,106.53008,324.57,0.48,0.4,2022-05-16,1846,SNPP,SNPP,n,2,288.47,2.13,N,2
21.01707,106.52934,312.36,0.48,0.4,2022-05-16,1846,SNPP,SNPP,n,2,289.67,2.13,N,2
21.01546,106.53842,305.84,0.48,0.4,2022-05-16,1846,SNPP,SNPP,n,2,288.82,1.68,N,2
20.40178,105.68349,326.02,0.53,0.5,2022-05-18,0539,SNPP,SNPP,n,2,286.87,2.94,D,0
20.52131,105.57564,328.39,0.53,0.5,2022-05-18,0539,SNPP,SNPP,n,2,281.67,4.07,D,0
21.73569,105.85291,331.93,0.48,0.48,2022-05-18,0540,SNPP,SNPP,n,2,281.13,4.4,D,0
21.73468,105.84774,332.44,0.49,0.48,2022-05-18,0540,SNPP,SNPP,n,2,281.69,4.4,D,0
21.03802,106.58915,303.32,0.42,0.45,2022-05-18,1809,SNPP,SNPP,n,2,282.5,0.82,N,2
21.01427,106.54028,301.14,0.42,0.45,2022-05-18,1809,SNPP,SNPP,n,2,281.32,0.79,N,2
20.9623,106.75729,301.12,0.41,0.45,2022-05-18,1809,SNPP,SNPP,n,2,281.24,0.61,N,0
20.9822,105.80508,301.23,0.47,0.47,2022-05-18,1809,SNPP,SNPP,n,2,283.71,0.25,N,0
20.93849,106.10025,321.39,0.45,0.47,2022-05-18,1809,SNPP,SNPP,n,2,282.06,1.81,N,0
20.52953,105.86531,302.7,0.46,0.47,2022-05-18,1809,SNPP,SNPP,n,2,282.66,0.91,N,2
20.40553,105.89964,306.06,0.45,0.47,2022-05-18,1809,SNPP,SNPP,n,2,285.71,1.05,N,2
20.40119,105.89909,306.32,0.45,0.47,2022-05-18,1809,SNPP,SNPP,n,2,285.47,1.06,N,2
20.40069,105.90337,302.5,0.45,0.47,2022-05-18,1809,SNPP,SNPP,n,2,285.83,1.06,N,0
20.34973,105.91152,300.65,0.45,0.47,2022-05-18,1809,SNPP,SNPP,n,2,283.4,0.53,N,2
20.89433,106.14993,310.53,0.45,0.63,2022-05-19,1750,SNPP,SNPP,n,2,283.27,0.9,N,0
21.0181,106.53046,345.6,0.39,0.36,2022-05-22,1834,SNPP,SNPP,n,2,289.42,4.52,N,2
21.01302,106.54093,310.2,0.39,0.36,2022-05-22,1834,SNPP,SNPP,n,2,288.73,1.2,N,2
21.04051,106.5894,295.92,0.47,0.64,2022-05-25,1918,SNPP,SNPP,n,2,275.82,0.38,N,2
21.01678,106.53043,306.31,0.47,0.64,2022-05-25,1918,SNPP,SNPP,n,2,281.04,1.48,N,2
21.01734,106.53194,327.12,0.4,0.37,2022-05-27,0611,SNPP,SNPP,n,2,276.8,2.24,D,2
20.23814,106.02641,328.61,0.5,0.41,2022-05-28,0552,SNPP,SNPP,n,2,291.82,4.43,D,0
20.40463,105.90191,298.49,0.46,0.39,2022-05-28,1821,SNPP,SNPP,n,2,267.8,0.6,N,2
20.40102,105.90137,300.02,0.46,0.39,2022-05-28,1821,SNPP,SNPP,n,2,267.31,0.6,N,2
20.34822,105.91096,308.67,0.46,0.39,2022-05-28,1821,SNPP,SNPP,n,2,283.91,0.88,N,2
20.34705,105.913,306.36,0.46,0.39,2022-05-28,1821,SNPP,SNPP,n,2,284.76,1.07,N,2
21.21316,105.93471,306.82,0.54,0.51,2022-05-31,1905,SNPP,SNPP,n,2,284.63,1.17,N,0
20.4021,105.90127,305.33,0.55,0.51,2022-05-31,1905,SNPP,SNPP,n,2,285.26,1.3,N,2
21.25723,105.66949,331.19,0.42,0.37,2022-06-01,0617,SNPP,SNPP,n,2,300.58,7.87,D,0
21.31329,105.62411,331.4,0.42,0.37,2022-06-01,0617,SNPP,SNPP,n,2,300.15,6.99,D,0
21.03722,106.58937,303.95,0.42,0.45,2022-06-03,1809,SNPP,SNPP,n,2,281.33,1.75,N,2
20.12007,105.1472,342.64,0.56,0.69,2022-06-04,0701,SNPP,SNPP,n,2,273.22,10.52,D,0
20.12083,105.15598,357.26,0.56,0.69,2022-06-04,0701,SNPP,SNPP,l,2,273.96,10.52,D,0
21.01645,106.02931,297.61,0.46,0.63,2022-06-04,1750,SNPP,SNPP,n,2,270.28,0.74,N,0
20.5298,105.86559,307.31,0.46,0.64,2022-06-04,1750,SNPP,SNPP,n,2,284.44,1.78,N,2
20.4006,105.90172,303.21,0.46,0.64,2022-06-04,1750,SNPP,SNPP,n,2,279.92,1.24,N,2
20.40369,105.901,303.84,0.46,0.64,2022-06-04,1750,SNPP,SNPP,n,2,279.77,0.86,N,2
20.33993,105.92636,330.33,0.42,0.38,2022-06-17,0617,SNPP,SNPP,l,2,301.61,6.49,D,0
20.40345,105.89994,332.7,0.42,0.38,2022-06-17,0617,SNPP,SNPP,n,2,300.45,3.92,D,2
21.01801,106.5317,331.35,0.45,0.39,2022-06-17,0617,SNPP,SNPP,n,2,299.91,4.99,D,2
21.55824,105.86456,304.75,0.44,0.38,2022-06-17,1846,SNPP,SNPP,n,2,277.85,1.12,N,0
20.95026,105.06895,331.2,0.45,0.39,2022-06-18,0558,SNPP,SNPP,n,2,284.32,3.14,D,0
21.01885,106.52875,329.67,0.39,0.36,2022-06-18,1828,SNPP,SNPP,n,2,294.87,2.53,N,2
21.01828,106.5325,322.03,0.39,0.36,2022-06-18,1828,SNPP,SNPP,n,2,293.41,2.53,N,2
21.01436,106.5357,310.87,0.39,0.36,2022-06-18,1828,SNPP,SNPP,n,2,293.8,0.91,N,2
21.0138,106.53946,312.72,0.39,0.36,2022-06-18,1828,SNPP,SNPP,n,2,294.13,0.91,N,2
21.01045,106.53889,312.45,0.39,0.36,2022-06-18,1828,SNPP,SNPP,n,2,293.61,1.04,N,2
20.96361,106.75759,310.09,0.39,0.36,2022-06-18,1828,SNPP,SNPP,n,2,293.07,2.8,N,0
20.40854,105.90027,313.17,0.4,0.37,2022-06-18,1828,SNPP,SNPP,n,2,292.41,1.11,N,2
20.40515,105.89971,313.73,0.4,0.37,2022-06-18,1828,SNPP,SNPP,n,2,292.59,1.11,N,2
20.40176,105.89916,315.31,0.4,0.37,2022-06-18,1828,SNPP,SNPP,n,2,292.14,1.61,N,2
20.34723,105.9105,308.15,0.4,0.37,2022-06-18,1828,SNPP,SNPP,n,2,292.53,2.88,N,2
21.23421,105.23563,329.14,0.54,0.51,2022-06-19,0540,SNPP,SNPP,n,2,285.49,3.05,D,0
21.78313,106.22105,343.45,0.46,0.47,2022-06-19,0540,SNPP,SNPP,n,2,283.27,4.92,D,0
20.52992,105.86528,310.13,0.45,0.47,2022-06-19,1809,SNPP,SNPP,n,2,290.38,4.75,N,2
21.81904,106.0899,325.24,0.68,0.74,2022-06-20,0702,SNPP,SNPP,n,2,276.14,2.61,D,0
20.40612,105.89894,297.72,0.46,0.63,2022-06-20,1750,SNPP,SNPP,n,2,265.98,0.45,N,2
20.8,105.47987,342.49,0.6,0.53,2022-06-21,0643,SNPP,SNPP,n,2,294.15,21.68,D,0
20.79939,105.47425,341.88,0.6,0.53,2022-06-21,0643,SNPP,SNPP,n,2,294.19,15.84,D,0
20.80143,105.47759,367,0.6,0.53,2022-06-21,0643,SNPP,SNPP,h,2,294.8,31.68,D,0
20.94648,105.05698,331.76,0.57,0.52,2022-06-21,0643,SNPP,SNPP,n,2,293.9,5.25,D,0
21.01944,106.53048,303.28,0.38,0.59,2022-06-21,1912,SNPP,SNPP,n,2,274.15,0.9,N,2
20.40588,105.89849,308.32,0.38,0.36,2022-06-23,1834,SNPP,SNPP,n,2,290.51,1.32,N,2
20.402,105.90157,315.23,0.38,0.36,2022-06-23,1834,SNPP,SNPP,n,2,291.39,1.32,N,2
20.34234,105.91359,306.17,0.38,0.36,2022-06-23,1834,SNPP,SNPP,n,2,291.46,1.62,N,2
20.12976,105.86566,307.46,0.38,0.36,2022-06-23,1834,SNPP,SNPP,n,2,292.35,0.98,N,2
21.19231,106.0442,335.8,0.39,0.44,2022-06-24,0546,SNPP,SNPP,n,2,292.58,3.04,D,0
21.01755,106.52664,312.45,0.51,0.41,2022-06-24,1815,SNPP,SNPP,n,2,290.84,2.26,N,2
21.01692,106.53158,312.11,0.51,0.41,2022-06-24,1815,SNPP,SNPP,n,2,291.45,2.26,N,2
21.01805,106.529,325.05,0.51,0.41,2022-06-24,1815,SNPP,SNPP,n,2,291.86,4.4,N,2
21.01292,106.53828,307.13,0.51,0.41,2022-06-24,1815,SNPP,SNPP,n,2,290.06,2.66,N,2
20.5294,105.86562,307.26,0.55,0.43,2022-06-24,1815,SNPP,SNPP,n,2,290.55,1.75,N,2
20.40546,105.89919,308.43,0.54,0.42,2022-06-24,1815,SNPP,SNPP,n,2,292.88,2.86,N,2
20.34811,105.91192,308.97,0.54,0.42,2022-06-24,1815,SNPP,SNPP,n,2,292.54,2.31,N,2
20.34862,105.91069,309.67,0.54,0.42,2022-06-24,1815,SNPP,SNPP,n,2,292.6,1.94,N,2
21.04025,106.58954,310.68,0.33,0.55,2022-06-25,1756,SNPP,SNPP,n,2,289.76,2.09,N,2
20.924,106.07165,313.59,0.35,0.57,2022-06-25,1756,SNPP,SNPP,n,2,288.79,2.2,N,0
20.33851,106.20683,306.58,0.34,0.56,2022-06-25,1757,SNPP,SNPP,n,2,289.38,4.13,N,0
20.34772,105.91164,309.91,0.36,0.57,2022-06-25,1757,SNPP,SNPP,n,2,289.77,2.06,N,2
20.33963,105.91062,304.95,0.45,0.63,2022-06-26,1918,SNPP,SNPP,n,2,286.18,1.09,N,2
21.01764,106.53046,299.48,0.43,0.38,2022-06-29,1822,SNPP,SNPP,n,2,260.71,1.6,N,2
21.74734,105.18474,340.56,0.47,0.48,2022-07-02,0637,SNPP,SNPP,n,2,293.14,7.44,D,0
21.658,105.28945,330.84,0.41,0.37,2022-07-03,0618,SNPP,SNPP,n,2,283.16,2.72,D,0
21.55874,105.86809,300.46,0.44,0.38,2022-07-03,1847,SNPP,SNPP,n,2,266.61,0.43,N,2
21.55932,105.86931,299.46,0.44,0.39,2022-07-03,1847,SNPP,SNPP,n,2,266.02,0.53,N,2
20.39711,106.52885,302.44,0.49,0.4,2022-07-03,1847,SNPP,SNPP,n,2,274.37,0.83,N,0
21.018,106.53001,309.19,0.39,0.44,2022-07-08,1853,SNPP,SNPP,n,2,279.27,1.66,N,2
21.55678,105.87062,308.62,0.38,0.36,2022-07-09,1834,SNPP,SNPP,n,2,292.06,1.4,N,0
21.0138,106.54081,306.98,0.39,0.36,2022-07-09,1834,SNPP,SNPP,n,2,292.57,1.5,N,2
20.78059,105.63374,303.84,0.38,0.36,2022-07-09,1834,SNPP,SNPP,n,2,291.56,1.58,N,0
20.531,105.86552,307.49,0.38,0.36,2022-07-09,1834,SNPP,SNPP,n,2,291.96,1.19,N,2
20.48068,105.88296,306.28,0.38,0.36,2022-07-09,1834,SNPP,SNPP,n,2,292.1,0.83,N,0
20.40711,105.90067,309.27,0.38,0.36,2022-07-09,1835,SNPP,SNPP,n,2,292.4,1.17,N,2
20.34755,105.91309,312.26,0.38,0.36,2022-07-09,1835,SNPP,SNPP,n,2,292.2,0.76,N,2
20.12779,105.86765,304.63,0.38,0.36,2022-07-09,1835,SNPP,SNPP,n,2,291.5,0.66,N,2
21.83922,105.20657,302,0.41,0.45,2022-07-10,1815,SNPP,SNPP,n,2,280.87,0.94,N,0
21.03844,106.59037,307.05,0.5,0.41,2022-07-10,1816,SNPP,SNPP,n,2,290.78,1.98,N,2
21.02077,106.60754,306.91,0.5,0.41,2022-07-10,1816,SNPP,SNPP,n,2,290.21,2.37,N,0
20.52823,105.86755,306.26,0.54,0.42,2022-07-10,1816,SNPP,SNPP,n,2,290.62,1.82,N,0
20.34763,105.91096,309.58,0.54,0.42,2022-07-10,1816,SNPP,SNPP,n,2,290.51,2.94,N,2
20.92376,106.72503,310.14,0.32,0.54,2022-07-11,1757,SNPP,SNPP,n,2,290.45,1.95,N,0
21.70813,105.7598,332.13,0.41,0.61,2022-07-12,0649,SNPP,SNPP,n,2,288.35,3.4,D,0
21.17649,106.05923,304.39,0.71,0.75,2022-07-12,1738,SNPP,SNPP,n,2,287.11,1.16,N,0
21.04038,106.58814,297.16,0.66,0.73,2022-07-12,1738,SNPP,SNPP,n,2,274.51,1.13,N,2
21.01959,106.52798,308.79,0.48,0.65,2022-07-12,1918,SNPP,SNPP,n,2,287.64,2.29,N,2
21.01617,106.52783,303.96,0.48,0.65,2022-07-12,1918,SNPP,SNPP,n,2,287.51,3.1,N,2
21.55934,105.86658,304.28,0.43,0.46,2022-07-13,1859,SNPP,SNPP,n,2,291.91,3.44,N,0
21.03952,106.58913,306.96,0.49,0.48,2022-07-13,1900,SNPP,SNPP,n,2,292.43,1.72,N,2
20.40961,106.16987,334.52,0.47,0.48,2022-07-13,1900,SNPP,SNPP,n,2,288.43,4.74,N,0
21.33236,105.83368,333.37,0.39,0.36,2022-07-14,0612,SNPP,SNPP,l,2,303.74,3.79,D,0
21.42251,106.25693,331.38,0.4,0.37,2022-07-14,0612,SNPP,SNPP,n,2,299.24,1.39,D,0
21.62409,106.03586,334.96,0.39,0.37,2022-07-14,0612,SNPP,SNPP,n,2,296.67,4.1,D,0
21.64799,106.08257,338.87,0.4,0.37,2022-07-14,0612,SNPP,SNPP,n,2,296.29,3.13,D,0
21.73469,106.07623,339.53,0.4,0.37,2022-07-14,0612,SNPP,SNPP,n,2,298.18,10.99,D,0
21.73805,106.07567,348.59,0.4,0.37,2022-07-14,0612,SNPP,SNPP,n,2,296.42,10.99,D,0
21.55793,105.86827,303.06,0.4,0.37,2022-07-14,1841,SNPP,SNPP,n,2,278.6,0.5,N,2
21.07425,105.9109,306.17,0.46,0.39,2022-07-15,1822,SNPP,SNPP,n,2,286.5,1.07,N,0
20.53093,105.86649,306.46,0.45,0.39,2022-07-15,1822,SNPP,SNPP,n,2,290.56,0.7,N,2
20.40604,105.89864,308.82,0.45,0.39,2022-07-15,1822,SNPP,SNPP,n,2,290.63,1.87,N,2
20.93869,106.09769,301.76,0.55,0.51,2022-07-16,1803,SNPP,SNPP,n,2,276,1.59,N,0
21.03794,106.58717,304.78,0.52,0.67,2022-07-17,1744,SNPP,SNPP,n,2,280.53,0.71,N,2
20.15992,105.08324,336,0.45,0.47,2022-07-18,0637,SNPP,SNPP,n,2,278.92,3.3,D,0
20.46446,105.47598,341.94,0.48,0.48,2022-07-18,0637,SNPP,SNPP,n,2,285.22,10.45,D,0
20.48269,105.55717,336.1,0.48,0.48,2022-07-18,0637,SNPP,SNPP,n,2,285.66,4.22,D,0
20.48724,105.55725,333.48,0.48,0.48,2022-07-18,0637,SNPP,SNPP,n,2,285.41,4.77,D,0
20.17341,105.44456,333.17,0.41,0.37,2022-07-19,0618,SNPP,SNPP,n,2,283.02,3.02,D,0
20.51344,105.38438,334.28,0.41,0.37,2022-07-19,0618,SNPP,SNPP,n,2,291.93,8.51,D,0
20.51289,105.38046,330.71,0.41,0.37,2022-07-19,0618,SNPP,SNPP,n,2,292.11,7.3,D,0
20.96306,106.75729,302.82,0.39,0.36,2022-07-20,1828,SNPP,SNPP,n,2,283.79,1,N,0
20.78275,106.63205,303.66,0.39,0.36,2022-07-20,1828,SNPP,SNPP,n,2,281.79,0.78,N,0
21.03618,106.58755,307.7,0.41,0.61,2022-07-22,1751,SNPP,SNPP,n,2,287.74,1,N,2
20.52888,106.11539,356.29,0.33,0.55,2022-07-23,0643,SNPP,SNPP,n,2,290.79,3.95,D,0
21.01343,106.53957,306.18,0.38,0.59,2022-07-23,1912,SNPP,SNPP,n,2,291.47,2.6,N,2
21.01912,106.5304,306.41,0.38,0.59,2022-07-23,1912,SNPP,SNPP,n,2,291.95,2.05,N,2
20.12888,105.21397,332.3,0.46,0.39,2022-07-24,0624,SNPP,SNPP,n,2,297.56,5.63,D,0
20.14063,105.07475,333.32,0.45,0.39,2022-07-24,0624,SNPP,SNPP,n,2,295.13,3.59,D,0
21.03445,106.40829,331.14,0.54,0.42,2022-07-24,0624,SNPP,SNPP,n,2,297,4.15,D,0
21.00735,106.54062,308.84,0.39,0.44,2022-07-24,1853,SNPP,SNPP,n,2,296.07,0.68,N,2
20.5304,105.86566,308.51,0.55,0.42,2022-07-24,1854,SNPP,SNPP,n,2,297.09,0.86,N,2
20.39892,105.9019,309.14,0.55,0.43,2022-07-24,1854,SNPP,SNPP,n,2,296.83,1.06,N,0
20.96525,106.51595,335.12,0.38,0.36,2022-07-25,0605,SNPP,SNPP,l,2,308.07,2.22,D,0
21.00999,106.54225,335.83,0.38,0.36,2022-07-25,0605,SNPP,SNPP,l,2,308.37,2.7,D,2
21.01824,106.5295,338.25,0.38,0.36,2022-07-25,0605,SNPP,SNPP,l,2,310.7,3.62,D,2
21.02337,105.61705,335.48,0.39,0.36,2022-07-25,0605,SNPP,SNPP,l,2,308.47,3.96,D,0
21.02278,105.61332,334.57,0.39,0.36,2022-07-25,0605,SNPP,SNPP,l,2,309.06,3.96,D,0
21.02669,105.61646,332.95,0.39,0.36,2022-07-25,0605,SNPP,SNPP,l,2,307.69,5.7,D,0
21.04923,105.616,333.24,0.39,0.36,2022-07-25,0605,SNPP,SNPP,l,2,306.75,2.7,D,0
21.05256,105.61541,334.53,0.39,0.36,2022-07-25,0605,SNPP,SNPP,l,2,306.84,2.2,D,0
21.05647,105.61854,332.7,0.39,0.36,2022-07-25,0605,SNPP,SNPP,l,2,306.11,2.2,D,0
21.05588,105.61481,332.04,0.39,0.36,2022-07-25,0605,SNPP,SNPP,l,2,306.32,2.2,D,0
21.09503,105.58095,332.07,0.39,0.36,2022-07-25,0605,SNPP,SNPP,l,2,305.78,2.84,D,0
21.33473,105.83672,335.64,0.39,0.36,2022-07-25,0606,SNPP,SNPP,l,2,310.2,11.12,D,0
21.46182,105.89018,335.95,0.39,0.36,2022-07-25,0606,SNPP,SNPP,l,2,307.27,11.06,D,0
21.39804,105.22112,330.51,0.39,0.36,2022-07-25,0606,SNPP,SNPP,l,2,304.87,5.62,D,0
21.6928,105.56409,308.24,0.39,0.36,2022-07-25,1834,SNPP,SNPP,n,2,295.21,1.25,N,0
21.04021,106.5885,312.48,0.39,0.36,2022-07-25,1835,SNPP,SNPP,n,2,299.16,2.17,N,2
21.01421,106.53802,310.37,0.39,0.36,2022-07-25,1835,SNPP,SNPP,n,2,298.56,1.93,N,2
21.01361,106.54173,310.28,0.39,0.36,2022-07-25,1835,SNPP,SNPP,n,2,297.71,1.17,N,3
20.75924,105.97027,317.95,0.38,0.36,2022-07-25,1835,SNPP,SNPP,n,2,298.05,1.35,N,0
20.6667,106.42268,307.94,0.39,0.36,2022-07-25,1835,SNPP,SNPP,n,2,296.78,0.38,N,0
20.34819,105.91367,317.06,0.38,0.36,2022-07-25,1835,SNPP,SNPP,n,2,298.17,1.13,N,2
20.30419,106.27922,330.07,0.57,0.43,2022-07-26,0546,SNPP,SNPP,l,2,303.48,1.84,D,0
20.20011,105.45699,330.55,0.43,0.46,2022-07-26,0546,SNPP,SNPP,n,2,299.86,4.06,D,0
20.33941,105.92551,332.26,0.4,0.44,2022-07-26,0546,SNPP,SNPP,l,2,307.25,5.88,D,0
20.40534,106.14883,342.69,0.39,0.44,2022-07-26,0546,SNPP,SNPP,n,2,306.49,4.19,D,0
20.79476,106.72033,332.58,0.53,0.42,2022-07-26,0546,SNPP,SNPP,l,2,306.47,3.15,D,0
20.6698,105.92403,330.54,0.39,0.44,2022-07-26,0546,SNPP,SNPP,l,2,305.34,6.07,D,0
20.7346,106.25517,331.34,0.57,0.43,2022-07-26,0546,SNPP,SNPP,l,2,304.27,3.5,D,0
20.93221,106.19282,331.95,0.57,0.43,2022-07-26,0547,SNPP,SNPP,l,2,305.97,5.99,D,0
20.92824,106.17113,334.66,0.57,0.43,2022-07-26,0547,SNPP,SNPP,l,2,305.05,5.08,D,0
20.91241,106.08482,330.44,0.38,0.43,2022-07-26,0547,SNPP,SNPP,l,2,304.4,4.6,D,0
20.81577,105.44875,338.01,0.42,0.45,2022-07-26,0547,SNPP,SNPP,n,2,297.89,4.02,D,0
20.84545,105.2832,330.49,0.43,0.46,2022-07-26,0547,SNPP,SNPP,n,2,296.62,3.13,D,0
20.98915,105.98059,330.09,0.39,0.44,2022-07-26,0547,SNPP,SNPP,l,2,304.87,2.36,D,0
21.04494,106.05958,331.9,0.57,0.43,2022-07-26,0547,SNPP,SNPP,l,2,306.21,5.39,D,0
21.06179,106.10712,331.05,0.57,0.43,2022-07-26,0547,SNPP,SNPP,l,2,305.65,6.7,D,0
21.0598,106.10616,331.49,0.57,0.43,2022-07-26,0547,SNPP,SNPP,l,2,306.44,5.42,D,0
21.09775,106.00066,337.84,0.38,0.43,2022-07-26,0547,SNPP,SNPP,n,2,305.4,5.5,D,0
21.10241,106.0035,332.74,0.38,0.43,2022-07-26,0547,SNPP,SNPP,l,2,304.49,5.66,D,0
21.1742,105.96123,348.83,0.38,0.44,2022-07-26,0547,SNPP,SNPP,n,2,299.91,3.04,D,0
21.24797,106.18227,340.01,0.56,0.43,2022-07-26,0547,SNPP,SNPP,n,2,307.8,10.35,D,0
21.24008,106.13929,333.83,0.56,0.43,2022-07-26,0547,SNPP,SNPP,l,2,308.82,10.58,D,0
21.33127,105.8395,331.27,0.39,0.44,2022-07-26,0547,SNPP,SNPP,l,2,304.93,4.58,D,0
21.26648,105.48798,332.13,0.41,0.45,2022-07-26,0547,SNPP,SNPP,l,2,302.65,2.23,D,0
21.31248,105.62714,331.33,0.4,0.44,2022-07-26,0547,SNPP,SNPP,l,2,302.93,2.2,D,0
21.69574,105.65808,345.98,0.39,0.44,2022-07-26,0547,SNPP,SNPP,n,2,297.23,6.79,D,0
21.89766,105.34802,345.75,0.41,0.45,2022-07-26,0547,SNPP,SNPP,n,2,299.45,11.03,D,0
21.21161,105.93105,302.68,0.72,0.75,2022-08-13,1738,SNPP,SNPP,n,2,283.31,2.18,N,0
21.21311,105.93423,305.08,0.44,0.62,2022-08-13,1919,SNPP,SNPP,n,2,285.67,0.44,N,0
21.30573,106.19827,304.53,0.46,0.47,2022-08-14,1900,SNPP,SNPP,n,2,289.78,1.61,N,0
21.02127,106.53157,305.02,0.49,0.49,2022-08-14,1900,SNPP,SNPP,n,2,290.26,1.53,N,2
21.01778,106.52589,305.09,0.49,0.48,2022-08-14,1900,SNPP,SNPP,n,2,290.17,1.52,N,2
21.01685,106.53056,312.07,0.49,0.49,2022-08-14,1900,SNPP,SNPP,n,2,290.74,1.52,N,2
20.34053,105.9269,335.21,0.39,0.36,2022-08-15,0612,SNPP,SNPP,n,2,301.65,5.68,D,0
20.44272,106.3096,330.29,0.4,0.37,2022-08-15,0612,SNPP,SNPP,n,2,298.99,2.91,D,0
20.42327,106.1506,330.91,0.39,0.36,2022-08-15,0612,SNPP,SNPP,n,2,299.75,6.67,D,0
20.86263,106.57115,330.47,0.4,0.37,2022-08-15,0612,SNPP,SNPP,l,2,302.8,7.57,D,0
20.88134,106.04464,331.04,0.39,0.36,2022-08-15,0612,SNPP,SNPP,n,2,300.35,4.95,D,0
20.9313,106.1759,330.85,0.4,0.37,2022-08-15,0612,SNPP,SNPP,n,2,299.38,6.48,D,0
20.91644,105.8501,330.47,0.39,0.36,2022-08-15,0612,SNPP,SNPP,n,2,299.99,2.54,D,0
20.99013,105.98017,335.13,0.39,0.36,2022-08-15,0612,SNPP,SNPP,n,2,302.08,3.25,D,0
20.98958,105.97641,330.27,0.39,0.36,2022-08-15,0612,SNPP,SNPP,l,2,300.78,3.25,D,0
21.12156,105.99773,331.36,0.39,0.36,2022-08-15,0612,SNPP,SNPP,l,2,301.65,3.74,D,0
21.12101,105.99396,330.85,0.39,0.36,2022-08-15,0612,SNPP,SNPP,l,2,301.63,3.74,D,0
21.17277,105.96196,338.33,0.39,0.36,2022-08-15,0612,SNPP,SNPP,n,2,296.28,2.25,D,0
21.31702,106.75499,333.64,0.41,0.37,2022-08-15,0612,SNPP,SNPP,n,2,295.74,3.28,D,0
21.1282,105.42545,332.63,0.39,0.36,2022-08-15,0612,SNPP,SNPP,l,2,303.47,3.54,D,0
21.23935,106.13734,333.81,0.4,0.37,2022-08-15,0612,SNPP,SNPP,n,2,300.49,3.38,D,0
21.33168,105.83903,331.79,0.39,0.36,2022-08-15,0612,SNPP,SNPP,l,2,302.42,8.11,D,0
21.55852,105.86831,306.7,0.4,0.37,2022-08-15,1841,SNPP,SNPP,n,2,293.13,2.11,N,2
21.47659,105.49776,306.18,0.39,0.36,2022-08-15,1841,SNPP,SNPP,n,2,292.69,1.68,N,0
21.16815,105.91601,314.11,0.4,0.37,2022-08-15,1841,SNPP,SNPP,n,2,293.12,0.87,N,0
21.01422,106.53785,310.54,0.42,0.38,2022-08-15,1841,SNPP,SNPP,n,2,293.9,4.02,N,2
20.40691,105.90053,310.8,0.41,0.37,2022-08-15,1841,SNPP,SNPP,n,2,294.12,1.59,N,2
20.39949,105.90311,311.63,0.41,0.37,2022-08-15,1841,SNPP,SNPP,n,2,293.64,1.05,N,2
20.34881,105.91354,311.38,0.41,0.37,2022-08-15,1841,SNPP,SNPP,n,2,293.6,0.6,N,2
20.12908,105.86603,307.26,0.41,0.37,2022-08-15,1841,SNPP,SNPP,n,2,293.05,0.64,N,2
20.87031,105.53303,331.98,0.5,0.41,2022-08-16,0553,SNPP,SNPP,n,2,296.9,3.8,D,0
20.93564,105.7697,335.16,0.49,0.4,2022-08-16,0553,SNPP,SNPP,n,2,298.35,5.2,D,0
20.92318,105.69949,333.67,0.49,0.4,2022-08-16,0553,SNPP,SNPP,n,2,297.66,6.51,D,0
20.92235,105.69477,331.25,0.49,0.4,2022-08-16,0553,SNPP,SNPP,n,2,297.79,4.24,D,0
20.92725,105.67917,330.24,0.49,0.41,2022-08-16,0553,SNPP,SNPP,n,2,297.1,3.63,D,0
20.97868,105.55594,331.45,0.5,0.41,2022-08-16,0553,SNPP,SNPP,n,2,296.4,3.05,D,0
20.97953,105.55833,332.46,0.5,0.41,2022-08-16,0553,SNPP,SNPP,n,2,296.56,4.16,D,0
21.18698,105.96177,330.5,0.47,0.4,2022-08-16,0553,SNPP,SNPP,l,2,298.94,3.91,D,0
21.33022,106.13914,335.69,0.46,0.39,2022-08-16,0553,SNPP,SNPP,n,2,298.52,3.44,D,0
21.34068,105.36234,334.84,0.5,0.41,2022-08-16,0553,SNPP,SNPP,n,2,297.44,5.42,D,0
21.33897,105.35266,330.08,0.51,0.41,2022-08-16,0553,SNPP,SNPP,n,2,298.12,2.22,D,0
21.34272,105.35192,332.74,0.51,0.41,2022-08-16,0553,SNPP,SNPP,n,2,297.46,2.22,D,0
21.78223,106.2169,332.47,0.45,0.39,2022-08-16,0553,SNPP,SNPP,n,2,294.86,4.33,D,0
21.81487,106.04073,332.26,0.46,0.39,2022-08-16,0553,SNPP,SNPP,l,2,294.76,17.53,D,0
20.53072,105.86373,306.45,0.45,0.39,2022-08-16,1822,SNPP,SNPP,n,2,290.72,1.39,N,2
20.40709,105.8979,309.96,0.45,0.39,2022-08-16,1822,SNPP,SNPP,n,2,292.18,2.05,N,2
20.39938,105.90104,311.16,0.45,0.39,2022-08-16,1822,SNPP,SNPP,n,2,292.04,2.58,N,2
20.34836,105.91238,313.64,0.45,0.39,2022-08-16,1823,SNPP,SNPP,n,2,292.17,2.66,N,2
21.46187,105.8903,326.39,0.59,0.53,2022-08-17,0534,SNPP,SNPP,n,2,293.38,9.95,D,0
21.465,105.8932,326.14,0.59,0.53,2022-08-17,0534,SNPP,SNPP,n,2,293.36,6.36,D,0
21.84023,105.20271,302.93,0.32,0.54,2022-08-17,1803,SNPP,SNPP,n,2,288.14,0.81,N,0
21.01562,106.5334,307.27,0.51,0.5,2022-08-17,1803,SNPP,SNPP,n,2,289.81,3.12,N,2
20.84929,106.06403,308.17,0.55,0.51,2022-08-17,1803,SNPP,SNPP,n,2,289.1,0.92,N,0
20.84801,106.06244,315,0.55,0.51,2022-08-17,1804,SNPP,SNPP,n,2,289.19,2.59,N,0
21.78122,106.22106,344.43,0.55,0.68,2022-08-18,0516,SNPP,SNPP,n,2,285.4,6.59,D,0
21.78421,106.22242,337.64,0.55,0.68,2022-08-18,0516,SNPP,SNPP,n,2,284.42,5.49,D,0
20.40483,106.60082,332.42,0.58,0.69,2022-08-18,0656,SNPP,SNPP,n,2,286.8,4,D,3
21.91816,106.01365,339.68,0.54,0.51,2022-08-19,0637,SNPP,SNPP,n,2,292.09,5.09,D,0
21.91891,106.01043,340.02,0.54,0.51,2022-08-19,0637,SNPP,SNPP,n,2,292.14,4.36,D,0
21.03884,106.58848,302.03,0.39,0.36,2022-08-21,1829,SNPP,SNPP,n,2,281.36,0.77,N,2
21.01818,106.52798,303.35,0.39,0.36,2022-08-21,1829,SNPP,SNPP,n,2,278.9,1.05,N,2
21.01761,106.53172,314.78,0.39,0.36,2022-08-21,1829,SNPP,SNPP,n,2,278.79,1.05,N,2
21.01314,106.53861,302.67,0.39,0.36,2022-08-21,1829,SNPP,SNPP,n,2,276.2,0.75,N,2
21.00924,106.54177,301.2,0.39,0.36,2022-08-21,1829,SNPP,SNPP,n,2,278.92,0.7,N,2
20.398,105.90146,304.6,0.4,0.37,2022-08-21,1829,SNPP,SNPP,n,2,280.88,1.22,N,2
20.34693,105.91325,306.73,0.4,0.37,2022-08-21,1829,SNPP,SNPP,n,2,281.37,0.8,N,2
21.03939,106.58932,307.37,0.41,0.45,2022-08-22,1810,SNPP,SNPP,n,2,289.58,1.53,N,2
21.01388,106.53857,300.46,0.41,0.45,2022-08-22,1810,SNPP,SNPP,n,2,278.88,1.01,N,2
20.53228,105.86473,304.47,0.44,0.46,2022-08-22,1810,SNPP,SNPP,n,2,285.22,1.08,N,2
20.39902,105.89984,305.19,0.44,0.46,2022-08-22,1810,SNPP,SNPP,n,2,285.19,0.96,N,2
21.03992,106.58715,309.34,0.41,0.6,2022-08-23,1751,SNPP,SNPP,n,2,289.08,1.37,N,2
20.52898,105.86344,304.85,0.45,0.63,2022-08-23,1751,SNPP,SNPP,n,2,288.69,1.33,N,2
20.34857,105.91203,305.7,0.44,0.62,2022-08-23,1751,SNPP,SNPP,n,2,289.49,1.32,N,2
20.1391,105.15777,335.55,0.58,0.52,2022-08-24,0643,SNPP,SNPP,n,2,288.29,7.64,D,0
20.48834,105.54108,337.79,0.62,0.54,2022-08-24,0643,SNPP,SNPP,n,2,276.62,10.55,D,0
21.6824,105.98817,339.85,0.34,0.56,2022-08-24,0644,SNPP,SNPP,n,2,285.61,4.1,D,0
21.68249,105.98652,348.1,0.34,0.56,2022-08-24,0644,SNPP,SNPP,n,2,285.99,4.33,D,0
21.90446,105.86633,330.83,0.52,0.41,2022-08-25,0625,SNPP,SNPP,n,2,269.38,2.97,D,0
21.90647,105.86331,334.14,0.52,0.41,2022-08-25,0625,SNPP,SNPP,n,2,269.54,6.31,D,0
21.01279,106.53984,307.93,0.39,0.36,2022-08-26,1835,SNPP,SNPP,n,2,291.49,2.61,N,2
20.39977,105.90198,302.32,0.38,0.36,2022-08-26,1835,SNPP,SNPP,n,2,280.27,0.59,N,2
21.03967,106.58911,307.16,0.5,0.41,2022-08-27,1816,SNPP,SNPP,n,2,293.13,1.74,N,2
21.0151,106.53906,306.39,0.5,0.41,2022-08-27,1816,SNPP,SNPP,n,2,292.42,2.21,N,2
20.40075,105.89973,310.9,0.53,0.42,2022-08-27,1816,SNPP,SNPP,n,2,292.15,1.06,N,2
20.3479,105.91254,308.43,0.53,0.42,2022-08-27,1816,SNPP,SNPP,n,2,292.39,1.19,N,2
20.34724,105.91012,309.68,0.53,0.42,2022-08-27,1816,SNPP,SNPP,n,2,292.6,1.07,N,2
20.6878,105.47842,349.14,0.41,0.61,2022-08-28,0528,SNPP,SNPP,n,2,287.64,6.34,D,0
21.03837,106.58821,315.27,0.32,0.55,2022-08-28,1757,SNPP,SNPP,n,2,291.85,1.56,N,2
21.01875,106.52831,308.79,0.32,0.55,2022-08-28,1757,SNPP,SNPP,n,2,291.32,0.93,N,2
21.01843,106.53146,304.68,0.32,0.55,2022-08-28,1757,SNPP,SNPP,n,2,289.61,0.93,N,2
21.0124,106.54031,308.2,0.32,0.55,2022-08-28,1757,SNPP,SNPP,n,2,290.84,1.02,N,2
21.01598,106.52827,306.6,0.32,0.55,2022-08-28,1757,SNPP,SNPP,n,2,291.72,1.7,N,2
21.0153,106.53458,306.45,0.32,0.55,2022-08-28,1757,SNPP,SNPP,n,2,290.85,2.13,N,2
21.01462,106.54088,306.41,0.32,0.55,2022-08-28,1757,SNPP,SNPP,n,2,290.63,1.56,N,2
20.52941,105.86593,310.8,0.35,0.57,2022-08-28,1757,SNPP,SNPP,n,2,292.28,1.86,N,2
20.34988,105.91048,303.19,0.35,0.57,2022-08-28,1757,SNPP,SNPP,n,2,289.89,1.08,N,2
21.49582,106.29315,336.61,0.69,0.74,2022-08-29,0510,SNPP,SNPP,n,2,289.61,7.99,D,0
20.17603,105.45602,347.1,0.38,0.59,2022-08-29,0650,SNPP,SNPP,n,2,286.77,7.19,D,0
20.18943,105.10148,344.08,0.36,0.58,2022-08-29,0650,SNPP,SNPP,n,2,288.47,7.98,D,0
20.18907,105.09808,342.87,0.36,0.58,2022-08-29,0650,SNPP,SNPP,n,2,288.4,5.59,D,0
20.1871,105.10093,339.62,0.36,0.58,2022-08-29,0650,SNPP,SNPP,n,2,288.84,4.33,D,0
20.1924,105.09974,344.31,0.36,0.58,2022-08-29,0650,SNPP,SNPP,n,2,288.45,4.33,D,0
21.06773,106.77549,333.98,0.48,0.64,2022-08-29,0650,SNPP,SNPP,n,2,291.83,2.87,D,0
21.06939,106.77544,332.72,0.48,0.65,2022-08-29,0650,SNPP,SNPP,n,2,290.59,3.07,D,0
21.73268,106.38494,342.5,0.46,0.63,2022-08-29,0650,SNPP,SNPP,n,2,292.08,4.79,D,0
21.88939,105.90876,367,0.43,0.62,2022-08-29,0650,SNPP,SNPP,h,2,294.77,20.88,D,0
21.90276,105.86372,343.81,0.43,0.62,2022-08-29,0650,SNPP,SNPP,n,2,292.25,7.37,D,0
21.01722,106.5294,305.39,0.49,0.65,2022-08-29,1919,SNPP,SNPP,n,2,291.4,2.12,N,2
20.14634,105.45436,351.03,0.38,0.43,2022-08-30,0631,SNPP,SNPP,n,2,298.08,8.51,D,0
20.45239,105.73519,335.02,0.4,0.44,2022-08-30,0631,SNPP,SNPP,n,2,298.19,2.57,D,0
20.58601,105.44527,332.48,0.39,0.44,2022-08-30,0631,SNPP,SNPP,n,2,298.53,2.27,D,0
20.79031,105.50078,343.31,0.39,0.44,2022-08-30,0631,SNPP,SNPP,n,2,295.73,5.96,D,0
20.79036,105.50072,342.62,0.39,0.44,2022-08-30,0631,SNPP,SNPP,n,2,295.56,6.37,D,0
21.254,106.74677,331.37,0.47,0.48,2022-08-30,0631,SNPP,SNPP,n,2,292.74,4.4,D,0
21.33391,105.83715,332.8,0.42,0.45,2022-08-30,0631,SNPP,SNPP,l,2,304.44,4.09,D,0
21.33342,105.83309,330.66,0.42,0.45,2022-08-30,0631,SNPP,SNPP,l,2,303.08,4.09,D,0
21.47311,106.29596,334.51,0.45,0.47,2022-08-30,0631,SNPP,SNPP,n,2,294.53,1.92,D,0
21.49343,105.99122,342.71,0.43,0.46,2022-08-30,0631,SNPP,SNPP,n,2,297.54,5.36,D,0
21.49345,105.99279,340.71,0.43,0.46,2022-08-30,0631,SNPP,SNPP,n,2,297.47,7.53,D,0
21.6295,105.14595,341.23,0.38,0.43,2022-08-30,0631,SNPP,SNPP,n,2,296.9,2.67,D,0
21.0192,106.52875,313.73,0.49,0.49,2022-08-30,1900,SNPP,SNPP,n,2,292.9,1.82,N,2
20.85518,106.18501,306.7,0.47,0.48,2022-08-30,1900,SNPP,SNPP,n,2,288.5,1.41,N,0
20.39867,105.90116,309.34,0.46,0.47,2022-08-30,1900,SNPP,SNPP,n,2,291.71,2.21,N,2
20.79881,106.69086,331.62,0.41,0.37,2022-08-31,0612,SNPP,SNPP,l,2,302.91,3.22,D,0
21.75366,105.23935,332.76,0.39,0.36,2022-08-31,0612,SNPP,SNPP,n,2,286.51,2.97,D,0
21.18374,106.36771,303.96,0.41,0.37,2022-08-31,1841,SNPP,SNPP,n,2,267.24,0.93,N,0
21.01859,106.53027,313.25,0.42,0.38,2022-08-31,1841,SNPP,SNPP,n,2,288.75,2.15,N,2
20.98922,105.8979,318.55,0.4,0.37,2022-08-31,1841,SNPP,SNPP,n,2,292.56,2.59,N,0
21.02047,106.52885,305.46,0.51,0.49,2022-09-02,1804,SNPP,SNPP,n,2,287.7,1.84,N,2
21.0148,106.53819,304.72,0.51,0.49,2022-09-02,1804,SNPP,SNPP,n,2,287.61,2.21,N,2
20.51494,105.59959,346.75,0.42,0.38,2022-09-05,0618,SNPP,SNPP,n,2,296.33,7.58,D,0
20.42146,104.89042,334.02,0.4,0.37,2022-09-05,0618,SNPP,SNPP,n,2,296.27,2.76,D,0
21.01777,106.5303,330.9,0.46,0.39,2022-09-05,0618,SNPP,SNPP,l,2,304.46,2.49,D,2
21.29742,106.82623,340.75,0.48,0.4,2022-09-05,0618,SNPP,SNPP,n,2,296.3,8.17,D,0
21.6317,105.30129,342.53,0.42,0.37,2022-09-05,0619,SNPP,SNPP,n,2,296.08,6.77,D,0
21.55877,105.86929,315.65,0.45,0.39,2022-09-05,1848,SNPP,SNPP,n,2,292.93,1.82,N,2
21.34761,105.87543,320.98,0.45,0.39,2022-09-05,1848,SNPP,SNPP,n,2,292.13,2.3,N,0
21.01726,106.53053,311.79,0.49,0.4,2022-09-05,1848,SNPP,SNPP,n,2,293.24,2.34,N,2
21.01555,106.53983,308.33,0.49,0.4,2022-09-05,1848,SNPP,SNPP,n,2,292.17,2.24,N,2
21.01925,106.52869,319.66,0.49,0.4,2022-09-05,1848,SNPP,SNPP,n,2,292.56,2.14,N,2
21.01392,106.53725,307.58,0.49,0.4,2022-09-05,1848,SNPP,SNPP,n,2,292.53,1.84,N,2
20.52958,105.86397,305.79,0.46,0.39,2022-09-05,1848,SNPP,SNPP,n,2,290.93,1.33,N,2
20.3986,105.90374,306.51,0.46,0.39,2022-09-05,1848,SNPP,SNPP,n,2,291.71,1.36,N,0
20.30789,106.04941,336.32,0.42,0.37,2022-09-06,0559,SNPP,SNPP,l,2,300.77,6.41,D,0
20.33608,106.17824,332.1,0.41,0.37,2022-09-06,0559,SNPP,SNPP,l,2,301.31,6,D,0
20.32029,105.75044,330.18,0.42,0.38,2022-09-06,0559,SNPP,SNPP,l,2,300.64,4.48,D,0
20.44164,106.18311,338.76,0.41,0.37,2022-09-06,0559,SNPP,SNPP,l,2,302.55,7.85,D,0
20.64851,106.05688,330.26,0.41,0.37,2022-09-06,0600,SNPP,SNPP,l,2,301.85,3.99,D,0
20.77916,105.91055,332.48,0.42,0.37,2022-09-06,0600,SNPP,SNPP,l,2,301.36,5.15,D,0
20.87923,105.99013,332.13,0.41,0.37,2022-09-06,0600,SNPP,SNPP,l,2,303.51,3.31,D,0
21.02325,106.84355,347.33,0.39,0.36,2022-09-06,0600,SNPP,SNPP,n,2,303.04,7.94,D,0
21.01128,106.54183,330.27,0.4,0.37,2022-09-06,0600,SNPP,SNPP,l,2,303.84,3.5,D,2
20.92252,105.69939,330.23,0.42,0.38,2022-09-06,0600,SNPP,SNPP,l,2,300.9,3.98,D,0
21.06497,106.07817,330.72,0.41,0.37,2022-09-06,0600,SNPP,SNPP,l,2,303.78,3.11,D,0
21.02034,105.61459,330.58,0.42,0.38,2022-09-06,0600,SNPP,SNPP,l,2,304.12,4.88,D,0
21.12834,105.78129,331.26,0.42,0.37,2022-09-06,0600,SNPP,SNPP,l,2,303.67,3.94,D,0
21.09513,105.49606,331.59,0.43,0.38,2022-09-06,0600,SNPP,SNPP,l,2,297.87,2.41,D,0
21.20645,105.99947,334.74,0.41,0.37,2022-09-06,0600,SNPP,SNPP,l,2,304.25,8.48,D,0
21.3303,105.83903,333.17,0.41,0.37,2022-09-06,0600,SNPP,SNPP,l,2,307.28,10.02,D,0
21.30878,105.62457,331.36,0.42,0.38,2022-09-06,0600,SNPP,SNPP,l,2,302.19,8.76,D,0
21.55684,105.87463,333.85,0.41,0.37,2022-09-06,0600,SNPP,SNPP,l,2,303.99,4.03,D,0
21.55554,105.86674,332.13,0.41,0.37,2022-09-06,0600,SNPP,SNPP,l,2,303.13,5.15,D,0
21.89033,105.73167,337.55,0.41,0.37,2022-09-06,0600,SNPP,SNPP,n,2,294.08,3.76,D,0
21.34801,106.69888,339.99,0.42,0.45,2022-09-07,0541,SNPP,SNPP,n,2,292.04,7.53,D,0
21.60038,106.05859,339.19,0.46,0.47,2022-09-07,0541,SNPP,SNPP,n,2,291.48,4.75,D,0
21.81227,106.05229,342.22,0.45,0.47,2022-09-07,0541,SNPP,SNPP,n,2,288.07,5.29,D,0
20.40011,105.90286,304.46,0.56,0.43,2022-09-10,1854,SNPP,SNPP,n,2,286.97,1.2,N,2
20.94432,105.82571,334.02,0.39,0.36,2022-09-11,0606,SNPP,SNPP,n,2,294.61,1.89,D,0
21.33496,105.83601,332.16,0.39,0.36,2022-09-11,0606,SNPP,SNPP,l,2,302.97,8.65,D,0
21.33439,105.83231,330.52,0.39,0.36,2022-09-11,0606,SNPP,SNPP,l,2,302.86,4.01,D,0
21.77311,104.85005,332.06,0.4,0.37,2022-09-11,0606,SNPP,SNPP,n,2,294.86,2.22,D,0
21.01851,106.52931,307.61,0.39,0.36,2022-09-11,1835,SNPP,SNPP,n,2,293.56,1.79,N,2
21.0134,106.53983,308.41,0.39,0.36,2022-09-11,1835,SNPP,SNPP,n,2,293.03,2.73,N,2
20.40727,105.89866,310.1,0.38,0.36,2022-09-11,1835,SNPP,SNPP,n,2,290.3,1.12,N,2
20.40338,105.90173,310.06,0.38,0.36,2022-09-11,1835,SNPP,SNPP,n,2,290.93,1.22,N,2
20.40007,105.90115,314.17,0.38,0.36,2022-09-11,1835,SNPP,SNPP,n,2,290.25,1.22,N,2
21.01919,106.53207,330.91,0.53,0.42,2022-09-12,0547,SNPP,SNPP,n,2,299.25,4.68,D,2
20.92637,105.75577,327.78,0.39,0.44,2022-09-12,0547,SNPP,SNPP,n,2,297.48,3.8,D,0
20.99174,105.97823,329.26,0.57,0.43,2022-09-12,0547,SNPP,SNPP,l,2,299.3,8.17,D,0
21.33477,105.83612,328.1,0.38,0.44,2022-09-12,0547,SNPP,SNPP,n,2,297.4,5.78,D,0
21.58934,105.96992,331.56,0.56,0.43,2022-09-12,0547,SNPP,SNPP,n,2,291.64,3.53,D,0
21.01964,106.52844,311.92,0.5,0.41,2022-09-12,1816,SNPP,SNPP,n,2,292.15,2.09,N,2
21.019,106.53326,310.13,0.5,0.41,2022-09-12,1816,SNPP,SNPP,n,2,291.9,2.09,N,2
21.0146,106.53751,307.28,0.5,0.41,2022-09-12,1816,SNPP,SNPP,n,2,292.32,3.84,N,2
20.53049,105.86795,305,0.53,0.42,2022-09-12,1816,SNPP,SNPP,n,2,291.84,1.17,N,2
20.40691,105.90002,310.99,0.53,0.42,2022-09-12,1816,SNPP,SNPP,n,2,293.39,1.52,N,2
20.40304,105.8995,306.19,0.53,0.42,2022-09-12,1816,SNPP,SNPP,n,2,292.67,1.52,N,2
20.86669,106.70449,328.74,0.34,0.56,2022-09-13,0528,SNPP,SNPP,n,2,295.71,2.87,D,0
20.86601,106.70124,328.06,0.34,0.56,2022-09-13,0528,SNPP,SNPP,n,2,294.41,2.87,D,0
20.8676,106.70261,329.54,0.34,0.56,2022-09-13,0528,SNPP,SNPP,n,2,295.16,3.9,D,0
21.04005,106.58896,312.45,0.32,0.55,2022-09-13,1757,SNPP,SNPP,n,2,291.3,2.57,N,2
21.03691,106.58734,310.76,0.32,0.55,2022-09-13,1757,SNPP,SNPP,n,2,291.47,2.21,N,2
21.01761,106.52769,313.92,0.32,0.55,2022-09-13,1757,SNPP,SNPP,n,2,291.73,1.32,N,2
21.01694,106.534,305.75,0.32,0.55,2022-09-13,1757,SNPP,SNPP,n,2,291.38,1.49,N,2
20.79432,106.1343,314.7,0.34,0.56,2022-09-13,1757,SNPP,SNPP,n,2,289.88,3.95,N,0
20.52994,105.86679,304,0.35,0.57,2022-09-13,1758,SNPP,SNPP,n,2,283.83,0.71,N,2
20.40482,105.90063,310.44,0.35,0.57,2022-09-13,1758,SNPP,SNPP,n,2,291.13,2.65,N,2
21.09013,106.75311,337.88,0.48,0.64,2022-09-14,0650,SNPP,SNPP,n,2,290.22,4.23,D,0
21.29142,106.6507,344.66,0.47,0.64,2022-09-14,0650,SNPP,SNPP,n,2,289.9,5.23,D,0
21.72057,106.20481,332.65,0.45,0.63,2022-09-14,0650,SNPP,SNPP,n,2,288.63,5.56,D,0
21.01653,106.52905,303.6,0.65,0.73,2022-09-14,1738,SNPP,SNPP,n,2,287.47,2.66,N,2
21.03845,106.5847,303.74,0.64,0.72,2022-09-14,1739,SNPP,SNPP,n,2,287.06,1.51,N,0
21.01493,106.53679,304.06,0.65,0.73,2022-09-14,1739,SNPP,SNPP,n,2,287.31,2.03,N,2
20.65516,105.37211,339.37,0.39,0.44,2022-09-15,0631,SNPP,SNPP,n,2,291.36,2.72,D,0
21.50176,105.76978,335.85,0.42,0.45,2022-09-15,0631,SNPP,SNPP,n,2,293.27,3.85,D,0
21.89122,105.73183,330.05,0.42,0.45,2022-09-15,0631,SNPP,SNPP,n,2,294.65,2.02,D,0
20.98024,106.71413,305.49,0.51,0.49,2022-09-15,1900,SNPP,SNPP,n,2,290.63,2.02,N,0
20.40117,105.90052,305.79,0.46,0.47,2022-09-15,1900,SNPP,SNPP,n,2,290.42,2.09,N,2
21.84077,105.2057,306.32,0.49,0.41,2022-09-17,1822,SNPP,SNPP,n,2,291.1,1,N,0
21.56788,106.49325,306.17,0.43,0.38,2022-09-17,1822,SNPP,SNPP,n,2,292.82,1.27,N,0
21.01587,106.52879,330.12,0.43,0.38,2022-09-17,1823,SNPP,SNPP,n,2,293.25,2.3,N,2
21.0147,106.53698,307.81,0.43,0.38,2022-09-17,1823,SNPP,SNPP,n,2,293.5,1.43,N,2
21.01411,106.54107,308.09,0.43,0.38,2022-09-17,1823,SNPP,SNPP,n,2,293.43,0.93,N,2
21.01906,106.05207,308.54,0.44,0.39,2022-09-17,1823,SNPP,SNPP,n,2,292.78,0.5,N,0
20.98968,105.8979,305.49,0.45,0.39,2022-09-17,1823,SNPP,SNPP,n,2,292.39,0.37,N,0
20.40686,105.89793,307.5,0.45,0.39,2022-09-17,1823,SNPP,SNPP,n,2,293.26,1.33,N,2
20.40272,105.9016,311.69,0.44,0.39,2022-09-17,1823,SNPP,SNPP,n,2,293.69,1.33,N,2
20.4003,105.90247,306.5,0.44,0.39,2022-09-17,1823,SNPP,SNPP,n,2,293.15,1.42,N,2
20.34818,105.91157,310.31,0.44,0.39,2022-09-17,1823,SNPP,SNPP,n,2,293.17,1.61,N,2
21.0376,106.58678,307.57,0.51,0.49,2022-09-18,1804,SNPP,SNPP,n,2,292.7,2.33,N,2
21.01635,106.52869,307.56,0.51,0.49,2022-09-18,1804,SNPP,SNPP,n,2,292.69,2.7,N,2
21.01524,106.53861,306.76,0.51,0.49,2022-09-18,1804,SNPP,SNPP,n,2,292.79,2.49,N,2
20.40726,105.90102,306.66,0.55,0.51,2022-09-18,1804,SNPP,SNPP,n,2,292.65,1.66,N,2
20.40253,105.90047,307.07,0.55,0.51,2022-09-18,1804,SNPP,SNPP,n,2,292.57,1.66,N,2
20.12189,105.25899,333.67,0.47,0.64,2022-09-19,0656,SNPP,SNPP,n,2,290.28,3.83,D,0
20.48912,105.69221,334.83,0.51,0.66,2022-09-19,0656,SNPP,SNPP,n,2,288.75,6.5,D,0
20.5072,105.6853,346.2,0.51,0.66,2022-09-19,0656,SNPP,SNPP,n,2,289.73,7.33,D,0
20.71678,105.25442,336.13,0.47,0.48,2022-09-20,0637,SNPP,SNPP,n,2,272.26,6.13,D,0
21.70425,105.30928,333.56,0.49,0.49,2022-09-20,0638,SNPP,SNPP,n,2,290.51,4.33,D,0
21.71859,105.19177,338.23,0.48,0.48,2022-09-20,0638,SNPP,SNPP,n,2,293.73,5.42,D,0
21.27765,106.51306,328.76,0.46,0.39,2022-09-21,0619,SNPP,SNPP,n,2,283.77,2.59,D,0
20.9245,106.27643,331.12,0.4,0.37,2022-09-22,0600,SNPP,SNPP,n,2,290.01,2.74,D,0
21.43256,105.8118,328.21,0.41,0.37,2022-09-22,0600,SNPP,SNPP,n,2,293.72,1.38,D,0
21.56623,106.49333,302.39,0.39,0.36,2022-09-22,1829,SNPP,SNPP,n,2,291.52,0.9,N,0
21.01485,106.53973,314.91,0.39,0.36,2022-09-22,1829,SNPP,SNPP,n,2,292.72,2.31,N,2
20.85542,106.18625,305.82,0.39,0.36,2022-09-22,1829,SNPP,SNPP,n,2,290.52,1.34,N,0
21.13682,106.42132,332.82,0.44,0.46,2022-09-23,0541,SNPP,SNPP,n,2,285.99,3.38,D,0
21.01615,106.53992,295.98,0.41,0.45,2022-09-23,1810,SNPP,SNPP,n,2,278.77,1.51,N,2
21.01203,106.53933,299.86,0.41,0.45,2022-09-23,1810,SNPP,SNPP,n,2,281.54,2.33,N,2
21.01399,106.54115,309.4,0.41,0.45,2022-09-23,1810,SNPP,SNPP,n,2,281.15,2.61,N,2
21.01934,106.53024,307.28,0.39,0.59,2022-09-25,1913,SNPP,SNPP,n,2,290.23,1.29,N,2
21.01813,106.53098,304.73,0.39,0.59,2022-09-25,1913,SNPP,SNPP,n,2,290.03,1.5,N,2
20.78308,106.14548,308.47,0.37,0.58,2022-09-25,1913,SNPP,SNPP,n,2,289.12,0.61,N,0
20.40149,105.89945,303.27,0.37,0.58,2022-09-25,1913,SNPP,SNPP,n,2,289.28,0.59,N,2
20.50883,105.38828,330.69,0.48,0.4,2022-09-26,0625,SNPP,SNPP,n,2,296.17,2.67,D,0
21.55793,105.86852,308.28,0.53,0.42,2022-09-26,1854,SNPP,SNPP,n,2,293.86,1.76,N,2
21.01853,106.52749,317.96,0.4,0.44,2022-09-26,1854,SNPP,SNPP,n,2,293.47,1.34,N,2
21.01781,106.53126,306.21,0.4,0.44,2022-09-26,1854,SNPP,SNPP,n,2,294.14,1.34,N,2
21.01638,106.53881,305.92,0.4,0.44,2022-09-26,1854,SNPP,SNPP,n,2,293.04,1.15,N,2
20.53021,105.86587,305.6,0.55,0.43,2022-09-26,1854,SNPP,SNPP,n,2,292.88,1.27,N,2
20.49408,105.68478,335.65,0.39,0.36,2022-09-27,0606,SNPP,SNPP,n,2,292.46,3.85,D,0
20.51143,105.55574,342.92,0.39,0.36,2022-09-27,0606,SNPP,SNPP,n,2,298.68,5.55,D,0
20.55915,105.51695,327.03,0.39,0.36,2022-09-27,0606,SNPP,SNPP,n,2,298.9,2.31,D,0
20.81871,106.78218,332.08,0.38,0.36,2022-09-27,0606,SNPP,SNPP,n,2,301.36,2.21,D,0
21.01713,106.5319,329.82,0.38,0.36,2022-09-27,0606,SNPP,SNPP,n,2,298.2,2.92,D,2
21.02044,106.53133,337.12,0.38,0.36,2022-09-27,0606,SNPP,SNPP,n,2,296.04,2.92,D,2
21.3089,106.76208,331.3,0.39,0.36,2022-09-27,0606,SNPP,SNPP,n,2,285.45,3.03,D,0
21.94203,105.52556,327.33,0.39,0.36,2022-09-27,0606,SNPP,SNPP,n,2,272.68,1.5,D,0
21.90661,104.95541,336.04,0.39,0.37,2022-09-27,0606,SNPP,SNPP,n,2,299.1,2.98,D,0
21.84118,105.20747,306.66,0.39,0.36,2022-09-27,1835,SNPP,SNPP,n,2,292.64,0.83,N,0
21.83993,105.20687,305.06,0.39,0.36,2022-10-02,1841,SNPP,SNPP,n,2,290.56,0.97,N,0
21.02053,106.53124,302.74,0.42,0.38,2022-10-02,1841,SNPP,SNPP,n,2,290.48,0.72,N,2
21.01709,106.53059,308.54,0.42,0.38,2022-10-02,1841,SNPP,SNPP,n,2,291.1,0.72,N,2
20.91875,106.64102,331.95,0.44,0.39,2022-10-03,0553,SNPP,SNPP,n,2,299.49,3.85,D,0
20.91373,106.61121,330.46,0.45,0.39,2022-10-03,0553,SNPP,SNPP,n,2,298.23,2.89,D,0
20.91727,106.61052,329.7,0.45,0.39,2022-10-03,0553,SNPP,SNPP,n,2,297.43,2.89,D,0
21.24534,106.17937,328.08,0.46,0.39,2022-10-03,0554,SNPP,SNPP,l,2,300.85,6.62,D,0
21.24131,106.13442,328.61,0.46,0.39,2022-10-03,0554,SNPP,SNPP,l,2,301.79,3.93,D,0
21.46121,105.8897,329.84,0.47,0.4,2022-10-03,0554,SNPP,SNPP,l,2,302.64,4.29,D,0
21.46018,105.88731,327.94,0.47,0.4,2022-10-03,0554,SNPP,SNPP,l,2,301.98,7.72,D,0
21.16702,105.91666,308.2,0.45,0.39,2022-10-03,1823,SNPP,SNPP,n,2,292.12,1.25,N,0
20.78044,106.11587,304.64,0.44,0.38,2022-10-03,1823,SNPP,SNPP,n,2,291.38,1.15,N,0
20.3485,105.91215,304.47,0.55,0.51,2022-10-04,1804,SNPP,SNPP,n,2,288.92,1.15,N,2
21.01809,106.53022,327.12,0.55,0.68,2022-10-05,0516,SNPP,SNPP,n,2,292.55,3.44,D,2
21.40841,106.72758,345.04,0.52,0.67,2022-10-05,0516,SNPP,SNPP,n,2,293.06,4.6,D,0
21.40859,106.72961,328.25,0.52,0.67,2022-10-05,0516,SNPP,SNPP,n,2,292.52,6.76,D,0
21.62123,105.99213,331.99,0.55,0.68,2022-10-05,0657,SNPP,SNPP,n,2,289.48,3.28,D,0
21.038,106.58643,303.99,0.51,0.66,2022-10-05,1745,SNPP,SNPP,n,2,290.71,1.33,N,2
21.01809,106.52766,304.62,0.52,0.67,2022-10-05,1745,SNPP,SNPP,n,2,290.73,2.04,N,2
20.53015,105.86328,302.3,0.56,0.69,2022-10-05,1745,SNPP,SNPP,n,2,287.74,0.84,N,0
20.52951,105.86372,301.71,0.56,0.69,2022-10-05,1745,SNPP,SNPP,n,2,287.56,1.17,N,2
20.34929,105.91077,302.64,0.56,0.68,2022-10-05,1745,SNPP,SNPP,n,2,287.52,0.67,N,2
21.24922,106.68282,344.97,0.59,0.53,2022-10-06,0637,SNPP,SNPP,n,2,289.35,15.11,D,0
21.24573,106.68,340.37,0.59,0.53,2022-10-06,0637,SNPP,SNPP,n,2,288.54,15.95,D,0
21.31331,106.75684,352.21,0.6,0.53,2022-10-06,0637,SNPP,SNPP,n,2,291.37,16.23,D,0
21.28254,104.98405,328.84,0.46,0.47,2022-10-06,0638,SNPP,SNPP,n,2,296.38,2.66,D,0
21.36176,104.86399,331.55,0.46,0.47,2022-10-06,0638,SNPP,SNPP,n,2,295.8,3.49,D,0
21.72456,106.21645,341,0.56,0.52,2022-10-06,0638,SNPP,SNPP,n,2,293.65,8.33,D,0
21.72443,106.2139,343.38,0.56,0.52,2022-10-06,0638,SNPP,SNPP,n,2,293.58,7.99,D,0
21.68608,104.89427,329,0.46,0.47,2022-10-06,0638,SNPP,SNPP,n,2,293.85,2.8,D,0
21.92142,105.2386,329.1,0.49,0.48,2022-10-06,0638,SNPP,SNPP,n,2,294.62,5.23,D,0
21.01735,106.5297,308.76,0.62,0.54,2022-10-06,1907,SNPP,SNPP,n,2,291.45,3.28,N,2
21.00996,106.54034,302.31,0.62,0.54,2022-10-06,1907,SNPP,SNPP,n,2,291.24,1.92,N,2
21.27042,105.00131,333.12,0.41,0.37,2022-10-07,0619,SNPP,SNPP,n,2,294.56,2.93,D,0
21.51795,106.05246,332.23,0.44,0.39,2022-10-07,0619,SNPP,SNPP,n,2,292.08,10.04,D,0
21.62289,106.11232,333,0.45,0.39,2022-10-07,0619,SNPP,SNPP,n,2,290.66,5.32,D,0
21.74287,105.90697,331.95,0.44,0.38,2022-10-07,0619,SNPP,SNPP,n,2,294.18,2.01,D,0
21.566,106.49328,296.45,0.48,0.4,2022-10-07,1848,SNPP,SNPP,n,2,283.49,1.88,N,2
20.40022,105.90066,304.7,0.46,0.39,2022-10-07,1848,SNPP,SNPP,n,2,290.07,1.36,N,2
21.69641,105.90177,300.49,0.4,0.37,2022-10-08,1829,SNPP,SNPP,n,2,288.94,1.76,N,0
21.69662,105.89891,298.3,0.4,0.37,2022-10-08,1829,SNPP,SNPP,n,2,287.98,1.37,N,0
21.21315,106.5576,326.29,0.37,0.58,2022-10-11,0644,SNPP,SNPP,n,2,290.92,2.59,D,0
21.23733,106.52663,325.69,0.37,0.58,2022-10-11,0644,SNPP,SNPP,n,2,292.02,2.61,D,0
21.72405,106.20715,327.76,0.35,0.57,2022-10-11,0644,SNPP,SNPP,n,2,290.05,2.31,D,0
21.7237,106.20355,330.31,0.35,0.57,2022-10-11,0644,SNPP,SNPP,n,2,291.56,2.31,D,0
21.90424,106.75948,350.59,0.39,0.59,2022-10-11,0644,SNPP,SNPP,n,2,291.43,4.2,D,0
21.93653,105.73869,329.97,0.33,0.55,2022-10-11,0644,SNPP,SNPP,n,2,290.47,1.97,D,0
21.93787,105.73662,325.06,0.33,0.55,2022-10-11,0644,SNPP,SNPP,n,2,291.33,2.73,D,0
21.01784,106.53001,308.98,0.39,0.59,2022-10-11,1913,SNPP,SNPP,n,2,288.44,1.6,N,2
20.39956,105.90042,301.28,0.36,0.58,2022-10-11,1913,SNPP,SNPP,n,2,286.84,0.57,N,2
20.13031,105.20422,331.77,0.46,0.39,2022-10-12,0625,SNPP,SNPP,n,2,295.87,3.03,D,0
20.49802,105.79,328.55,0.5,0.41,2022-10-12,0625,SNPP,SNPP,n,2,295.98,2.39,D,0
21.31194,106.70988,341.87,0.57,0.43,2022-10-12,0625,SNPP,SNPP,n,2,295.81,24.37,D,0
21.64362,106.69454,329.14,0.57,0.43,2022-10-12,0625,SNPP,SNPP,n,2,294.46,3.6,D,0
21.74536,106.29266,333.65,0.55,0.42,2022-10-12,0625,SNPP,SNPP,n,2,294.3,4.49,D,0
21.74449,106.28997,331.76,0.55,0.42,2022-10-12,0625,SNPP,SNPP,n,2,295.2,4.2,D,0
21.73266,106.12679,328.22,0.53,0.42,2022-10-12,0625,SNPP,SNPP,n,2,293.91,3.11,D,0
21.83328,106.13536,334.25,0.54,0.42,2022-10-12,0625,SNPP,SNPP,n,2,293.6,4.76,D,0
21.83736,105.12569,331.07,0.48,0.4,2022-10-12,0625,SNPP,SNPP,n,2,292.57,4.86,D,0
21.25229,106.72813,342.61,0.38,0.36,2022-10-13,0606,SNPP,SNPP,n,2,296.93,4.78,D,0
21.2397,106.39719,341.73,0.38,0.36,2022-10-13,0606,SNPP,SNPP,n,2,304.24,17.63,D,0
21.22079,106.16206,332.15,0.38,0.36,2022-10-13,0606,SNPP,SNPP,n,2,298.45,3.09,D,0
21.21202,105.26569,330,0.39,0.36,2022-10-13,0606,SNPP,SNPP,n,2,294.51,2.58,D,0
21.41746,106.36587,337.21,0.38,0.36,2022-10-13,0606,SNPP,SNPP,n,2,298.18,3.83,D,0
21.5691,106.44929,334.56,0.38,0.36,2022-10-13,0606,SNPP,SNPP,n,2,295.38,4.59,D,0
21.61509,106.15273,330.62,0.38,0.36,2022-10-13,0606,SNPP,SNPP,n,2,296.86,2.47,D,0
21.55788,105.67211,344.06,0.39,0.36,2022-10-13,0606,SNPP,SNPP,n,2,294.47,5.46,D,0
21.73315,106.1932,330.77,0.38,0.36,2022-10-13,0606,SNPP,SNPP,n,2,295.95,3.75,D,0
21.78591,106.31689,327.55,0.38,0.36,2022-10-13,0606,SNPP,SNPP,n,2,296.31,2.02,D,0
21.75826,105.80818,335.18,0.39,0.36,2022-10-13,0606,SNPP,SNPP,n,2,302.9,12.42,D,0
21.91329,106.73972,331.93,0.39,0.36,2022-10-13,0606,SNPP,SNPP,n,2,298.29,2.67,D,0
21.73452,105.50294,333.7,0.39,0.36,2022-10-13,0606,SNPP,SNPP,n,2,297.69,10.24,D,0
21.73566,105.37962,327.05,0.39,0.36,2022-10-13,0606,SNPP,SNPP,n,2,294.18,2.42,D,0
21.8921,106.14967,328.83,0.38,0.36,2022-10-13,0606,SNPP,SNPP,n,2,296.47,2.58,D,0
21.92131,105.78677,334.48,0.39,0.36,2022-10-13,0606,SNPP,SNPP,n,2,295.77,2.98,D,0
21.0406,106.58829,302.65,0.39,0.36,2022-10-13,1835,SNPP,SNPP,n,2,290.32,0.66,N,2
21.00788,106.54083,299.95,0.39,0.36,2022-10-13,1835,SNPP,SNPP,n,2,286.58,0.4,N,2
20.398,105.9023,299.46,0.38,0.36,2022-10-13,1835,SNPP,SNPP,n,2,281.41,0.69,N,2
20.34936,105.91299,301.96,0.38,0.36,2022-10-13,1835,SNPP,SNPP,n,2,284.79,0.79,N,2
20.49618,105.68414,341,0.41,0.45,2022-10-14,0547,SNPP,SNPP,n,2,292.41,3.57,D,0
20.55037,105.59751,327.59,0.41,0.45,2022-10-14,0547,SNPP,SNPP,n,2,294,2.29,D,0
20.56236,105.57075,341.25,0.41,0.45,2022-10-14,0547,SNPP,SNPP,n,2,294.43,6.87,D,0
20.94562,106.83248,330.78,0.52,0.41,2022-10-14,0547,SNPP,SNPP,n,2,296.37,2.1,D,0
20.94847,106.83405,326.74,0.52,0.41,2022-10-14,0547,SNPP,SNPP,n,2,297.17,2.56,D,0
21.23558,106.65298,331.9,0.52,0.42,2022-10-14,0547,SNPP,SNPP,n,2,298.12,5.92,D,0
21.36182,106.72787,330.15,0.52,0.41,2022-10-14,0547,SNPP,SNPP,n,2,298.92,2.61,D,0
21.31328,106.09954,333.67,0.56,0.43,2022-10-14,0547,SNPP,SNPP,n,2,294.92,4.75,D,0
21.4204,105.74692,339.99,0.39,0.44,2022-10-14,0547,SNPP,SNPP,n,2,295.56,2.98,D,0
21.42441,105.74618,325.95,0.39,0.44,2022-10-14,0547,SNPP,SNPP,n,2,294.71,1.68,D,0
21.63462,106.64796,332.46,0.52,0.41,2022-10-14,0547,SNPP,SNPP,n,2,296.17,6.78,D,0
21.94751,105.99929,326.42,0.55,0.43,2022-10-14,0547,SNPP,SNPP,n,2,296.6,3.06,D,0
21.87731,105.48598,341.43,0.39,0.44,2022-10-14,0547,SNPP,SNPP,n,2,292.79,4.43,D,0
21.92868,105.08618,350.53,0.42,0.45,2022-10-14,0547,SNPP,SNPP,n,2,293.87,7.95,D,0
21.07274,105.90691,304.86,0.54,0.42,2022-10-14,1816,SNPP,SNPP,n,2,280.98,1.28,N,0
21.30838,106.68964,329.84,0.33,0.56,2022-10-15,0528,SNPP,SNPP,n,2,292.12,2.04,D,0
21.92532,106.04016,367,0.36,0.57,2022-10-15,0529,SNPP,SNPP,h,2,292.21,7.48,D,0
21.92619,105.59764,325.44,0.38,0.59,2022-10-15,0529,SNPP,SNPP,n,2,292.51,2.03,D,0
21.24449,106.50881,300.51,0.33,0.55,2022-10-15,1757,SNPP,SNPP,n,2,288.87,0.47,N,0
21.17772,106.02622,304.03,0.35,0.57,2022-10-15,1757,SNPP,SNPP,n,2,288.83,0.56,N,0
21.02163,106.60807,305.72,0.32,0.55,2022-10-15,1757,SNPP,SNPP,n,2,289.73,0.59,N,0
21.01974,106.52821,312.83,0.32,0.55,2022-10-15,1757,SNPP,SNPP,n,2,289.83,1.19,N,2
21.01941,106.53136,304.89,0.32,0.55,2022-10-15,1757,SNPP,SNPP,n,2,291.27,1.31,N,2
21.01465,106.52759,310.89,0.32,0.55,2022-10-15,1757,SNPP,SNPP,n,2,288.45,1.19,N,2
21.01399,106.53391,305.02,0.32,0.55,2022-10-15,1757,SNPP,SNPP,n,2,291.29,1.31,N,2
21.01333,106.54021,307.55,0.32,0.55,2022-10-15,1757,SNPP,SNPP,n,2,291.04,1.49,N,2
21.00825,106.53958,307.97,0.32,0.55,2022-10-15,1757,SNPP,SNPP,n,2,289.49,0.67,N,2
20.99482,106.00009,303.64,0.35,0.57,2022-10-15,1757,SNPP,SNPP,n,2,287.39,0.36,N,0
20.98079,106.0329,300.28,0.35,0.57,2022-10-15,1757,SNPP,SNPP,n,2,288.2,0.49,N,0
20.53114,105.86533,312.11,0.35,0.57,2022-10-15,1758,SNPP,SNPP,n,2,291.1,0.87,N,2
20.42145,105.90063,301.43,0.35,0.57,2022-10-15,1758,SNPP,SNPP,n,2,289.55,0.75,N,0
20.40006,105.90145,303.08,0.35,0.57,2022-10-15,1758,SNPP,SNPP,n,2,290.05,0.72,N,2
20.34647,105.91279,302.27,0.35,0.57,2022-10-15,1758,SNPP,SNPP,n,2,288.56,0.55,N,2
21.68268,106.83345,334.23,0.63,0.72,2022-10-16,0510,SNPP,SNPP,n,2,294.99,4.44,D,0
21.44302,105.83627,328.67,0.73,0.76,2022-10-16,0510,SNPP,SNPP,n,2,293.75,3.35,D,0
21.29563,106.65263,329.83,0.47,0.64,2022-10-16,0650,SNPP,SNPP,n,2,299.12,4.04,D,0
21.31467,104.8517,329.4,0.36,0.58,2022-10-16,0650,SNPP,SNPP,n,2,294.63,1.95,D,0
21.4668,106.27148,333,0.45,0.63,2022-10-16,0650,SNPP,SNPP,n,2,297.39,2.88,D,0
21.891,105.90928,347.44,0.43,0.62,2022-10-16,0650,SNPP,SNPP,n,2,295.2,9.88,D,0
21.89067,105.90566,344.14,0.43,0.62,2022-10-16,0650,SNPP,SNPP,n,2,294.87,6.6,D,0
21.85761,104.88654,330.85,0.37,0.58,2022-10-16,0650,SNPP,SNPP,n,2,294.97,4.24,D,0
21.56793,106.49321,299.78,0.47,0.64,2022-10-16,1919,SNPP,SNPP,n,2,287.61,0.43,N,2
21.01736,106.52972,299.53,0.49,0.65,2022-10-16,1919,SNPP,SNPP,n,2,280.29,1,N,2
20.17015,105.30149,332.78,0.56,0.43,2022-10-17,0631,SNPP,SNPP,n,2,299.51,8.93,D,0
20.31483,105.1472,326.71,0.55,0.43,2022-10-17,0631,SNPP,SNPP,n,2,297.97,2.9,D,0
20.98622,106.14169,337.84,0.43,0.46,2022-10-17,0631,SNPP,SNPP,n,2,298.38,3.01,D,0
21.28226,106.40612,333.53,0.45,0.47,2022-10-17,0631,SNPP,SNPP,n,2,297.96,1.79,D,0
21.24636,105.03633,328.92,0.56,0.43,2022-10-17,0631,SNPP,SNPP,n,2,298.67,1.93,D,0
21.40664,106.18427,331.14,0.44,0.46,2022-10-17,0631,SNPP,SNPP,n,2,300.79,1.84,D,0
21.45724,105.99868,340.27,0.43,0.46,2022-10-17,0631,SNPP,SNPP,n,2,298.62,2.52,D,0
21.48161,105.987,339.89,0.43,0.46,2022-10-17,0631,SNPP,SNPP,n,2,300.31,4.97,D,0
21.72635,106.289,341.42,0.45,0.47,2022-10-17,0631,SNPP,SNPP,n,2,301.96,13.14,D,0
21.01796,106.52831,300.34,0.49,0.49,2022-10-17,1900,SNPP,SNPP,n,2,286.78,1.67,N,2
20.11686,105.1871,336.01,0.38,0.36,2022-10-18,0612,SNPP,SNPP,n,2,301.89,3,D,0
20.52172,106.41906,332.31,0.4,0.37,2022-10-18,0612,SNPP,SNPP,n,2,300.15,2.54,D,0
20.41387,105.68002,332.77,0.39,0.36,2022-10-18,0612,SNPP,SNPP,n,2,300.52,4.88,D,0
20.43637,105.80919,331.64,0.39,0.36,2022-10-18,0612,SNPP,SNPP,n,2,300.16,3.68,D,0
20.39993,105.0482,335.37,0.38,0.36,2022-10-18,0612,SNPP,SNPP,n,2,297.89,3.93,D,0
20.54635,105.59296,337.74,0.39,0.36,2022-10-18,0612,SNPP,SNPP,n,2,298.11,5.98,D,0
20.56921,105.38433,333.75,0.39,0.36,2022-10-18,0612,SNPP,SNPP,n,2,297.97,3.66,D,0
20.61507,105.30502,328,0.38,0.36,2022-10-18,0612,SNPP,SNPP,n,2,298.26,1.6,D,0
20.97661,106.1152,329.13,0.39,0.37,2022-10-18,0612,SNPP,SNPP,n,2,300.06,1.4,D,0
20.96496,104.88981,333.04,0.38,0.36,2022-10-18,0612,SNPP,SNPP,n,2,301.34,8.55,D,0
21.21744,106.55938,343.07,0.41,0.37,2022-10-18,0612,SNPP,SNPP,n,2,300.64,7.92,D,0
21.35266,106.82785,330.85,0.41,0.37,2022-10-18,0612,SNPP,SNPP,n,2,297.88,3.13,D,0
21.22879,105.13569,334.72,0.38,0.36,2022-10-18,0612,SNPP,SNPP,n,2,300.3,3.41,D,0
21.61235,106.69406,331.04,0.41,0.37,2022-10-18,0612,SNPP,SNPP,n,2,298.66,2.58,D,0
21.62238,106.24882,330.06,0.4,0.37,2022-10-18,0612,SNPP,SNPP,n,2,297.23,2.45,D,0
21.77697,105.82422,333.08,0.39,0.36,2022-10-18,0612,SNPP,SNPP,n,2,299.31,3.22,D,0
21.82319,105.7539,332.61,0.39,0.36,2022-10-18,0613,SNPP,SNPP,n,2,300.74,3.12,D,0
21.94486,106.2398,331.16,0.4,0.37,2022-10-18,0613,SNPP,SNPP,n,2,296.44,2.67,D,0
21.90047,105.35531,336.62,0.39,0.36,2022-10-18,0613,SNPP,SNPP,n,2,298.41,6.72,D,0
21.21201,106.67789,303.18,0.42,0.38,2022-10-18,1841,SNPP,SNPP,n,2,279.01,0.81,N,0
20.34867,105.91364,298.9,0.41,0.37,2022-10-18,1842,SNPP,SNPP,n,2,277.82,0.57,N,2
21.01751,106.53088,305.18,0.61,0.54,2022-10-22,1906,SNPP,SNPP,n,2,291.09,2.52,N,2
21.02083,106.53088,305.61,0.62,0.54,2022-10-22,1906,SNPP,SNPP,n,2,290.25,1.01,N,2
21.01351,106.54147,302.56,0.62,0.54,2022-10-22,1906,SNPP,SNPP,n,2,290.36,1.43,N,2
20.30236,105.20622,330.9,0.41,0.37,2022-10-23,0618,SNPP,SNPP,n,2,295.46,2.14,D,0
21.24141,106.69989,342.98,0.47,0.4,2022-10-23,0619,SNPP,SNPP,n,2,300.83,12.88,D,0
21.24505,106.69936,339.24,0.47,0.4,2022-10-23,0619,SNPP,SNPP,n,2,296.14,4.93,D,0
21.31302,106.76348,335.72,0.47,0.4,2022-10-23,0619,SNPP,SNPP,n,2,298.42,6.01,D,0
21.30248,106.51794,340.96,0.46,0.39,2022-10-23,0619,SNPP,SNPP,n,2,297.01,5.09,D,0
21.56766,106.49309,302.41,0.48,0.4,2022-10-23,1848,SNPP,SNPP,n,2,290.64,0.65,N,2
21.56147,105.86845,304.69,0.45,0.39,2022-10-23,1848,SNPP,SNPP,n,2,290.7,1.22,N,0
21.02026,106.53124,314.6,0.49,0.4,2022-10-23,1848,SNPP,SNPP,n,2,291.56,2.35,N,2
21.01489,106.53976,307.94,0.49,0.4,2022-10-23,1848,SNPP,SNPP,n,2,291.61,1.59,N,2
21.01868,106.52771,312.45,0.49,0.4,2022-10-23,1848,SNPP,SNPP,n,2,291.83,2.26,N,2
20.53415,105.56805,329.63,0.43,0.38,2022-10-24,0600,SNPP,SNPP,n,2,294.32,2.72,D,0
21.14448,106.13168,344.61,0.41,0.37,2022-10-24,0600,SNPP,SNPP,n,2,301.28,2.87,D,0
21.29284,106.65588,332.66,0.4,0.37,2022-10-24,0600,SNPP,SNPP,n,2,297.36,3.32,D,0
21.28034,104.98756,328.46,0.45,0.39,2022-10-24,0600,SNPP,SNPP,n,2,291.73,3.61,D,0
20.34741,105.91182,300.5,0.4,0.37,2022-10-24,1829,SNPP,SNPP,n,2,285.45,0.42,N,2
20.45608,105.68372,336.46,0.49,0.4,2022-10-28,0625,SNPP,SNPP,n,2,297.46,9.19,D,0
20.79531,106.02071,330.42,0.51,0.41,2022-10-28,0625,SNPP,SNPP,n,2,296.18,2.87,D,0
20.79419,106.0181,331.98,0.51,0.41,2022-10-28,0625,SNPP,SNPP,n,2,296.43,1.76,D,0
21.10032,105.02461,333.69,0.46,0.39,2022-10-28,0625,SNPP,SNPP,n,2,297.05,3.61,D,0
21.10112,105.02563,334.66,0.46,0.39,2022-10-28,0625,SNPP,SNPP,n,2,297.89,4.49,D,0
21.56671,106.49445,301.45,0.38,0.43,2022-10-28,1854,SNPP,SNPP,n,2,289.53,1.13,N,2
21.01927,106.52943,305.82,0.39,0.44,2022-10-28,1854,SNPP,SNPP,n,2,292.19,1.21,N,2
21.01313,106.5398,305.65,0.39,0.44,2022-10-28,1854,SNPP,SNPP,n,2,290.84,1.55,N,2
20.53041,105.86788,302.51,0.55,0.43,2022-10-28,1854,SNPP,SNPP,n,2,289.56,0.25,N,2
20.46343,106.50491,331.76,0.38,0.36,2022-10-29,0606,SNPP,SNPP,n,2,296.48,1.89,D,0
21.54272,105.66619,337.17,0.39,0.36,2022-10-29,0606,SNPP,SNPP,n,2,298.84,5.06,D,0
21.69912,105.90066,304.54,0.38,0.36,2022-10-29,1835,SNPP,SNPP,n,2,292.25,0.62,N,0
21.56804,106.49318,303.63,0.39,0.36,2022-10-29,1835,SNPP,SNPP,n,2,291.73,0.66,N,2
21.02018,106.52887,322.08,0.39,0.36,2022-10-29,1835,SNPP,SNPP,n,2,289.17,2.39,N,2
21.01508,106.53938,312.11,0.39,0.36,2022-10-29,1835,SNPP,SNPP,n,2,288.73,1.24,N,2
21.01117,106.54247,302.41,0.39,0.36,2022-10-29,1835,SNPP,SNPP,n,2,287.7,1.19,N,2
21.07463,105.90932,303.14,0.38,0.36,2022-10-29,1835,SNPP,SNPP,n,2,290.68,0.42,N,0
20.39848,105.9002,302.22,0.38,0.36,2022-10-29,1835,SNPP,SNPP,n,2,286.69,0.76,N,2
20.99186,106.82907,333.65,0.52,0.41,2022-10-30,0547,SNPP,SNPP,n,2,296.59,4.58,D,0
21.1759,106.02319,335.93,0.57,0.43,2022-10-30,0547,SNPP,SNPP,n,2,299.42,5.51,D,0
21.56718,106.49364,300.83,0.51,0.41,2022-10-30,1816,SNPP,SNPP,n,2,288.13,0.89,N,2
21.47768,106.24267,330.05,0.53,0.42,2022-10-30,1816,SNPP,SNPP,n,2,288.93,4.08,N,0
21.16631,105.91584,300.36,0.54,0.42,2022-10-30,1816,SNPP,SNPP,n,2,285.44,0.4,N,0
20.34675,105.91286,303.76,0.53,0.42,2022-10-30,1816,SNPP,SNPP,n,2,288.43,1.01,N,2
21.83824,105.20452,295.54,0.4,0.6,2022-10-31,1757,SNPP,SNPP,n,2,277.21,0.28,N,0
21.61621,106.14943,301.02,0.35,0.57,2022-10-31,1757,SNPP,SNPP,n,2,270.78,0.37,N,0
21.27424,105.21719,322.84,0.4,0.6,2022-10-31,1757,SNPP,SNPP,n,2,277.28,2.31,N,0
20.75532,106.11938,296.9,0.34,0.56,2022-10-31,1757,SNPP,SNPP,n,2,268.72,0.4,N,0
20.34671,105.91239,301.5,0.35,0.57,2022-10-31,1758,SNPP,SNPP,n,2,283.01,0.41,N,2
20.47196,105.99742,328.38,0.42,0.61,2022-11-01,0650,SNPP,SNPP,n,2,299.28,1.98,D,0
20.45193,105.93999,328.32,0.41,0.61,2022-11-01,0650,SNPP,SNPP,n,2,299.15,1.87,D,0
20.78277,105.48637,326.29,0.39,0.59,2022-11-01,0650,SNPP,SNPP,n,2,294.21,1.46,D,0
21.01114,105.20313,348.75,0.37,0.58,2022-11-01,0650,SNPP,SNPP,n,2,292.27,5.9,D,0
21.28292,104.96017,340.97,0.36,0.58,2022-11-01,0650,SNPP,SNPP,n,2,292.6,4.84,D,0
21.28255,104.95641,346.83,0.36,0.58,2022-11-01,0650,SNPP,SNPP,n,2,292.21,4.84,D,0
21.39408,105.76186,367,0.41,0.61,2022-11-01,0650,SNPP,SNPP,h,2,296.19,8.66,D,0
21.45598,106.29391,341.38,0.45,0.63,2022-11-01,0650,SNPP,SNPP,n,2,299.84,4.38,D,0
21.39659,105.76299,349.86,0.41,0.61,2022-11-01,0650,SNPP,SNPP,n,2,293.02,5.8,D,0
21.46034,106.29101,326.37,0.45,0.63,2022-11-01,0650,SNPP,SNPP,l,2,297.57,2.91,D,0
21.33317,104.89285,330.16,0.36,0.57,2022-11-01,0650,SNPP,SNPP,n,2,296.09,2.64,D,0
21.66307,105.1025,325.83,0.38,0.58,2022-11-01,0650,SNPP,SNPP,n,2,296.7,1.78,D,0
21.66481,105.10199,325.92,0.38,0.58,2022-11-01,0650,SNPP,SNPP,n,2,296.54,1.56,D,0
21.78339,106.16822,340.88,0.44,0.62,2022-11-01,0650,SNPP,SNPP,n,2,295.18,3.13,D,0
21.86953,105.94978,325.13,0.43,0.62,2022-11-01,0650,SNPP,SNPP,n,2,294.56,6.43,D,0
21.8691,105.94496,347.28,0.43,0.62,2022-11-01,0650,SNPP,SNPP,n,2,295.83,5.84,D,0
21.8611,105.07231,341.47,0.38,0.58,2022-11-01,0650,SNPP,SNPP,n,2,294.4,3.96,D,0
21.85735,105.07204,343.82,0.38,0.58,2022-11-01,0650,SNPP,SNPP,n,2,294.21,3.12,D,0
21.01979,106.52892,301.53,0.66,0.73,2022-11-01,1738,SNPP,SNPP,n,2,289.59,0.97,N,2
21.01247,106.53483,300.08,0.66,0.73,2022-11-01,1738,SNPP,SNPP,n,2,288.38,1.66,N,2
21.01188,106.53637,302.68,0.66,0.73,2022-11-01,1738,SNPP,SNPP,n,2,288.28,1.58,N,2
21.84287,105.2066,299.39,0.39,0.59,2022-11-01,1919,SNPP,SNPP,n,2,288.96,0.49,N,0
21.16668,105.91481,297.6,0.44,0.62,2022-11-01,1919,SNPP,SNPP,n,2,287.37,0.53,N,0
21.16571,105.91904,299.25,0.44,0.62,2022-11-01,1919,SNPP,SNPP,n,2,286.54,0.53,N,0
20.15814,106.16822,329.99,0.42,0.45,2022-11-02,0631,SNPP,SNPP,l,2,301.76,1.26,D,0
20.31663,106.09519,333.31,0.42,0.45,2022-11-02,0631,SNPP,SNPP,n,2,302.65,2.57,D,0
20.37452,106.1863,331.25,0.42,0.45,2022-11-02,0631,SNPP,SNPP,n,2,299.36,1.59,D,0
20.44524,106.0657,331.29,0.42,0.45,2022-11-02,0631,SNPP,SNPP,n,2,303.95,2.17,D,0
20.43708,105.66491,346.09,0.39,0.44,2022-11-02,0631,SNPP,SNPP,n,2,299.89,5.63,D,0
20.9991,105.11716,331.84,0.56,0.43,2022-11-02,0631,SNPP,SNPP,n,2,301.21,16.24,D,0
20.9976,105.11616,335.04,0.56,0.43,2022-11-02,0631,SNPP,SNPP,n,2,302.13,11.11,D,0
21.13363,106.13255,333.32,0.43,0.46,2022-11-02,0631,SNPP,SNPP,n,2,302.64,3.48,D,0
21.13296,105.05132,333.83,0.56,0.43,2022-11-02,0631,SNPP,SNPP,n,2,302.32,5.94,D,0
21.36503,105.7743,348.06,0.41,0.45,2022-11-02,0631,SNPP,SNPP,n,2,301.46,5.58,D,0
21.5275,106.81478,336.52,0.48,0.48,2022-11-02,0631,SNPP,SNPP,n,2,300.87,4.44,D,0
21.52517,106.81129,338.85,0.48,0.48,2022-11-02,0631,SNPP,SNPP,n,2,300.18,3.1,D,0
21.57214,106.11884,330.56,0.43,0.46,2022-11-02,0631,SNPP,SNPP,n,2,302.28,3.37,D,0
21.54841,105.18747,329.34,0.57,0.43,2022-11-02,0631,SNPP,SNPP,l,2,299.89,3.18,D,0
21.54912,105.18571,334.83,0.57,0.43,2022-11-02,0631,SNPP,SNPP,n,2,299.96,5.26,D,0
21.69186,105.58247,342.24,0.4,0.45,2022-11-02,0631,SNPP,SNPP,n,2,305.8,16.68,D,0
21.66322,105.10583,330.02,0.57,0.43,2022-11-02,0631,SNPP,SNPP,n,2,300.66,3.88,D,0
21.55884,105.86915,305.97,0.43,0.46,2022-11-02,1900,SNPP,SNPP,n,2,283.99,0.74,N,2
21.33882,105.54395,303,0.42,0.45,2022-11-02,1900,SNPP,SNPP,n,2,289.85,0.68,N,0
20.34268,105.91153,306.72,0.46,0.47,2022-11-02,1900,SNPP,SNPP,n,2,291.11,0.87,N,2
20.46822,106.4931,332.28,0.4,0.37,2022-11-03,0612,SNPP,SNPP,n,2,297.81,2.83,D,0
20.47763,106.53461,335.33,0.4,0.37,2022-11-03,0612,SNPP,SNPP,n,2,299.51,2.93,D,0
20.2872,105.24168,330.01,0.38,0.36,2022-11-03,0612,SNPP,SNPP,n,2,298.15,2.42,D,0
20.67599,106.45937,333.8,0.4,0.37,2022-11-03,0612,SNPP,SNPP,n,2,300.78,2.88,D,0
20.96313,105.17045,336.25,0.38,0.36,2022-11-03,0612,SNPP,SNPP,n,2,300.78,6.73,D,0
20.96644,105.16989,334.73,0.38,0.36,2022-11-03,0612,SNPP,SNPP,n,2,297.47,6.73,D,0
21.17447,106.5603,340.74,0.4,0.37,2022-11-03,0612,SNPP,SNPP,n,2,301.24,6.26,D,0
21.1603,106.24011,333.56,0.4,0.37,2022-11-03,0612,SNPP,SNPP,n,2,301.49,1.38,D,0
21.23503,106.40014,335.27,0.4,0.37,2022-11-03,0612,SNPP,SNPP,n,2,302.7,3.28,D,0
21.1089,105.01705,327.2,0.38,0.36,2022-11-03,0612,SNPP,SNPP,n,2,299.55,0.84,D,0
21.21548,104.85078,330.71,0.38,0.36,2022-11-03,0612,SNPP,SNPP,n,2,298.77,2.1,D,0
21.21879,104.8502,330.32,0.38,0.36,2022-11-03,0612,SNPP,SNPP,n,2,296.2,2.29,D,0
21.51676,106.05709,336.97,0.4,0.37,2022-11-03,0612,SNPP,SNPP,n,2,299.13,2.82,D,0
21.48097,105.67229,330.65,0.39,0.36,2022-11-03,0612,SNPP,SNPP,n,2,300.07,2.64,D,0
21.48431,105.67173,337.07,0.39,0.36,2022-11-03,0612,SNPP,SNPP,n,2,298.8,4.76,D,0
21.61391,106.14999,332.74,0.4,0.37,2022-11-03,0612,SNPP,SNPP,n,2,300.65,2.56,D,0
21.463,104.9437,333.24,0.38,0.36,2022-11-03,0612,SNPP,SNPP,n,2,302.32,3.66,D,0
21.75265,106.70985,330.01,0.41,0.37,2022-11-03,0612,SNPP,SNPP,n,2,296.84,1.57,D,0
21.74765,106.15949,331.55,0.4,0.37,2022-11-03,0612,SNPP,SNPP,n,2,297.98,2.28,D,0
21.60688,105.02112,329.57,0.38,0.36,2022-11-03,0612,SNPP,SNPP,l,2,299.88,1.55,D,0
21.84138,105.20438,300.68,0.39,0.36,2022-11-03,1841,SNPP,SNPP,n,2,290.14,0.46,N,0
21.49265,105.13815,301.26,0.39,0.36,2022-11-03,1841,SNPP,SNPP,n,2,290.01,0.47,N,0
21.01405,106.54141,306.64,0.42,0.38,2022-11-03,1841,SNPP,SNPP,n,2,292.35,1.55,N,2
20.90203,105.28936,330.71,0.52,0.41,2022-11-04,0553,SNPP,SNPP,n,2,295.24,3.13,D,0
20.90578,105.28834,330.12,0.52,0.41,2022-11-04,0553,SNPP,SNPP,n,2,294.67,3.9,D,0
21.29655,106.44627,332.25,0.45,0.39,2022-11-04,0553,SNPP,SNPP,n,2,300.81,1.99,D,0
21.38797,106.41185,335.93,0.45,0.39,2022-11-04,0553,SNPP,SNPP,n,2,300.45,8.65,D,0
21.24646,104.89942,331.74,0.54,0.42,2022-11-04,0553,SNPP,SNPP,n,2,296.51,3.61,D,0
21.30086,105.15503,332.01,0.52,0.42,2022-11-04,0553,SNPP,SNPP,n,2,297.66,5.46,D,0
21.68272,105.82265,327.28,0.48,0.4,2022-11-04,0554,SNPP,SNPP,n,2,299.49,2.5,D,0
21.77534,106.16077,331.12,0.46,0.39,2022-11-04,0554,SNPP,SNPP,n,2,297.46,2.73,D,0
21.94344,106.16072,345.76,0.46,0.39,2022-11-04,0554,SNPP,SNPP,n,2,297.92,6.69,D,0
21.90476,105.08235,329.99,0.51,0.41,2022-11-04,0554,SNPP,SNPP,n,2,295.47,2.84,D,0
21.12144,106.33394,302.73,0.44,0.38,2022-11-04,1822,SNPP,SNPP,n,2,291.49,0.73,N,0
21.16603,105.91517,306.46,0.46,0.39,2022-11-04,1822,SNPP,SNPP,n,2,290.21,0.77,N,0
21.03858,106.58834,303.57,0.43,0.38,2022-11-04,1822,SNPP,SNPP,n,2,292.52,0.69,N,2
20.99066,105.89839,305.08,0.45,0.39,2022-11-04,1823,SNPP,SNPP,n,2,290.95,0.99,N,0
20.99901,105.78287,301.67,0.46,0.39,2022-11-04,1823,SNPP,SNPP,n,2,290.96,1.08,N,0
20.52962,105.86619,305.55,0.45,0.39,2022-11-04,1823,SNPP,SNPP,n,2,291.69,0.64,N,2
20.40562,105.90116,304.19,0.45,0.39,2022-11-04,1823,SNPP,SNPP,n,2,291.71,0.77,N,2
20.39848,105.90007,303.63,0.45,0.39,2022-11-04,1823,SNPP,SNPP,n,2,290.95,0.96,N,2
20.38336,105.6967,327.56,0.32,0.55,2022-11-05,0534,SNPP,SNPP,n,2,291.06,2.61,D,0
20.50714,105.74654,337.73,0.32,0.54,2022-11-05,0534,SNPP,SNPP,n,2,292.1,4.04,D,0
21.35374,106.74595,336.3,0.53,0.5,2022-11-05,0535,SNPP,SNPP,n,2,294.7,4.34,D,0
21.74531,106.23669,334.41,0.56,0.52,2022-11-05,0535,SNPP,SNPP,n,2,293.64,3.81,D,0
21.74577,106.23405,329.48,0.56,0.52,2022-11-05,0535,SNPP,SNPP,n,2,292.53,5,D,0
21.6577,105.34267,339.25,0.32,0.55,2022-11-05,0535,SNPP,SNPP,n,2,294.22,2.55,D,0
21.65702,105.34371,348.43,0.32,0.55,2022-11-05,0535,SNPP,SNPP,n,2,294.92,3.47,D,0
21.83621,105.59756,325.22,0.61,0.54,2022-11-05,0535,SNPP,SNPP,n,2,293.99,2.78,D,0
21.93282,105.14391,336.77,0.33,0.55,2022-11-05,0535,SNPP,SNPP,n,2,295.41,2.52,D,0
20.40681,105.90081,300.74,0.56,0.51,2022-11-05,1804,SNPP,SNPP,n,2,289.99,0.85,N,2
20.10101,105.41138,335.36,0.68,0.74,2022-11-06,0516,SNPP,SNPP,n,2,288.32,6.69,D,0
20.13796,105.2132,328.98,0.46,0.64,2022-11-06,0656,SNPP,SNPP,n,2,290.81,2.74,D,0
20.39916,105.70257,344.16,0.5,0.66,2022-11-06,0656,SNPP,SNPP,n,2,291.78,7.66,D,0
20.39864,105.70333,332.61,0.5,0.66,2022-11-06,0656,SNPP,SNPP,n,2,291.42,4.5,D,0
20.39824,105.69854,332.31,0.5,0.66,2022-11-06,0656,SNPP,SNPP,n,2,291.32,4.5,D,0
21.15087,105.04458,337.02,0.46,0.64,2022-11-06,0656,SNPP,SNPP,n,2,290.96,7.11,D,0
21.15044,105.03981,331.19,0.46,0.64,2022-11-06,0656,SNPP,SNPP,n,2,290.83,4.79,D,0
21.28791,105.90116,329.03,0.53,0.67,2022-11-06,0656,SNPP,SNPP,n,2,291.82,4.18,D,0
21.2849,105.90262,327.98,0.53,0.67,2022-11-06,0656,SNPP,SNPP,n,2,290.95,4.31,D,0
21.69664,105.71172,332.52,0.52,0.67,2022-11-06,0656,SNPP,SNPP,n,2,290.54,1.92,D,0
21.69464,105.71296,335.68,0.52,0.67,2022-11-06,0656,SNPP,SNPP,n,2,290.28,3.59,D,0
21.77608,105.3464,343.32,0.49,0.65,2022-11-06,0656,SNPP,SNPP,n,2,289.09,5.17,D,0
21.27792,105.63279,302.47,0.6,0.71,2022-11-06,1745,SNPP,SNPP,n,2,287.58,0.77,N,0
21.03946,106.58944,304.82,0.52,0.67,2022-11-06,1745,SNPP,SNPP,n,2,288.95,0.83,N,2
21.01898,106.60802,300.81,0.52,0.67,2022-11-06,1745,SNPP,SNPP,n,2,288.62,0.63,N,0
20.34033,105.91286,300.03,0.57,0.69,2022-11-06,1925,SNPP,SNPP,n,2,288.31,0.8,N,2
20.34717,106.18761,330.64,0.53,0.5,2022-11-07,0637,SNPP,SNPP,n,2,295.36,3.8,D,0
21.39284,106.37408,340.62,0.56,0.52,2022-11-07,0637,SNPP,SNPP,n,2,296.29,7.76,D,0
21.54855,106.11437,341.83,0.54,0.51,2022-11-07,0637,SNPP,SNPP,n,2,295.31,17.07,D,0
21.55013,106.11656,342.8,0.54,0.51,2022-11-07,0637,SNPP,SNPP,n,2,295.05,26.06,D,0
21.81844,104.92368,337.87,0.46,0.47,2022-11-07,0638,SNPP,SNPP,n,2,294.92,2.66,D,0
21.01325,106.54102,302.22,0.61,0.53,2022-11-07,1906,SNPP,SNPP,n,2,290.83,1.62,N,2
20.10676,105.69344,333.97,0.42,0.37,2022-11-08,0618,SNPP,SNPP,n,2,301.91,4.36,D,0
20.24601,106.15279,331.96,0.43,0.38,2022-11-08,0618,SNPP,SNPP,n,2,299.47,3.96,D,0
21.02017,106.53131,331.11,0.46,0.39,2022-11-08,0618,SNPP,SNPP,n,2,299.17,2.72,D,2
21.40168,106.38382,331.38,0.45,0.39,2022-11-08,0618,SNPP,SNPP,n,2,300.25,2.55,D,0
21.40528,106.38333,333.36,0.45,0.39,2022-11-08,0618,SNPP,SNPP,n,2,297.2,2.55,D,0
21.40646,105.50269,342.55,0.42,0.38,2022-11-08,0619,SNPP,SNPP,n,2,300.16,6.2,D,0
21.45652,105.72845,338.46,0.43,0.38,2022-11-08,0619,SNPP,SNPP,n,2,293.13,6.86,D,0
21.60769,105.15623,332.79,0.41,0.37,2022-11-08,0619,SNPP,SNPP,n,2,297.62,4.12,D,0
21.84155,105.20487,302.14,0.42,0.38,2022-11-08,1847,SNPP,SNPP,n,2,290.69,0.37,N,0
21.56036,105.86885,316.22,0.44,0.39,2022-11-08,1847,SNPP,SNPP,n,2,290.76,1.19,N,2
21.16811,105.91691,302.8,0.45,0.39,2022-11-08,1848,SNPP,SNPP,n,2,290.54,0.46,N,0
21.01831,106.5279,319.5,0.48,0.4,2022-11-08,1848,SNPP,SNPP,n,2,293.39,3.33,N,2
20.34077,105.91241,306.23,0.46,0.39,2022-11-08,1848,SNPP,SNPP,n,2,292.43,0.64,N,2
20.16087,105.58894,329.02,0.44,0.38,2022-11-09,0559,SNPP,SNPP,n,2,294.49,1.81,D,0
20.27115,106.03316,339.42,0.42,0.38,2022-11-09,0559,SNPP,SNPP,n,2,298.29,4.71,D,0
20.42661,105.66309,331.68,0.43,0.38,2022-11-09,0559,SNPP,SNPP,n,2,297.15,3.01,D,0
20.80911,106.21619,331.55,0.41,0.37,2022-11-09,0600,SNPP,SNPP,n,2,299.17,3.08,D,0
21.22681,106.84804,339,0.39,0.36,2022-11-09,0600,SNPP,SNPP,n,2,300.3,4.53,D,0
21.28295,106.68214,332.27,0.4,0.37,2022-11-09,0600,SNPP,SNPP,n,2,298.04,3.76,D,0
21.2863,106.68152,334.09,0.4,0.37,2022-11-09,0600,SNPP,SNPP,n,2,295.01,3.66,D,0
21.3391,105.84175,339.84,0.42,0.37,2022-11-09,0600,SNPP,SNPP,n,2,297.41,4.86,D,0
21.48811,106.65203,340.4,0.4,0.37,2022-11-09,0600,SNPP,SNPP,n,2,298.56,3.38,D,0
21.51973,105.7925,330.22,0.42,0.37,2022-11-09,0600,SNPP,SNPP,n,2,297.75,2.84,D,0
21.8394,105.20747,302.48,0.43,0.38,2022-11-09,1829,SNPP,SNPP,n,2,290.87,0.64,N,0
21.70005,105.87988,302.32,0.41,0.37,2022-11-09,1829,SNPP,SNPP,n,2,291.79,0.77,N,0
20.98254,106.01485,321.19,0.4,0.37,2022-11-09,1829,SNPP,SNPP,n,2,291.66,1.7,N,0
20.40706,105.89828,306.65,0.4,0.37,2022-11-09,1829,SNPP,SNPP,n,2,293.13,0.89,N,2
20.39975,105.90096,308.68,0.4,0.37,2022-11-09,1829,SNPP,SNPP,n,2,292.96,0.98,N,2
20.342,105.91173,307.2,0.4,0.37,2022-11-09,1829,SNPP,SNPP,n,2,292.8,0.63,N,2
21.87017,104.87611,330.23,0.54,0.51,2022-11-10,0541,SNPP,SNPP,n,2,298.35,3.52,D,0
21.1681,105.91722,303.46,0.45,0.47,2022-11-10,1810,SNPP,SNPP,n,2,288.59,0.71,N,0
21.3458,106.60949,331.74,0.43,0.62,2022-11-11,0522,SNPP,SNPP,n,2,291.32,3.05,D,0
21.51557,104.94125,333.43,0.58,0.7,2022-11-11,0703,SNPP,SNPP,n,2,292.56,4.73,D,0
21.51479,104.94004,336.58,0.58,0.7,2022-11-11,0703,SNPP,SNPP,n,2,292.68,4.42,D,0
21.68202,104.98361,348.77,0.58,0.7,2022-11-11,0703,SNPP,SNPP,n,2,293.53,8.5,D,0
21.83148,105.56978,330.2,0.64,0.72,2022-11-11,0703,SNPP,SNPP,n,2,290.76,6.58,D,0
21.03996,106.58752,309.79,0.41,0.61,2022-11-11,1751,SNPP,SNPP,n,2,291.89,1,N,2
21.03707,106.58959,305.53,0.41,0.61,2022-11-11,1751,SNPP,SNPP,n,2,291.1,1.28,N,2
21.02005,106.53003,305.21,0.42,0.61,2022-11-11,1751,SNPP,SNPP,n,2,291.42,1.19,N,2
21.01398,106.53348,303.03,0.41,0.61,2022-11-11,1751,SNPP,SNPP,n,2,291.55,0.94,N,2
21.01359,106.53755,302.62,0.41,0.61,2022-11-11,1751,SNPP,SNPP,n,2,291.14,0.94,N,2
21.01319,106.54163,302.65,0.41,0.61,2022-11-11,1751,SNPP,SNPP,n,2,290.86,1.08,N,2
20.56888,105.56493,344.7,0.61,0.54,2022-11-12,0643,SNPP,SNPP,n,2,295.76,18.78,D,0
20.56966,105.56858,339.99,0.61,0.54,2022-11-12,0643,SNPP,SNPP,n,2,294.72,14.94,D,0
20.56903,105.56233,336.74,0.61,0.54,2022-11-12,0643,SNPP,SNPP,n,2,294.01,14.94,D,0
21.90222,105.80378,345.57,0.33,0.55,2022-11-12,0644,SNPP,SNPP,n,2,294.86,3.03,D,0
21.56753,106.49371,301.56,0.37,0.58,2022-11-12,1912,SNPP,SNPP,n,2,288.47,0.52,N,2
21.03879,106.58794,303.89,0.38,0.59,2022-11-12,1913,SNPP,SNPP,n,2,290.04,0.51,N,2
21.01692,106.52941,303.65,0.38,0.59,2022-11-12,1913,SNPP,SNPP,n,2,290.33,1.24,N,2
21.14679,105.03886,345.95,0.46,0.39,2022-11-13,0625,SNPP,SNPP,n,2,302.59,35.91,D,0
21.1504,105.03831,343.1,0.46,0.39,2022-11-13,0625,SNPP,SNPP,n,2,296.13,10.77,D,0
21.14981,105.03381,333.98,0.46,0.39,2022-11-13,0625,SNPP,SNPP,n,2,292.08,2.59,D,0
21.52826,106.06342,333.71,0.52,0.42,2022-11-13,0625,SNPP,SNPP,n,2,292.78,5.62,D,0
21.61047,105.32565,334.34,0.48,0.4,2022-11-13,0625,SNPP,SNPP,n,2,298.67,4.75,D,0
21.70114,105.70581,331.84,0.5,0.41,2022-11-13,0625,SNPP,SNPP,n,2,295.32,3.76,D,0
21.87428,105.97472,333.87,0.52,0.41,2022-11-13,0625,SNPP,SNPP,n,2,294.5,5.18,D,0
21.87639,105.97658,328.76,0.52,0.42,2022-11-13,0625,SNPP,SNPP,n,2,294.26,4.64,D,0
21.04119,106.58945,304.56,0.39,0.44,2022-11-13,1854,SNPP,SNPP,n,2,290.77,0.76,N,2
21.21958,106.74033,332.14,0.38,0.36,2022-11-14,0606,SNPP,SNPP,n,2,294.92,4.87,D,0
21.22289,106.73975,332.85,0.38,0.36,2022-11-14,0606,SNPP,SNPP,n,2,290.78,3.69,D,0
21.0756,106.72836,297.61,0.39,0.36,2022-11-14,1835,SNPP,SNPP,n,2,286.43,0.6,N,0
20.53169,105.86769,304.3,0.38,0.36,2022-11-14,1835,SNPP,SNPP,n,2,290.97,0.39,N,2
20.5369,105.58307,340.87,0.42,0.45,2022-11-15,0547,SNPP,SNPP,n,2,290.31,4.6,D,0
20.53818,105.5828,344.54,0.42,0.45,2022-11-15,0547,SNPP,SNPP,n,2,290.81,5.72,D,0
21.34977,105.07336,301.82,0.41,0.45,2022-11-15,1816,SNPP,SNPP,n,2,288.01,0.54,N,0
20.96362,106.75483,303.54,0.49,0.41,2022-11-15,1816,SNPP,SNPP,n,2,290.07,1.24,N,0
20.40329,105.90188,302.92,0.36,0.57,2022-11-16,1757,SNPP,SNPP,n,2,283.59,1.17,N,2
20.28804,105.24363,333.26,0.55,0.43,2022-11-18,0631,SNPP,SNPP,n,2,291.78,6.32,D,0
20.62232,105.31583,334.19,0.56,0.43,2022-11-18,0631,SNPP,SNPP,n,2,293.21,5.11,D,0
20.79303,106.50568,334.44,0.44,0.46,2022-11-18,0631,SNPP,SNPP,n,2,293.91,4.11,D,0
20.66733,105.22318,333.39,0.56,0.43,2022-11-18,0631,SNPP,SNPP,n,2,294.15,4.63,D,0
20.87536,106.52181,329.62,0.45,0.47,2022-11-18,0631,SNPP,SNPP,n,2,290.1,2.38,D,0
20.79247,106.4987,333.04,0.4,0.37,2022-11-19,0612,SNPP,SNPP,n,2,293.46,2.54,D,0
21.1094,106.42429,327.96,0.4,0.37,2022-11-19,0612,SNPP,SNPP,n,2,294.33,2.17,D,0
21.2275,106.69334,348,0.41,0.37,2022-11-19,0612,SNPP,SNPP,n,2,295.5,25.17,D,0
21.22695,106.68948,337.16,0.41,0.37,2022-11-19,0612,SNPP,SNPP,n,2,299.84,28.89,D,0
20.40713,105.90047,302.2,0.4,0.37,2022-11-19,1841,SNPP,SNPP,n,2,288.74,0.94,N,2
20.40611,105.90116,302.94,0.4,0.37,2022-11-19,1841,SNPP,SNPP,n,2,288.3,0.97,N,2
20.40273,105.90052,309.08,0.4,0.37,2022-11-19,1841,SNPP,SNPP,n,2,288,0.97,N,2
20.88155,106.77504,340.51,0.45,0.39,2022-11-20,0553,SNPP,SNPP,n,2,296.69,10.48,D,0
21.31107,106.61741,338.36,0.45,0.39,2022-11-20,0553,SNPP,SNPP,n,2,293.95,5.74,D,0
21.39771,106.39988,335.27,0.46,0.39,2022-11-20,0553,SNPP,SNPP,n,2,294.11,9.75,D,0
21.56793,106.49512,301.49,0.44,0.38,2022-11-20,1822,SNPP,SNPP,n,2,289.9,0.59,N,2
21.04089,106.58682,303.25,0.43,0.38,2022-11-20,1822,SNPP,SNPP,n,2,291.68,0.57,N,2
20.9627,106.75634,306.61,0.42,0.38,2022-11-20,1822,SNPP,SNPP,n,2,291.96,0.87,N,0
20.53056,105.86476,305.01,0.45,0.39,2022-11-20,1822,SNPP,SNPP,n,2,290.69,0.7,N,2
20.45313,105.88515,303.1,0.45,0.39,2022-11-20,1822,SNPP,SNPP,n,2,291.08,0.9,N,0
20.40714,105.89997,313.12,0.45,0.39,2022-11-20,1822,SNPP,SNPP,n,2,291.67,1.12,N,2
20.40355,105.89944,312.19,0.45,0.39,2022-11-20,1822,SNPP,SNPP,n,2,290.94,1.12,N,2
20.34827,105.91449,303.47,0.45,0.39,2022-11-20,1823,SNPP,SNPP,n,2,290.3,1.04,N,2
21.47683,106.28499,296.75,0.55,0.51,2022-11-21,1803,SNPP,SNPP,n,2,286.29,0.65,N,0
20.53059,105.86773,306.51,0.57,0.52,2022-11-21,1804,SNPP,SNPP,n,2,290.05,0.81,N,2
20.90041,105.29213,335.77,0.47,0.64,2022-11-22,0656,SNPP,SNPP,n,2,290.5,9.7,D,0
20.89999,105.28761,353.49,0.47,0.64,2022-11-22,0656,SNPP,SNPP,n,2,291.29,8.51,D,0
20.90224,105.28838,367,0.47,0.64,2022-11-22,0656,SNPP,SNPP,h,2,292.45,11.76,D,0
20.95142,105.36597,348.73,0.48,0.65,2022-11-22,0656,SNPP,SNPP,n,2,290.66,7.33,D,0
20.5324,105.86499,304.18,0.46,0.63,2022-11-27,1751,SNPP,SNPP,n,2,285.26,2.87,N,0
20.40679,105.89977,308.4,0.46,0.63,2022-11-27,1751,SNPP,SNPP,n,2,287.02,0.89,N,2
20.40089,105.89924,304.87,0.46,0.63,2022-11-27,1751,SNPP,SNPP,n,2,286.92,0.89,N,2
20.40866,105.89796,302.88,0.45,0.63,2022-11-27,1751,SNPP,SNPP,n,2,286.65,1.92,N,2
21.05629,105.61743,307.69,0.65,0.73,2022-11-27,1931,SNPP,SNPP,n,2,288.05,1.02,N,0
21.05349,105.61668,307.32,0.65,0.73,2022-11-27,1931,SNPP,SNPP,n,2,288,0.88,N,0
20.43582,105.45916,334.7,0.59,0.53,2022-11-28,0643,SNPP,SNPP,n,2,293.36,5.74,D,0
20.43791,105.45827,333.91,0.59,0.53,2022-11-28,0643,SNPP,SNPP,n,2,292.72,2.36,D,0
21.32388,106.81264,327.97,0.37,0.58,2022-11-28,0643,SNPP,SNPP,n,2,290.41,1.51,D,0
21.21125,105.22881,341.41,0.59,0.53,2022-11-28,0643,SNPP,SNPP,n,2,294.91,8.7,D,0
20.34223,105.91277,306.69,0.36,0.57,2022-11-28,1913,SNPP,SNPP,n,2,290.68,0.79,N,2
20.34266,105.91358,305.27,0.36,0.57,2022-11-28,1913,SNPP,SNPP,n,2,290.42,0.83,N,2
20.59003,105.65943,331.43,0.48,0.4,2022-11-29,0624,SNPP,SNPP,n,2,294.2,2.98,D,0
20.58709,105.27043,336.03,0.46,0.39,2022-11-29,0624,SNPP,SNPP,n,2,296.98,4.25,D,0
21.0006,105.11369,336.18,0.46,0.39,2022-11-29,0624,SNPP,SNPP,n,2,296.13,5.64,D,0
21.14305,105.15677,330.77,0.46,0.39,2022-11-29,0624,SNPP,SNPP,n,2,295.93,2.2,D,0
21.14643,105.04374,334.31,0.46,0.39,2022-11-29,0624,SNPP,SNPP,n,2,297.75,4.78,D,0
21.36421,104.98073,338.64,0.46,0.39,2022-11-29,0625,SNPP,SNPP,n,2,297.04,8.26,D,0
21.58011,104.90252,331.96,0.45,0.39,2022-11-29,0625,SNPP,SNPP,n,2,295.19,2.01,D,0
21.65191,104.90645,332.13,0.45,0.39,2022-11-29,0625,SNPP,SNPP,n,2,298.03,2.17,D,0
21.82097,105.29008,331.78,0.48,0.4,2022-11-29,0625,SNPP,SNPP,n,2,295.81,5.43,D,0
21.79466,105.08962,334.8,0.46,0.39,2022-11-29,0625,SNPP,SNPP,n,2,297.14,4.36,D,0
21.00908,106.54103,305.08,0.38,0.44,2022-11-29,1854,SNPP,SNPP,n,2,289.7,0.53,N,2
20.51601,105.59538,326.44,0.39,0.36,2022-11-30,0605,SNPP,SNPP,n,2,295.75,2.4,D,0
20.53847,105.30367,331.39,0.4,0.37,2022-11-30,0605,SNPP,SNPP,n,2,293.62,2.01,D,0
20.53936,105.30338,331.27,0.4,0.37,2022-11-30,0605,SNPP,SNPP,n,2,293.34,2.92,D,0
20.90848,105.42409,334.3,0.39,0.37,2022-11-30,0606,SNPP,SNPP,n,2,291.44,6.32,D,0
21.17252,105.244,335.17,0.4,0.37,2022-11-30,0606,SNPP,SNPP,n,2,295.5,5.69,D,0
21.17587,105.24339,327.95,0.4,0.37,2022-11-30,0606,SNPP,SNPP,n,2,295.23,3.12,D,0
21.26738,105.11685,332.76,0.4,0.37,2022-11-30,0606,SNPP,SNPP,n,2,295.68,2.83,D,0
21.26884,105.11658,334.63,0.4,0.37,2022-11-30,0606,SNPP,SNPP,n,2,295.84,3.33,D,0
21.60596,105.32848,333.12,0.39,0.36,2022-11-30,0606,SNPP,SNPP,n,2,296.86,3.69,D,0
21.61752,105.11155,330.54,0.4,0.37,2022-11-30,0606,SNPP,SNPP,n,2,295.19,2.19,D,0
21.64147,104.98116,332.1,0.4,0.37,2022-11-30,0606,SNPP,SNPP,n,2,295.95,2.85,D,0
21.82425,104.91969,331.4,0.4,0.37,2022-11-30,0606,SNPP,SNPP,n,2,297.45,2.89,D,0
21.82762,104.91905,331.74,0.4,0.37,2022-11-30,0606,SNPP,SNPP,n,2,296.24,3.08,D,0
21.56622,106.49258,295.49,0.41,0.37,2022-12-05,1841,SNPP,SNPP,n,2,284.25,0.78,N,0
21.35578,105.84307,304.54,0.4,0.37,2022-12-05,1841,SNPP,SNPP,n,2,284.52,0.62,N,0
21.12872,106.50942,295.71,0.41,0.37,2022-12-05,1841,SNPP,SNPP,n,2,284.03,0.37,N,0
21.03889,106.58729,297.89,0.41,0.37,2022-12-05,1841,SNPP,SNPP,n,2,286.41,0.4,N,2
20.22841,105.70121,338.67,0.52,0.5,2022-12-12,0540,SNPP,SNPP,n,2,289.58,5.9,D,0
21.42758,106.71364,338.89,0.43,0.46,2022-12-12,0541,SNPP,SNPP,n,2,293.05,6.34,D,0
21.4268,106.70945,336.1,0.43,0.46,2022-12-12,0541,SNPP,SNPP,n,2,293.14,4.93,D,0
21.4271,106.71423,332.56,0.43,0.46,2022-12-12,0541,SNPP,SNPP,n,2,291.63,5.84,D,0
21.42629,106.71005,347.99,0.43,0.46,2022-12-12,0541,SNPP,SNPP,n,2,294.16,6.75,D,0
21.53967,106.27435,338.65,0.46,0.47,2022-12-12,0541,SNPP,SNPP,n,2,291.81,7.01,D,0
21.59431,106.08775,327.38,0.47,0.48,2022-12-12,0541,SNPP,SNPP,n,2,291.07,5.44,D,0
21.73359,106.38064,325.98,0.45,0.47,2022-12-12,0541,SNPP,SNPP,n,2,291.23,4.18,D,0
21.03903,106.59039,300.88,0.42,0.45,2022-12-12,1810,SNPP,SNPP,n,2,287.77,0.52,N,2
20.40445,105.90129,309.67,0.45,0.47,2022-12-12,1810,SNPP,SNPP,n,2,288.08,1.59,N,2
20.40014,105.90073,303.6,0.45,0.47,2022-12-12,1810,SNPP,SNPP,n,2,287.06,1.11,N,2
20.34632,105.91074,297.57,0.45,0.47,2022-12-12,1810,SNPP,SNPP,n,2,285.34,1.05,N,2
20.46498,106.15719,327.87,0.48,0.65,2022-12-13,0522,SNPP,SNPP,n,2,290.31,2.37,D,0
21.46343,106.09188,343.33,0.47,0.64,2022-12-13,0522,SNPP,SNPP,n,2,291.53,6.93,D,0
21.46257,106.09552,327.92,0.46,0.64,2022-12-13,0522,SNPP,SNPP,n,2,290.57,5.1,D,0
21.46153,106.09103,334.23,0.46,0.64,2022-12-13,0522,SNPP,SNPP,n,2,291.08,4.34,D,0
21.0803,106.74931,326.14,0.74,0.76,2022-12-13,0702,SNPP,SNPP,n,2,290.73,5.49,D,0
21.67171,105.6303,340.32,0.63,0.72,2022-12-13,0703,SNPP,SNPP,n,2,290.36,5.5,D,0
21.75896,106.15494,344.55,0.69,0.74,2022-12-13,0703,SNPP,SNPP,n,2,289.67,6.95,D,0
21.78609,106.05166,325.56,0.68,0.74,2022-12-13,0703,SNPP,SNPP,n,2,289.33,3.01,D,0
21.75803,106.15869,341.55,0.69,0.74,2022-12-13,0703,SNPP,SNPP,n,2,289.82,11.18,D,0
21.85411,106.03445,326.96,0.68,0.74,2022-12-13,0703,SNPP,SNPP,n,2,288.51,6.76,D,0
21.87186,105.98948,328.84,0.67,0.74,2022-12-13,0703,SNPP,SNPP,n,2,289.48,3.97,D,0
20.18653,105.45679,336.14,0.59,0.53,2022-12-14,0643,SNPP,SNPP,n,2,291.51,6.05,D,0
20.18578,105.44999,330.87,0.59,0.53,2022-12-14,0643,SNPP,SNPP,n,2,290.62,6.05,D,0
20.18361,105.45585,338.72,0.59,0.53,2022-12-14,0643,SNPP,SNPP,n,2,293.54,8.12,D,0
20.4247,106.5379,330.01,0.35,0.57,2022-12-14,0643,SNPP,SNPP,n,2,293.15,1.64,D,0
20.42425,106.53674,332.33,0.35,0.57,2022-12-14,0643,SNPP,SNPP,n,2,293.19,1.14,D,0
20.4831,105.66811,331.73,0.61,0.54,2022-12-14,0643,SNPP,SNPP,n,2,292.09,5.46,D,0
20.81521,106.4223,340.89,0.35,0.56,2022-12-14,0643,SNPP,SNPP,n,2,293.29,2.67,D,0
21.21505,106.71707,332.97,0.37,0.58,2022-12-14,0644,SNPP,SNPP,n,2,290.56,1.92,D,0
21.20648,106.51814,344.41,0.36,0.57,2022-12-14,0644,SNPP,SNPP,n,2,292.33,3.44,D,0
21.25468,106.84435,347.28,0.37,0.58,2022-12-14,0644,SNPP,SNPP,n,2,291.15,3.89,D,0
21.25437,106.84118,329.42,0.37,0.58,2022-12-14,0644,SNPP,SNPP,n,2,291.22,3.89,D,0
21.31085,106.72424,367,0.37,0.58,2022-12-14,0644,SNPP,SNPP,h,2,292.76,5.64,D,0
21.51542,106.7132,338.01,0.37,0.58,2022-12-14,0644,SNPP,SNPP,n,2,292.58,2.8,D,0
21.49884,106.37126,367,0.35,0.57,2022-12-14,0644,SNPP,SNPP,h,2,295.48,16.28,D,0
21.50454,106.05698,367,0.33,0.56,2022-12-14,0644,SNPP,SNPP,h,2,293.55,6.51,D,0
21.49088,105.87268,341.86,0.33,0.55,2022-12-14,0644,SNPP,SNPP,n,2,293.08,2.94,D,0
21.5558,106.24958,329.15,0.34,0.56,2022-12-14,0644,SNPP,SNPP,n,2,291.94,1.25,D,0
21.56459,105.76247,327.65,0.32,0.55,2022-12-14,0644,SNPP,SNPP,n,2,291.57,1.44,D,0
21.62218,106.12475,337.12,0.34,0.56,2022-12-14,0644,SNPP,SNPP,n,2,290.85,2.14,D,0
21.75912,106.22159,337.48,0.35,0.56,2022-12-14,0644,SNPP,SNPP,n,2,291.31,2.77,D,0
21.78472,106.05491,332.76,0.34,0.56,2022-12-14,0644,SNPP,SNPP,n,2,288.77,11.96,D,0
21.78444,106.05207,354.02,0.34,0.56,2022-12-14,0644,SNPP,SNPP,n,2,295.91,11.96,D,0
21.8021,105.96639,333.27,0.33,0.56,2022-12-14,0644,SNPP,SNPP,n,2,290.31,2.29,D,0
21.83231,106.1106,331.3,0.34,0.56,2022-12-14,0644,SNPP,SNPP,n,2,289.08,3.91,D,0
21.77001,105.35763,325.18,0.61,0.53,2022-12-14,0644,SNPP,SNPP,n,2,290.73,4.66,D,0
21.755,105.12411,329.36,0.59,0.53,2022-12-14,0644,SNPP,SNPP,n,2,290.94,3.81,D,0
21.75988,105.1236,329.25,0.59,0.53,2022-12-14,0644,SNPP,SNPP,n,2,290.69,3.81,D,0
21.77082,105.35566,326.59,0.61,0.53,2022-12-14,0644,SNPP,SNPP,n,2,290.14,3.72,D,0
21.75743,105.12164,338.42,0.59,0.53,2022-12-14,0644,SNPP,SNPP,n,2,291.9,9.95,D,0
21.87642,106.17877,331.4,0.34,0.56,2022-12-14,0644,SNPP,SNPP,n,2,289.04,4.18,D,0
21.87612,106.17557,345.86,0.34,0.56,2022-12-14,0644,SNPP,SNPP,n,2,290.31,4.18,D,0
21.94311,106.71558,344.41,0.37,0.58,2022-12-14,0644,SNPP,SNPP,n,2,291.31,6.87,D,0
21.85063,105.64874,352.57,0.32,0.54,2022-12-14,0644,SNPP,SNPP,n,2,289.57,5.8,D,0
21.85392,105.48039,341.41,0.62,0.54,2022-12-14,0644,SNPP,SNPP,n,2,293.76,21.23,D,0
21.92421,106.02095,333.68,0.34,0.56,2022-12-14,0644,SNPP,SNPP,n,2,290.69,2.47,D,0
21.89035,105.44353,325.27,0.62,0.54,2022-12-14,0644,SNPP,SNPP,n,2,291.45,3.71,D,0
21.55847,105.86816,298.98,0.34,0.56,2022-12-14,1912,SNPP,SNPP,n,2,283.89,0.51,N,2
21.04045,106.58685,295.42,0.38,0.59,2022-12-14,1913,SNPP,SNPP,n,2,285.13,0.64,N,2
21.03933,106.58775,300.98,0.38,0.59,2022-12-14,1913,SNPP,SNPP,n,2,285.51,0.67,N,2
21.16627,105.91748,314.45,0.34,0.56,2022-12-14,1913,SNPP,SNPP,n,2,282.7,1.2,N,0
20.4082,106.38424,306.23,0.38,0.59,2022-12-14,1913,SNPP,SNPP,n,2,283.02,0.48,N,0
20.42438,105.89999,297.92,0.35,0.57,2022-12-14,1913,SNPP,SNPP,n,2,286.9,0.63,N,0
20.42419,105.90041,299,0.36,0.57,2022-12-14,1913,SNPP,SNPP,n,2,287.38,0.68,N,0
20.40194,105.9023,302.73,0.36,0.57,2022-12-14,1913,SNPP,SNPP,n,2,286.99,0.7,N,2
20.33961,105.91225,298.52,0.36,0.57,2022-12-14,1913,SNPP,SNPP,n,2,285.51,0.5,N,2
20.1663,105.37558,335.83,0.46,0.39,2022-12-15,0624,SNPP,SNPP,n,2,296.98,6.08,D,0
20.3257,105.40392,333.87,0.47,0.39,2022-12-15,0625,SNPP,SNPP,n,2,294.14,9.28,D,0
20.55541,105.62256,342.97,0.48,0.4,2022-12-15,0625,SNPP,SNPP,n,2,295.52,11.07,D,0
20.56856,105.35768,328.11,0.47,0.39,2022-12-15,0625,SNPP,SNPP,n,2,293.99,2.13,D,0
20.84427,105.283,337.99,0.47,0.39,2022-12-15,0625,SNPP,SNPP,n,2,293.92,5.46,D,0
21.04845,106.53841,331.13,0.54,0.42,2022-12-15,0625,SNPP,SNPP,n,2,298.13,7.42,D,0
21.13591,106.60092,340.11,0.55,0.42,2022-12-15,0625,SNPP,SNPP,n,2,297.8,9.57,D,0
21.13604,106.60381,331.7,0.55,0.42,2022-12-15,0625,SNPP,SNPP,n,2,297.34,8.69,D,0
21.20382,106.53968,327.48,0.54,0.42,2022-12-15,0625,SNPP,SNPP,n,2,292.07,5.13,D,0
21.02324,105.12226,329.08,0.46,0.39,2022-12-15,0625,SNPP,SNPP,n,2,290.59,3.78,D,0
21.03946,105.16062,329.51,0.46,0.39,2022-12-15,0625,SNPP,SNPP,n,2,292.42,3.27,D,0
21.08441,105.05054,343.5,0.46,0.39,2022-12-15,0625,SNPP,SNPP,n,2,297.92,8.04,D,0
21.08801,105.04991,336.15,0.46,0.39,2022-12-15,0625,SNPP,SNPP,n,2,292.73,5.93,D,0
21.3551,106.82736,344.78,0.57,0.43,2022-12-15,0625,SNPP,SNPP,n,2,296.2,14.52,D,0
21.40628,106.73053,336.96,0.56,0.43,2022-12-15,0625,SNPP,SNPP,n,2,299.63,31.54,D,0
21.28213,105.1695,327.51,0.46,0.39,2022-12-15,0625,SNPP,SNPP,n,2,294.48,2.7,D,0
21.28234,105.17055,328.01,0.46,0.39,2022-12-15,0625,SNPP,SNPP,n,2,295,1.98,D,0
21.37692,105.58264,330.58,0.49,0.4,2022-12-15,0625,SNPP,SNPP,n,2,294.56,3.1,D,0
21.47465,106.25748,330.36,0.53,0.42,2022-12-15,0625,SNPP,SNPP,n,2,294.09,4.67,D,0
21.53012,106.29143,337.87,0.53,0.42,2022-12-15,0625,SNPP,SNPP,n,2,296.27,7.96,D,0
21.53101,106.28875,330.37,0.53,0.42,2022-12-15,0625,SNPP,SNPP,n,2,295.29,6.27,D,0
21.59987,106.7245,335.65,0.56,0.43,2022-12-15,0625,SNPP,SNPP,n,2,295.35,4.55,D,0
21.45102,105.46828,328.4,0.48,0.4,2022-12-15,0625,SNPP,SNPP,n,2,293.42,2.49,D,0
21.5793,106.07999,329.27,0.52,0.41,2022-12-15,0625,SNPP,SNPP,n,2,293.63,2.98,D,0
21.59909,106.17377,341.79,0.52,0.42,2022-12-15,0625,SNPP,SNPP,n,2,294.73,18.47,D,0
21.62775,106.2749,329.26,0.53,0.42,2022-12-15,0625,SNPP,SNPP,n,2,294.27,2.09,D,0
21.61053,106.11065,332.96,0.52,0.42,2022-12-15,0625,SNPP,SNPP,n,2,292.8,6.68,D,0
21.62802,106.2718,330.54,0.53,0.42,2022-12-15,0625,SNPP,SNPP,n,2,295.37,3.48,D,0
21.61183,106.10743,331.93,0.52,0.42,2022-12-15,0625,SNPP,SNPP,n,2,294.95,5.46,D,0
21.56516,105.09392,326.02,0.46,0.39,2022-12-15,0625,SNPP,SNPP,n,2,291.95,2.59,D,0
21.72891,106.19811,333.29,0.53,0.42,2022-12-15,0625,SNPP,SNPP,n,2,299.19,40.2,D,0
21.73981,106.19128,331.73,0.53,0.42,2022-12-15,0625,SNPP,SNPP,n,2,295.32,4.76,D,0
21.73776,106.19466,330.13,0.53,0.42,2022-12-15,0625,SNPP,SNPP,n,2,293.4,6.27,D,0
21.6832,105.6941,330.56,0.5,0.41,2022-12-15,0625,SNPP,SNPP,n,2,294.58,5.25,D,0
21.58555,104.87991,330.8,0.45,0.39,2022-12-15,0625,SNPP,SNPP,n,2,292.05,2.16,D,0
21.75021,106.13681,327.61,0.52,0.42,2022-12-15,0625,SNPP,SNPP,n,2,292.02,3.84,D,0
21.78722,106.05827,337.91,0.52,0.42,2022-12-15,0625,SNPP,SNPP,n,2,294.34,10.96,D,0
21.65922,104.85521,329.95,0.45,0.39,2022-12-15,0625,SNPP,SNPP,n,2,292.39,6.01,D,0
21.81628,105.80893,330.9,0.51,0.41,2022-12-15,0625,SNPP,SNPP,n,2,293.69,5.77,D,0
21.8597,105.84756,329.3,0.51,0.41,2022-12-15,0625,SNPP,SNPP,n,2,292.6,4.21,D,0
21.7717,104.89251,327.67,0.46,0.39,2022-12-15,0625,SNPP,SNPP,n,2,290.59,1.58,D,0
21.87147,105.4557,335.28,0.49,0.4,2022-12-15,0625,SNPP,SNPP,n,2,294.3,4.07,D,0
21.89435,105.45731,328.03,0.49,0.4,2022-12-15,0625,SNPP,SNPP,n,2,293.35,2.53,D,0
21.85783,105.14683,328.97,0.47,0.4,2022-12-15,0625,SNPP,SNPP,n,2,295.56,3.38,D,0
21.8555,105.10066,326.17,0.47,0.4,2022-12-15,0625,SNPP,SNPP,n,2,292.42,2.41,D,0
21.94494,105.73308,338.64,0.5,0.41,2022-12-15,0625,SNPP,SNPP,n,2,297.33,10.57,D,0
21.93003,105.5871,329.54,0.49,0.41,2022-12-15,0625,SNPP,SNPP,n,2,293.12,2.18,D,0
21.94879,105.70319,330.02,0.5,0.41,2022-12-15,0625,SNPP,SNPP,n,2,292.65,4.98,D,0
21.93314,105.58163,330.26,0.49,0.41,2022-12-15,0625,SNPP,SNPP,n,2,292.29,3.31,D,0
21.94735,105.54462,332.33,0.49,0.4,2022-12-15,0625,SNPP,SNPP,n,2,292.56,3.97,D,0
21.94553,105.53065,333.56,0.49,0.4,2022-12-15,0625,SNPP,SNPP,n,2,293.28,5.57,D,0
21.60759,106.14759,297.42,0.54,0.42,2022-12-15,1854,SNPP,SNPP,n,2,284.24,1.02,N,0
21.21845,106.41126,305.57,0.57,0.43,2022-12-15,1854,SNPP,SNPP,n,2,286.63,1.28,N,0
21.21745,106.41649,304.69,0.57,0.43,2022-12-15,1854,SNPP,SNPP,n,2,286.14,1.28,N,0
21.01923,106.53207,297.95,0.39,0.44,2022-12-15,1854,SNPP,SNPP,n,2,287.92,0.79,N,2
21.07573,105.90894,298.29,0.53,0.42,2022-12-15,1854,SNPP,SNPP,n,2,286.2,0.86,N,0
21.07189,105.90813,301.01,0.53,0.42,2022-12-15,1854,SNPP,SNPP,n,2,285.44,0.86,N,0
21.07511,105.90719,303.39,0.53,0.42,2022-12-15,1854,SNPP,SNPP,n,2,285.68,1.04,N,0
20.828,106.54623,297.8,0.39,0.44,2022-12-15,1854,SNPP,SNPP,n,2,286.82,0.48,N,0
20.53119,105.86514,297.24,0.54,0.42,2022-12-15,1854,SNPP,SNPP,n,2,286.63,0.59,N,2
20.34027,105.91364,298.3,0.55,0.43,2022-12-15,1854,SNPP,SNPP,n,2,287.13,0.87,N,2
20.49583,105.58677,336.16,0.39,0.36,2022-12-16,0606,SNPP,SNPP,n,2,292.71,14.32,D,0
20.49525,105.58305,349.78,0.39,0.36,2022-12-16,0606,SNPP,SNPP,n,2,295.84,14.32,D,0
20.83401,105.48325,330.06,0.39,0.36,2022-12-16,0606,SNPP,SNPP,n,2,293.21,2.26,D,0
20.83735,105.48266,331.27,0.39,0.36,2022-12-16,0606,SNPP,SNPP,n,2,293.29,3.53,D,0
21.06792,105.05036,343.55,0.4,0.37,2022-12-16,0606,SNPP,SNPP,n,2,296.21,20.04,D,0
21.17476,105.25465,328.31,0.4,0.37,2022-12-16,0606,SNPP,SNPP,n,2,292.54,1.56,D,0
21.39364,106.37232,335.26,0.38,0.36,2022-12-16,0606,SNPP,SNPP,n,2,300.57,3.11,D,0
21.2586,105.23136,335.97,0.4,0.37,2022-12-16,0606,SNPP,SNPP,n,2,293.52,2.89,D,0
21.23754,105.07883,333.39,0.4,0.37,2022-12-16,0606,SNPP,SNPP,n,2,291.38,4.71,D,0
21.25372,105.11489,325.16,0.4,0.37,2022-12-16,0606,SNPP,SNPP,n,2,294.31,2.36,D,0
21.49084,105.99383,325.94,0.39,0.36,2022-12-16,0606,SNPP,SNPP,n,2,295.52,1.64,D,0
21.51948,105.72495,334,0.39,0.36,2022-12-16,0606,SNPP,SNPP,n,2,293.43,2.65,D,0
21.51303,105.68393,332.65,0.39,0.36,2022-12-16,0606,SNPP,SNPP,n,2,294.43,3.92,D,0
21.63009,106.15158,329.79,0.38,0.36,2022-12-16,0606,SNPP,SNPP,n,2,294.77,2.74,D,0
21.6673,106.08413,331.06,0.38,0.36,2022-12-16,0606,SNPP,SNPP,n,2,293.82,2.8,D,0
21.77125,106.16521,328.51,0.38,0.36,2022-12-16,0606,SNPP,SNPP,n,2,291.01,3.73,D,0
21.62497,105.02754,344.43,0.4,0.37,2022-12-16,0606,SNPP,SNPP,n,2,292.55,7.43,D,0
21.71265,105.46743,336.65,0.39,0.36,2022-12-16,0606,SNPP,SNPP,n,2,293.31,4.07,D,0
21.82543,106.10201,330.18,0.38,0.36,2022-12-16,0606,SNPP,SNPP,n,2,292.93,3.27,D,0
21.83443,106.13847,332.69,0.38,0.36,2022-12-16,0606,SNPP,SNPP,n,2,294.42,7.56,D,0
21.82873,106.10141,333.98,0.38,0.36,2022-12-16,0606,SNPP,SNPP,n,2,292.35,5.69,D,0
21.82223,105.83951,330.66,0.39,0.36,2022-12-16,0606,SNPP,SNPP,n,2,295.25,1.57,D,0
21.87857,106.13829,332.41,0.38,0.36,2022-12-16,0606,SNPP,SNPP,n,2,293.44,4.49,D,0
21.87505,106.09322,329.54,0.38,0.36,2022-12-16,0606,SNPP,SNPP,n,2,291.4,3.47,D,0
21.88291,106.12231,329.31,0.38,0.36,2022-12-16,0606,SNPP,SNPP,n,2,290.88,3.83,D,0
21.88235,106.11861,328.95,0.38,0.36,2022-12-16,0606,SNPP,SNPP,n,2,289.78,2.94,D,0
21.8885,106.13654,329.98,0.38,0.36,2022-12-16,0606,SNPP,SNPP,n,2,294.47,4.34,D,0
21.89238,106.13966,330.15,0.38,0.36,2022-12-16,0606,SNPP,SNPP,n,2,293.07,4.34,D,0
21.89181,106.13596,330.93,0.38,0.36,2022-12-16,0606,SNPP,SNPP,n,2,293.89,4.34,D,0
21.89067,106.12856,330.43,0.38,0.36,2022-12-16,0606,SNPP,SNPP,n,2,292.21,1.57,D,0
21.91401,106.21555,325.53,0.38,0.36,2022-12-16,0606,SNPP,SNPP,n,2,291.99,1.73,D,0
21.9185,106.11202,330.52,0.38,0.36,2022-12-16,0606,SNPP,SNPP,n,2,292.4,2.29,D,0
21.83895,105.5143,334.17,0.39,0.36,2022-12-16,0606,SNPP,SNPP,n,2,291.77,4.42,D,0
21.80975,105.33002,329.21,0.39,0.36,2022-12-16,0606,SNPP,SNPP,n,2,293.24,4.21,D,0
21.80914,105.32619,331.85,0.39,0.36,2022-12-16,0606,SNPP,SNPP,n,2,290.1,3.19,D,0
21.83075,105.26778,331.43,0.39,0.36,2022-12-16,0606,SNPP,SNPP,n,2,294.28,3.06,D,0
21.79767,104.9958,332.4,0.4,0.37,2022-12-16,0606,SNPP,SNPP,n,2,294.05,4.53,D,0
21.93324,105.72372,330.79,0.39,0.36,2022-12-16,0606,SNPP,SNPP,n,2,292.86,2.33,D,0
21.94625,105.76361,327.65,0.39,0.36,2022-12-16,0606,SNPP,SNPP,n,2,291.63,7.05,D,0
21.94567,105.75987,326.75,0.39,0.36,2022-12-16,0606,SNPP,SNPP,n,2,294.29,7.05,D,0
21.92397,105.59872,330.02,0.39,0.36,2022-12-16,0606,SNPP,SNPP,n,2,293.42,2.11,D,0
21.92339,105.59499,325.7,0.39,0.36,2022-12-16,0606,SNPP,SNPP,n,2,292.96,2.11,D,0
21.92281,105.59126,345.89,0.39,0.36,2022-12-16,0606,SNPP,SNPP,n,2,294.35,6.52,D,0
21.92615,105.59806,330.22,0.39,0.36,2022-12-16,0606,SNPP,SNPP,n,2,293.99,5.64,D,0
21.94433,104.98861,331.07,0.4,0.37,2022-12-16,0606,SNPP,SNPP,n,2,292.43,2.79,D,0
20.10525,105.19755,330.7,0.4,0.37,2022-12-16,0606,SNPP,SNPP,n,2,294.52,4.01,D,0
20.16123,105.36784,325.8,0.4,0.37,2022-12-16,0606,SNPP,SNPP,n,2,291.31,1.63,D,0
20.18599,105.45705,329.37,0.4,0.37,2022-12-16,0606,SNPP,SNPP,n,2,294.11,5.16,D,0
20.23043,105.58408,336.15,0.39,0.36,2022-12-16,0606,SNPP,SNPP,n,2,296.69,3.79,D,0
20.17722,105.10194,337.09,0.4,0.37,2022-12-16,0606,SNPP,SNPP,n,2,292.69,4.87,D,0
21.48233,105.22428,330.95,0.42,0.45,2022-12-17,0547,SNPP,SNPP,n,2,289.59,1.77,D,0
21.85548,106.1142,336.56,0.56,0.43,2022-12-17,0547,SNPP,SNPP,n,2,288.96,10.33,D,0
21.86726,106.13382,325.14,0.56,0.43,2022-12-17,0547,SNPP,SNPP,n,2,285.86,2.66,D,0
21.87304,106.1212,326.54,0.56,0.43,2022-12-17,0547,SNPP,SNPP,n,2,288.4,2.99,D,0
21.87594,106.11494,344.82,0.56,0.43,2022-12-17,0547,SNPP,SNPP,n,2,288.04,8.72,D,0
21.92075,106.27048,329.77,0.55,0.42,2022-12-17,0547,SNPP,SNPP,n,2,288.71,3.32,D,0
21.91305,106.01369,325.8,0.56,0.43,2022-12-17,0547,SNPP,SNPP,n,2,289.17,2.68,D,0
20.16865,105.10877,345.01,0.45,0.63,2022-12-18,0528,SNPP,SNPP,n,2,287.25,4.23,D,0
21.23376,106.67256,338.54,0.34,0.56,2022-12-18,0528,SNPP,SNPP,n,2,288.16,3.67,D,0
21.48443,106.54734,332.26,0.35,0.56,2022-12-18,0528,SNPP,SNPP,n,2,289.86,5.02,D,0
21.48374,106.54406,336.74,0.35,0.56,2022-12-18,0528,SNPP,SNPP,n,2,289.66,3.76,D,0
21.61197,106.63374,339.84,0.34,0.56,2022-12-18,0528,SNPP,SNPP,n,2,286.35,3.21,D,0
21.61302,106.6315,328.47,0.34,0.56,2022-12-18,0528,SNPP,SNPP,n,2,286.13,3.35,D,0
21.52506,106.0526,337.24,0.37,0.58,2022-12-18,0528,SNPP,SNPP,n,2,289.66,2.32,D,0
21.86144,106.11884,338.93,0.36,0.57,2022-12-18,0529,SNPP,SNPP,n,2,285.84,3.68,D,0
21.68291,105.26112,337.36,0.41,0.61,2022-12-18,0529,SNPP,SNPP,n,2,288.23,2.63,D,0
21.89948,106.16722,341.27,0.36,0.57,2022-12-18,0529,SNPP,SNPP,n,2,287.37,4.09,D,0
21.89846,106.08615,332.56,0.36,0.58,2022-12-18,0529,SNPP,SNPP,n,2,285.28,2.73,D,0
21.82641,105.54546,326.69,0.39,0.6,2022-12-18,0529,SNPP,SNPP,n,2,289.12,2.26,D,0
21.82605,105.54483,330.45,0.39,0.6,2022-12-18,0529,SNPP,SNPP,n,2,289.12,2.01,D,0
21.81135,105.2985,367,0.41,0.6,2022-12-18,0529,SNPP,SNPP,h,2,290.93,11.75,D,0
21.93259,105.58815,332.01,0.39,0.59,2022-12-18,0529,SNPP,SNPP,n,2,287.01,7.85,D,0
21.93176,105.58435,355.63,0.39,0.59,2022-12-18,0529,SNPP,SNPP,n,2,288.86,6.94,D,0
21.93353,105.58746,341.54,0.39,0.59,2022-12-18,0529,SNPP,SNPP,n,2,287.36,8.6,D,0
21.93267,105.58365,348.71,0.39,0.59,2022-12-18,0529,SNPP,SNPP,n,2,288.18,6.94,D,0
20.17476,105.26406,325.05,0.73,0.76,2022-12-18,0709,SNPP,SNPP,n,2,285.76,2.96,D,0
21.32132,104.88931,326.24,0.71,0.75,2022-12-18,0709,SNPP,SNPP,n,2,285.62,2.89,D,0
21.3307,104.92133,339.99,0.72,0.75,2022-12-18,0709,SNPP,SNPP,n,2,285.12,14.72,D,0
21.33116,104.92779,356.75,0.72,0.75,2022-12-18,0709,SNPP,SNPP,l,2,286.07,14.72,D,0
21.60296,105.33244,326.65,0.77,0.77,2022-12-18,0709,SNPP,SNPP,n,2,286.02,4.86,D,0
21.67945,105.26109,358.09,0.76,0.77,2022-12-18,0709,SNPP,SNPP,l,2,287.26,12.3,D,0
21.6867,105.26085,339.42,0.76,0.77,2022-12-18,0709,SNPP,SNPP,n,2,283.09,7.36,D,0
21.88606,105.35931,328.87,0.77,0.78,2022-12-18,0709,SNPP,SNPP,n,2,284.72,5.02,D,0
21.84216,105.20538,296.02,0.41,0.61,2022-12-18,1757,SNPP,SNPP,n,2,281.32,0.34,N,0
21.35548,105.70318,296.3,0.38,0.59,2022-12-18,1757,SNPP,SNPP,n,2,279.08,0.46,N,0
21.03971,106.5903,303.41,0.33,0.55,2022-12-18,1757,SNPP,SNPP,n,2,283.77,1.17,N,0
21.02231,106.60767,304.06,0.33,0.55,2022-12-18,1757,SNPP,SNPP,n,2,282.95,0.75,N,0
21.01988,106.53238,297.43,0.33,0.55,2022-12-18,1757,SNPP,SNPP,n,2,283.17,0.63,N,2
21.0144,106.53499,296.33,0.33,0.55,2022-12-18,1757,SNPP,SNPP,n,2,282.57,0.63,N,2
21.00291,105.77628,298.46,0.37,0.58,2022-12-18,1757,SNPP,SNPP,n,2,280.88,0.22,N,0
20.92448,106.07142,301.16,0.35,0.57,2022-12-18,1757,SNPP,SNPP,n,2,279.44,0.39,N,0
20.52768,105.8671,296.15,0.36,0.57,2022-12-18,1758,SNPP,SNPP,n,2,280.82,0.39,N,0
20.42359,105.90108,297.25,0.36,0.57,2022-12-18,1758,SNPP,SNPP,n,2,282.67,0.71,N,0
20.40232,105.89853,295.83,0.36,0.57,2022-12-18,1758,SNPP,SNPP,n,2,280.93,0.99,N,2
20.40199,105.9019,301.42,0.36,0.57,2022-12-18,1758,SNPP,SNPP,n,2,282.49,0.97,N,2
20.34908,105.91222,297.88,0.36,0.57,2022-12-18,1758,SNPP,SNPP,n,2,281.13,0.36,N,2
21.15584,106.49454,346.23,0.7,0.75,2022-12-19,0510,SNPP,SNPP,n,2,290.22,9.13,D,0
21.15427,106.48803,343.15,0.7,0.75,2022-12-19,0510,SNPP,SNPP,n,2,289.26,9.13,D,0
21.15437,106.49271,367,0.7,0.75,2022-12-19,0510,SNPP,SNPP,h,2,292.48,17.68,D,0
21.39168,106.3726,352.28,0.7,0.75,2022-12-19,0510,SNPP,SNPP,n,2,289.68,10.15,D,0
21.40551,106.39934,337.25,0.7,0.75,2022-12-19,0510,SNPP,SNPP,n,2,288.76,13.96,D,0
21.40376,106.39223,348.32,0.7,0.75,2022-12-19,0510,SNPP,SNPP,n,2,288.71,11.25,D,0
21.39112,106.37071,348.32,0.7,0.75,2022-12-19,0510,SNPP,SNPP,n,2,289.73,8.19,D,0
21.4052,106.39764,353.22,0.7,0.75,2022-12-19,0510,SNPP,SNPP,n,2,290.03,9.42,D,0
21.40335,106.39034,331.71,0.7,0.75,2022-12-19,0510,SNPP,SNPP,n,2,287.6,9.42,D,0
21.67996,106.63489,350.46,0.66,0.73,2022-12-19,0510,SNPP,SNPP,n,2,287.28,8.31,D,0
21.67527,106.63536,350.12,0.66,0.73,2022-12-19,0510,SNPP,SNPP,n,2,287.3,12.41,D,0
21.86041,106.13364,353.91,0.71,0.75,2022-12-19,0510,SNPP,SNPP,n,2,287.43,24.79,D,0
21.85868,106.12673,358.09,0.71,0.75,2022-12-19,0510,SNPP,SNPP,l,2,287.88,20.24,D,0
21.82051,105.33829,352.35,0.79,0.78,2022-12-19,0510,SNPP,SNPP,n,2,288.63,12.37,D,0
21.82224,105.33673,351.98,0.79,0.78,2022-12-19,0510,SNPP,SNPP,n,2,288.16,8.56,D,0
20.1006,105.46584,327.23,0.37,0.58,2022-12-19,0650,SNPP,SNPP,n,2,289.55,2.32,D,0
20.1222,105.19434,348.13,0.36,0.57,2022-12-19,0650,SNPP,SNPP,n,2,290.31,5.3,D,0
20.56761,105.28307,326.26,0.37,0.58,2022-12-19,0650,SNPP,SNPP,n,2,290.21,1.65,D,0
20.81968,105.47775,325.42,0.38,0.59,2022-12-19,0650,SNPP,SNPP,n,2,289.2,0.99,D,0
20.87832,105.5111,326.29,0.38,0.59,2022-12-19,0650,SNPP,SNPP,n,2,289.46,3.31,D,0
20.87795,105.50731,344.85,0.38,0.59,2022-12-19,0650,SNPP,SNPP,n,2,293.3,3.31,D,0
20.98396,105.17343,347.25,0.37,0.58,2022-12-19,0650,SNPP,SNPP,n,2,292.17,4.2,D,0
20.98612,105.1721,349.48,0.37,0.58,2022-12-19,0650,SNPP,SNPP,n,2,291.88,5.47,D,0
21.13083,105.93683,325.53,0.41,0.61,2022-12-19,0650,SNPP,SNPP,n,2,295.03,1.43,D,0
21.22647,106.84706,327.06,0.47,0.64,2022-12-19,0650,SNPP,SNPP,n,2,291.09,2.73,D,0
21.27444,106.81369,334.35,0.47,0.64,2022-12-19,0650,SNPP,SNPP,n,2,290.34,2.66,D,0
21.1612,105.1553,331.53,0.37,0.58,2022-12-19,0650,SNPP,SNPP,n,2,291.4,2.61,D,0
21.50879,106.0323,367,0.42,0.61,2022-12-19,0650,SNPP,SNPP,h,2,293.2,5.44,D,0
21.59046,106.2928,332.74,0.44,0.62,2022-12-19,0650,SNPP,SNPP,n,2,290.57,3.06,D,0
21.47528,104.91235,367,0.36,0.57,2022-12-19,0650,SNPP,SNPP,h,2,291.05,6.13,D,0
21.48758,104.92741,332.39,0.36,0.57,2022-12-19,0650,SNPP,SNPP,n,2,290.88,2.79,D,0
21.49131,104.92976,327.2,0.36,0.57,2022-12-19,0650,SNPP,SNPP,n,2,289.84,2.99,D,0
21.49097,104.92613,325.42,0.36,0.57,2022-12-19,0650,SNPP,SNPP,n,2,289.92,1.97,D,0
21.55466,105.25626,325.34,0.38,0.59,2022-12-19,0650,SNPP,SNPP,n,2,288.9,2.61,D,0
21.5543,105.25245,333.34,0.38,0.59,2022-12-19,0650,SNPP,SNPP,n,2,291.15,2.61,D,0
21.57326,105.39571,329,0.39,0.59,2022-12-19,0650,SNPP,SNPP,n,2,291.74,2.61,D,0
21.54067,105.05094,337.49,0.37,0.58,2022-12-19,0650,SNPP,SNPP,n,2,291.47,3.83,D,0
21.65211,106.06764,343.77,0.43,0.62,2022-12-19,0650,SNPP,SNPP,n,2,293.4,6.95,D,0
21.72879,106.14222,349.62,0.43,0.62,2022-12-19,0650,SNPP,SNPP,n,2,292.14,6.65,D,0
21.67712,105.44115,326.57,0.39,0.59,2022-12-19,0650,SNPP,SNPP,n,2,290.57,2.88,D,0
21.77237,106.17332,326.59,0.44,0.62,2022-12-19,0650,SNPP,SNPP,n,2,288.64,4.4,D,0
21.78453,106.17857,367,0.44,0.62,2022-12-19,0650,SNPP,SNPP,h,2,294.66,12.62,D,0
21.82363,105.76348,327.04,0.41,0.61,2022-12-19,0650,SNPP,SNPP,n,2,290.86,1.86,D,0
21.87982,106.12991,336.99,0.43,0.62,2022-12-19,0650,SNPP,SNPP,n,2,289.85,3.85,D,0
21.89805,106.20243,338.21,0.44,0.62,2022-12-19,0650,SNPP,SNPP,n,2,290.47,5.12,D,0
21.90387,106.20202,335.75,0.44,0.62,2022-12-19,0650,SNPP,SNPP,n,2,288.66,5.12,D,0
21.90981,106.13898,331.49,0.43,0.62,2022-12-19,0650,SNPP,SNPP,n,2,287.01,4.1,D,0
21.90976,106.13857,335.91,0.43,0.62,2022-12-19,0650,SNPP,SNPP,n,2,286.65,4.47,D,0
21.94928,106.0571,337.37,0.43,0.62,2022-12-19,0650,SNPP,SNPP,n,2,289.54,3.56,D,0
21.01687,106.52856,296.39,0.67,0.73,2022-12-19,1738,SNPP,SNPP,n,2,283.53,1.05,N,2
20.53001,105.86675,295.55,0.73,0.76,2022-12-19,1739,SNPP,SNPP,n,2,282.51,0.75,N,2
20.40199,105.90035,299.58,0.72,0.76,2022-12-19,1739,SNPP,SNPP,n,2,283.69,1.48,N,2
20.40283,105.89963,296.19,0.45,0.63,2022-12-19,1919,SNPP,SNPP,n,2,284.25,1.16,N,2
20.18555,105.42714,331.2,0.56,0.43,2022-12-20,0631,SNPP,SNPP,n,2,294.24,5.36,D,0
20.55963,105.5545,344.99,0.39,0.44,2022-12-20,0631,SNPP,SNPP,n,2,295.09,5.05,D,0
20.93381,105.2133,333.27,0.56,0.43,2022-12-20,0631,SNPP,SNPP,n,2,291.95,4.43,D,0
21.13588,106.66788,338.78,0.46,0.47,2022-12-20,0631,SNPP,SNPP,n,2,291.77,11.49,D,0
21.13546,106.66425,338.08,0.46,0.47,2022-12-20,0631,SNPP,SNPP,n,2,296.1,11.49,D,0
21.24384,106.47351,326.47,0.45,0.47,2022-12-20,0631,SNPP,SNPP,n,2,288.59,1.75,D,0
21.21934,104.95058,340.21,0.54,0.42,2022-12-20,0631,SNPP,SNPP,n,2,292.48,5.83,D,0
21.26591,105.1621,326.69,0.56,0.43,2022-12-20,0631,SNPP,SNPP,n,2,292.14,2.04,D,0
21.37903,105.04997,341.74,0.55,0.43,2022-12-20,0631,SNPP,SNPP,n,2,292.36,5.31,D,0
21.38295,105.04923,326.82,0.55,0.43,2022-12-20,0631,SNPP,SNPP,n,2,291.28,5.31,D,0
21.38242,105.05226,332.35,0.55,0.43,2022-12-20,0631,SNPP,SNPP,n,2,292.64,5.24,D,0
21.69009,105.82678,326.14,0.41,0.45,2022-12-20,0631,SNPP,SNPP,n,2,292.3,2.71,D,0
21.69161,105.82671,330.68,0.41,0.45,2022-12-20,0631,SNPP,SNPP,n,2,292.87,2.64,D,0
21.60784,104.88168,330.05,0.55,0.42,2022-12-20,0631,SNPP,SNPP,n,2,292.66,4.67,D,0
21.68788,105.37214,331.53,0.39,0.44,2022-12-20,0631,SNPP,SNPP,n,2,293.44,2.2,D,0
21.85743,106.12001,329,0.43,0.46,2022-12-20,0631,SNPP,SNPP,n,2,289.88,2.09,D,0
21.90712,106.21349,338.83,0.44,0.46,2022-12-20,0631,SNPP,SNPP,n,2,292.23,3.57,D,0
21.87924,105.97558,346.14,0.42,0.45,2022-12-20,0631,SNPP,SNPP,n,2,293.47,6.07,D,0
21.93483,106.22768,339.91,0.44,0.46,2022-12-20,0631,SNPP,SNPP,n,2,291.69,4.52,D,0
21.94061,106.23987,335.6,0.44,0.46,2022-12-20,0631,SNPP,SNPP,n,2,291.88,5.28,D,0
21.94011,106.23565,330.18,0.44,0.46,2022-12-20,0631,SNPP,SNPP,n,2,291.22,4.45,D,0
21.85596,105.50254,339.35,0.4,0.44,2022-12-20,0631,SNPP,SNPP,n,2,291.42,5.85,D,0
21.94787,106.12626,335.24,0.43,0.46,2022-12-20,0631,SNPP,SNPP,n,2,289.69,2.87,D,0
21.92503,105.70645,340.99,0.41,0.45,2022-12-20,0631,SNPP,SNPP,n,2,298.82,22.38,D,0
21.9004,105.35964,337.47,0.39,0.44,2022-12-20,0631,SNPP,SNPP,n,2,292.94,3.35,D,0
21.92637,105.02552,327,0.56,0.43,2022-12-20,0631,SNPP,SNPP,n,2,291.34,3.22,D,0
20.12254,105.81183,325.77,0.39,0.36,2022-12-21,0612,SNPP,SNPP,n,2,298.77,1.61,D,0
20.46881,105.14587,345.22,0.38,0.36,2022-12-21,0612,SNPP,SNPP,n,2,292.96,5.55,D,0
20.79894,106.67137,340.49,0.4,0.37,2022-12-21,0612,SNPP,SNPP,n,2,295.77,2.84,D,0
20.77665,106.37319,331.25,0.4,0.37,2022-12-21,0612,SNPP,SNPP,n,2,294.89,2.24,D,0
20.71332,105.91772,329.72,0.39,0.36,2022-12-21,0612,SNPP,SNPP,n,2,296.26,3.18,D,0
20.88871,106.74,329.14,0.4,0.37,2022-12-21,0612,SNPP,SNPP,n,2,295.5,2.46,D,0
20.9125,106.73618,331.98,0.4,0.37,2022-12-21,0612,SNPP,SNPP,n,2,296.7,3.06,D,0
20.83438,105.48315,335.64,0.39,0.36,2022-12-21,0612,SNPP,SNPP,n,2,294.04,9.37,D,0
20.8377,105.48259,342.46,0.39,0.36,2022-12-21,0612,SNPP,SNPP,n,2,294.03,9.37,D,0
20.92114,105.13911,326.89,0.38,0.36,2022-12-21,0612,SNPP,SNPP,n,2,293.59,2.22,D,0
21.04643,105.54534,326.13,0.39,0.36,2022-12-21,0612,SNPP,SNPP,l,2,296.21,2.89,D,0
21.19604,106.52444,335.53,0.4,0.37,2022-12-21,0612,SNPP,SNPP,n,2,292.64,3.78,D,0
20.99534,105.09209,334.87,0.38,0.36,2022-12-21,0612,SNPP,SNPP,n,2,292.22,2.54,D,0
21.00419,105.10569,326.15,0.38,0.36,2022-12-21,0612,SNPP,SNPP,n,2,292.54,2.48,D,0
21.1538,105.04514,330.18,0.38,0.36,2022-12-21,0612,SNPP,SNPP,n,2,292.51,2.43,D,0
21.42248,106.62299,355.29,0.4,0.37,2022-12-21,0612,SNPP,SNPP,n,2,300.49,13.08,D,0
21.19911,104.85207,327.81,0.38,0.36,2022-12-21,0612,SNPP,SNPP,n,2,295.48,13.19,D,0
21.33735,104.98335,325.26,0.38,0.36,2022-12-21,0612,SNPP,SNPP,n,2,290.28,1.65,D,0
21.52547,105.95505,330.55,0.39,0.36,2022-12-21,0612,SNPP,SNPP,n,2,293.1,2.3,D,0
21.37618,104.9272,329.22,0.38,0.36,2022-12-21,0612,SNPP,SNPP,n,2,290.78,5.43,D,0
21.37562,104.92352,325.51,0.38,0.36,2022-12-21,0612,SNPP,SNPP,n,2,290.14,3.9,D,0
21.38549,104.89909,325.79,0.38,0.36,2022-12-21,0612,SNPP,SNPP,n,2,290.01,2.02,D,0
21.3888,104.89851,330.49,0.38,0.36,2022-12-21,0612,SNPP,SNPP,n,2,288.23,2.54,D,0
21.48276,105.50135,325.77,0.39,0.36,2022-12-21,0612,SNPP,SNPP,n,2,291.56,1.92,D,0
21.61263,106.02534,325.1,0.39,0.36,2022-12-21,0612,SNPP,SNPP,n,2,290.54,2.16,D,0
21.60156,105.78381,326.41,0.39,0.36,2022-12-21,0612,SNPP,SNPP,l,2,299.81,6.46,D,0
21.6049,105.78326,349.55,0.39,0.36,2022-12-21,0612,SNPP,SNPP,n,2,293.96,6.46,D,0
21.76948,106.29317,331.89,0.4,0.37,2022-12-21,0612,SNPP,SNPP,n,2,293.66,2.6,D,0
21.80576,106.11366,329.58,0.4,0.37,2022-12-21,0612,SNPP,SNPP,n,2,289.29,2.26,D,0
21.91552,106.19849,326.08,0.4,0.37,2022-12-21,0612,SNPP,SNPP,n,2,287.91,2.11,D,0
21.91889,106.19791,342.93,0.4,0.37,2022-12-21,0612,SNPP,SNPP,n,2,290.75,14.68,D,0
21.94644,106.17378,326.22,0.4,0.37,2022-12-21,0612,SNPP,SNPP,n,2,289.47,2.3,D,0
21.89574,105.20927,329.1,0.39,0.36,2022-12-21,0613,SNPP,SNPP,n,2,290.94,2.1,D,0
21.58735,106.15218,315.86,0.4,0.37,2022-12-21,1841,SNPP,SNPP,n,2,285.25,1.19,N,0
21.46082,106.3211,295.33,0.41,0.37,2022-12-21,1841,SNPP,SNPP,n,2,284.1,0.55,N,0
21.45743,106.32048,317.69,0.41,0.37,2022-12-21,1841,SNPP,SNPP,n,2,284.6,2.02,N,0
21.18917,105.93421,305.4,0.4,0.37,2022-12-21,1841,SNPP,SNPP,n,2,283.48,0.5,N,0
21.18581,105.93358,295.83,0.4,0.37,2022-12-21,1841,SNPP,SNPP,n,2,282.61,0.5,N,0
20.82666,106.54651,295.83,0.42,0.37,2022-12-21,1842,SNPP,SNPP,n,2,285.03,0.85,N,0
20.78354,106.63303,301.26,0.42,0.38,2022-12-21,1842,SNPP,SNPP,n,2,283.95,0.56,N,0
20.53092,105.86603,305.4,0.4,0.37,2022-12-21,1842,SNPP,SNPP,n,2,287.11,0.75,N,2
20.4544,105.88718,298,0.4,0.37,2022-12-21,1842,SNPP,SNPP,n,2,286.3,0.41,N,0
20.3484,105.91158,300.5,0.4,0.37,2022-12-21,1842,SNPP,SNPP,n,2,286.51,0.56,N,2
20.34101,105.91416,300.7,0.4,0.37,2022-12-21,1842,SNPP,SNPP,n,2,285.91,0.35,N,0
20.13623,105.38596,331.09,0.53,0.42,2022-12-22,0553,SNPP,SNPP,n,2,292.05,4.77,D,0
20.24369,105.64067,328.71,0.51,0.41,2022-12-22,0553,SNPP,SNPP,n,2,292.9,3.31,D,0
20.41969,105.64731,329.6,0.51,0.41,2022-12-22,0553,SNPP,SNPP,n,2,294.53,4.13,D,0
21.08348,106.74842,330.77,0.44,0.39,2022-12-22,0553,SNPP,SNPP,n,2,297.48,6.66,D,0
21.11185,106.7649,331.1,0.44,0.39,2022-12-22,0553,SNPP,SNPP,n,2,293.95,2.72,D,0
21.19971,106.83624,328.67,0.44,0.38,2022-12-22,0553,SNPP,SNPP,n,2,292.52,1.87,D,0
20.96657,105.20967,341.65,0.53,0.42,2022-12-22,0553,SNPP,SNPP,n,2,292.71,16.79,D,0
21.53317,106.79203,338.97,0.44,0.38,2022-12-22,0554,SNPP,SNPP,n,2,299.2,8.09,D,0
21.57424,106.20834,330.94,0.46,0.39,2022-12-22,0554,SNPP,SNPP,n,2,294.18,1.7,D,0
21.63031,106.44832,325.14,0.45,0.39,2022-12-22,0554,SNPP,SNPP,n,2,292.92,1.84,D,0
21.6783,105.94235,339.26,0.47,0.4,2022-12-22,0554,SNPP,SNPP,n,2,293,5.17,D,0
21.76701,106.30187,330.29,0.46,0.39,2022-12-22,0554,SNPP,SNPP,n,2,293.79,2.9,D,0
21.76794,106.1796,332.9,0.46,0.39,2022-12-22,0554,SNPP,SNPP,n,2,294.39,14.65,D,0
21.80241,106.25005,327.79,0.46,0.39,2022-12-22,0554,SNPP,SNPP,n,2,294.35,2.46,D,0
21.81514,106.15157,331.36,0.46,0.39,2022-12-22,0554,SNPP,SNPP,n,2,292.06,3.64,D,0
21.86682,106.10096,339.87,0.46,0.39,2022-12-22,0554,SNPP,SNPP,n,2,296.67,31.69,D,0
21.88023,106.13519,329.98,0.46,0.39,2022-12-22,0554,SNPP,SNPP,n,2,290.88,37.65,D,0
21.92285,106.14523,330.66,0.46,0.39,2022-12-22,0554,SNPP,SNPP,n,2,292.27,4.51,D,0
21.92643,106.14446,326.9,0.46,0.39,2022-12-22,0554,SNPP,SNPP,n,2,290.69,4.51,D,0
21.94004,105.98553,330.23,0.47,0.4,2022-12-22,0554,SNPP,SNPP,n,2,290.45,2.34,D,0
21.80276,104.88952,327.33,0.53,0.42,2022-12-22,0554,SNPP,SNPP,n,2,289.96,2.69,D,0
20.3643,105.83555,367,0.32,0.55,2022-12-23,0534,SNPP,SNPP,h,2,291.93,7.81,D,0
20.28482,105.4532,326.51,0.34,0.56,2022-12-23,0534,SNPP,SNPP,n,2,291.54,1.83,D,0
20.80569,105.61222,329.32,0.32,0.55,2022-12-23,0535,SNPP,SNPP,n,2,289.79,2.05,D,0
20.80464,105.61082,329.46,0.32,0.55,2022-12-23,0535,SNPP,SNPP,n,2,290.6,2.46,D,0
21.01876,106.58862,329.63,0.56,0.51,2022-12-23,0535,SNPP,SNPP,n,2,291.18,2.45,D,0
21.24289,106.47428,334.6,0.56,0.52,2022-12-23,0535,SNPP,SNPP,n,2,288.17,5.25,D,0
20.98693,105.1664,354.51,0.34,0.56,2022-12-23,0535,SNPP,SNPP,n,2,288.37,7.23,D,0
21.42257,106.46214,326.85,0.56,0.51,2022-12-23,0535,SNPP,SNPP,n,2,292.48,3.43,D,0
21.57975,106.62126,346.4,0.54,0.51,2022-12-23,0535,SNPP,SNPP,n,2,297.11,16.23,D,0
21.52823,106.20109,339.81,0.58,0.52,2022-12-23,0535,SNPP,SNPP,n,2,293.29,7.42,D,0
21.68977,105.68011,327.08,0.62,0.54,2022-12-23,0535,SNPP,SNPP,n,2,290.88,3.93,D,0
21.77831,106.04475,337.49,0.58,0.52,2022-12-23,0535,SNPP,SNPP,n,2,290.37,6.55,D,0
21.86342,106.119,338.61,0.57,0.52,2022-12-23,0535,SNPP,SNPP,n,2,290.39,10.83,D,0
21.93991,106.17875,340.7,0.57,0.52,2022-12-23,0535,SNPP,SNPP,n,2,290.78,6.96,D,0
21.17202,105.2469,326.34,0.66,0.73,2022-12-24,0516,SNPP,SNPP,n,2,289.41,2.99,D,0
21.7711,105.79401,334.69,0.6,0.7,2022-12-24,0516,SNPP,SNPP,n,2,287.17,4.2,D,0
21.90429,106.21154,345.58,0.56,0.69,2022-12-24,0516,SNPP,SNPP,n,2,287.15,6.54,D,0
21.90301,106.20614,330.51,0.56,0.69,2022-12-24,0516,SNPP,SNPP,n,2,286.49,6.54,D,0
21.92913,106.23265,343.45,0.56,0.68,2022-12-24,0516,SNPP,SNPP,n,2,287.64,6.58,D,0
21.92913,106.19509,331.46,0.56,0.69,2022-12-24,0516,SNPP,SNPP,n,2,287.24,4.11,D,0
21.89068,105.98068,333.08,0.58,0.69,2022-12-24,0516,SNPP,SNPP,n,2,287.93,3.47,D,0
21.9338,106.04828,326.47,0.57,0.69,2022-12-24,0516,SNPP,SNPP,n,2,287.64,4.24,D,0
21.03094,106.45519,367,0.56,0.69,2022-12-24,0656,SNPP,SNPP,h,2,292.84,12.98,D,0
21.11534,106.76189,333.76,0.59,0.7,2022-12-24,0656,SNPP,SNPP,n,2,289.36,4,D,0
21.11412,106.76423,367,0.59,0.7,2022-12-24,0656,SNPP,SNPP,h,2,290.57,8.64,D,0
21.21731,106.41273,340.6,0.56,0.69,2022-12-24,0656,SNPP,SNPP,n,2,292.48,4.9,D,0
21.13107,105.04139,334.25,0.46,0.63,2022-12-24,0656,SNPP,SNPP,n,2,291.65,3.69,D,0
21.31327,104.99412,325.44,0.46,0.63,2022-12-24,0656,SNPP,SNPP,n,2,288.6,2.06,D,0
21.51604,106.71258,326.01,0.59,0.7,2022-12-24,0656,SNPP,SNPP,n,2,291.85,4.67,D,0
21.38453,105.05526,367,0.46,0.64,2022-12-24,0656,SNPP,SNPP,h,2,293.52,12.19,D,0
21.38512,105.06155,351.81,0.46,0.64,2022-12-24,0656,SNPP,SNPP,n,2,291.19,12.19,D,0
21.38407,105.05023,329.64,0.46,0.64,2022-12-24,0656,SNPP,SNPP,n,2,289.74,5.7,D,0
21.38151,105.05494,367,0.46,0.64,2022-12-24,0656,SNPP,SNPP,h,2,294.43,13.51,D,0
21.51413,106.70966,332.93,0.59,0.7,2022-12-24,0656,SNPP,SNPP,n,2,292.63,4.75,D,0
21.38199,105.06049,346.86,0.46,0.64,2022-12-24,0656,SNPP,SNPP,n,2,290.64,13.51,D,0
21.38116,105.05073,336.48,0.46,0.64,2022-12-24,0656,SNPP,SNPP,n,2,290.54,7.1,D,0
21.51929,106.03551,367,0.54,0.68,2022-12-24,0656,SNPP,SNPP,h,2,291.46,9.01,D,0
21.60742,106.39947,367,0.57,0.69,2022-12-24,0656,SNPP,SNPP,h,2,291.73,11.77,D,0
21.60821,106.39719,367,0.57,0.69,2022-12-24,0657,SNPP,SNPP,h,2,291.64,13.97,D,0
21.58336,105.92159,338.83,0.53,0.67,2022-12-24,0657,SNPP,SNPP,n,2,291.35,4.83,D,0
21.60684,105.9768,335.7,0.53,0.67,2022-12-24,0657,SNPP,SNPP,n,2,289.66,3.02,D,0
21.60216,104.894,367,0.45,0.63,2022-12-24,0657,SNPP,SNPP,h,2,293.38,12.56,D,0
21.68695,105.67685,326.46,0.51,0.66,2022-12-24,0657,SNPP,SNPP,n,2,289,3.74,D,0
21.7014,105.62637,350.53,0.51,0.66,2022-12-24,0657,SNPP,SNPP,n,2,289.56,5.06,D,0
21.75884,106.16415,332.38,0.55,0.68,2022-12-24,0657,SNPP,SNPP,n,2,288.21,5.68,D,0
21.79886,105.67922,341.33,0.51,0.66,2022-12-24,0657,SNPP,SNPP,n,2,289.69,5.29,D,0
21.89964,106.20446,367,0.55,0.68,2022-12-24,0657,SNPP,SNPP,h,2,292.17,24.18,D,0
21.93089,106.50398,339.2,0.58,0.7,2022-12-24,0657,SNPP,SNPP,n,2,288.59,7.69,D,0
21.87802,105.87312,326.41,0.53,0.67,2022-12-24,0657,SNPP,SNPP,n,2,289.82,3.96,D,0
21.89485,106.20633,367,0.55,0.68,2022-12-24,0657,SNPP,SNPP,h,2,291.3,10.58,D,0
21.89443,106.20079,325.23,0.55,0.68,2022-12-24,0657,SNPP,SNPP,n,2,288.13,10.58,D,0
21.90128,106.20617,341.49,0.55,0.68,2022-12-24,0657,SNPP,SNPP,n,2,287.8,10.58,D,0
21.93062,106.50618,346.18,0.58,0.7,2022-12-24,0657,SNPP,SNPP,n,2,289.89,7.07,D,0
21.93561,105.6143,345.02,0.51,0.66,2022-12-24,0657,SNPP,SNPP,n,2,290.89,7.45,D,0
21.91001,105.31734,346.68,0.49,0.65,2022-12-24,0657,SNPP,SNPP,n,2,292.49,6.93,D,0
21.9346,105.6111,345.54,0.51,0.66,2022-12-24,0657,SNPP,SNPP,n,2,290.65,5.2,D,0
21.91099,105.31416,332.58,0.49,0.65,2022-12-24,0657,SNPP,SNPP,n,2,290.19,4.79,D,0
21.94129,105.09265,337.45,0.47,0.64,2022-12-24,0657,SNPP,SNPP,n,2,288.73,4.22,D,0
21.09225,106.79646,324.14,0.51,0.66,2022-12-24,1745,SNPP,SNPP,n,2,281.93,4.28,N,0
21.09174,106.80258,316.57,0.51,0.66,2022-12-24,1745,SNPP,SNPP,n,2,281.98,2.75,N,0
21.08602,106.79652,302.63,0.51,0.66,2022-12-24,1745,SNPP,SNPP,n,2,281.63,1.85,N,0
21.08549,106.80292,295.89,0.51,0.66,2022-12-24,1745,SNPP,SNPP,n,2,282.35,1.45,N,0
21.0927,106.80079,327.59,0.51,0.66,2022-12-24,1745,SNPP,SNPP,n,2,282.55,3.91,N,0
21.08643,106.80132,322.7,0.51,0.66,2022-12-24,1745,SNPP,SNPP,n,2,282.36,3.91,N,0
21.0951,106.63342,297.8,0.52,0.67,2022-12-24,1745,SNPP,SNPP,n,2,283.03,0.85,N,0
21.03616,106.58682,298.8,0.52,0.67,2022-12-24,1745,SNPP,SNPP,n,2,283.85,0.81,N,2
20.99483,105.65508,303.14,0.6,0.71,2022-12-24,1745,SNPP,SNPP,n,2,282.16,1.02,N,0
20.99679,105.65462,304.73,0.6,0.71,2022-12-24,1745,SNPP,SNPP,n,2,282.5,0.78,N,0
20.52829,105.86462,297.87,0.58,0.69,2022-12-24,1745,SNPP,SNPP,n,2,284.4,1.27,N,0
20.52817,105.86408,297.38,0.58,0.69,2022-12-24,1745,SNPP,SNPP,n,2,283.98,0.75,N,0
20.40784,105.89783,297.74,0.57,0.69,2022-12-24,1745,SNPP,SNPP,n,2,283.69,0.66,N,2
20.3407,105.91247,295.39,0.57,0.69,2022-12-24,1745,SNPP,SNPP,n,2,283.77,0.8,N,2
21.515,106.70837,296.96,0.6,0.7,2022-12-24,1925,SNPP,SNPP,n,2,275.51,1.55,N,0
21.09007,106.80337,298.86,0.62,0.71,2022-12-24,1925,SNPP,SNPP,n,2,282.32,0.69,N,0
21.04066,106.58942,296.68,0.6,0.71,2022-12-24,1925,SNPP,SNPP,n,2,284.56,0.88,N,2
20.42574,105.90141,295.82,0.56,0.69,2022-12-24,1925,SNPP,SNPP,n,2,285.25,0.61,N,0
20.39939,105.90029,295.36,0.56,0.69,2022-12-24,1925,SNPP,SNPP,n,2,284.79,1.15,N,2
20.34201,105.91064,295.76,0.57,0.69,2022-12-24,1926,SNPP,SNPP,n,2,283.4,0.73,N,2
20.12687,105.60907,328,0.48,0.48,2022-12-25,0637,SNPP,SNPP,n,2,294.82,2.18,D,0
20.36497,105.35678,340.83,0.47,0.47,2022-12-25,0637,SNPP,SNPP,n,2,296.19,9.07,D,0
20.36479,105.35449,339.73,0.47,0.47,2022-12-25,0637,SNPP,SNPP,n,2,296.88,7.23,D,0
20.92391,105.38372,343.39,0.48,0.48,2022-12-25,0637,SNPP,SNPP,n,2,293.48,4.64,D,0
21.12462,106.65533,335.11,0.58,0.52,2022-12-25,0637,SNPP,SNPP,n,2,292.99,6.93,D,0
21.07423,105.73331,332.5,0.5,0.49,2022-12-25,0638,SNPP,SNPP,n,2,294.21,2.64,D,0
21.22012,106.50557,356.36,0.56,0.52,2022-12-25,0638,SNPP,SNPP,n,2,299.3,16.61,D,0
21.20781,106.17761,350.38,0.54,0.51,2022-12-25,0638,SNPP,SNPP,n,2,294.08,13.08,D,0
21.20985,106.17924,334.12,0.54,0.51,2022-12-25,0638,SNPP,SNPP,n,2,287.83,7.03,D,0
21.20932,106.17421,339.18,0.54,0.51,2022-12-25,0638,SNPP,SNPP,n,2,292.91,7.03,D,0
21.14166,105.2196,341.15,0.47,0.48,2022-12-25,0638,SNPP,SNPP,n,2,296.73,15.5,D,0
21.41919,106.83855,352.24,0.6,0.53,2022-12-25,0638,SNPP,SNPP,n,2,298.29,15.4,D,0
21.33182,105.84056,341.32,0.51,0.5,2022-12-25,0638,SNPP,SNPP,n,2,297.6,6.2,D,0
21.27527,104.98918,341.12,0.45,0.47,2022-12-25,0638,SNPP,SNPP,n,2,289.08,4.66,D,0
21.27959,104.98845,340.73,0.45,0.47,2022-12-25,0638,SNPP,SNPP,n,2,290.82,4.66,D,0
21.55847,106.73116,326.83,0.59,0.53,2022-12-25,0638,SNPP,SNPP,n,2,291.64,4.49,D,0
21.51809,106.05298,334.44,0.53,0.5,2022-12-25,0638,SNPP,SNPP,n,2,293.15,7.54,D,0
21.51749,106.04766,339.75,0.53,0.5,2022-12-25,0638,SNPP,SNPP,n,2,294.64,7.54,D,0
21.51557,106.05051,344.33,0.53,0.5,2022-12-25,0638,SNPP,SNPP,n,2,294.2,6.6,D,0
21.52024,106.0499,336.49,0.53,0.5,2022-12-25,0638,SNPP,SNPP,n,2,291.22,6.6,D,0
21.64575,106.69083,336.31,0.59,0.53,2022-12-25,0638,SNPP,SNPP,n,2,294.31,3.38,D,0
21.63343,106.04597,339.62,0.53,0.5,2022-12-25,0638,SNPP,SNPP,n,2,294.61,18.12,D,0
21.63085,106.04853,330.75,0.53,0.5,2022-12-25,0638,SNPP,SNPP,n,2,293.18,7.45,D,0
21.6355,106.04773,351.83,0.53,0.5,2022-12-25,0638,SNPP,SNPP,n,2,291.25,7.45,D,0
21.63025,105.77989,327.97,0.51,0.5,2022-12-25,0638,SNPP,SNPP,n,2,293.11,2.83,D,0
21.60801,105.37203,333.42,0.48,0.48,2022-12-25,0638,SNPP,SNPP,n,2,290.17,3.81,D,0
21.60738,105.3664,325.8,0.48,0.48,2022-12-25,0638,SNPP,SNPP,n,2,289.36,3.81,D,0
21.82295,105.34789,327.67,0.49,0.48,2022-12-25,0638,SNPP,SNPP,n,2,290.21,1.75,D,0
21.92915,106.22629,338.96,0.55,0.51,2022-12-25,0638,SNPP,SNPP,n,2,294.57,6.1,D,0
21.94096,106.14648,325.54,0.55,0.51,2022-12-25,0638,SNPP,SNPP,n,2,291.79,2.97,D,0
21.93625,105.48745,328.08,0.5,0.49,2022-12-25,0638,SNPP,SNPP,n,2,293.36,4.67,D,0
21.03985,106.5901,297.83,0.61,0.53,2022-12-25,1907,SNPP,SNPP,n,2,286.49,0.83,N,0
21.05777,106.83418,329.14,0.4,0.37,2022-12-27,0600,SNPP,SNPP,n,2,293.32,1.44,D,0
21.08779,106.84077,343.78,0.4,0.37,2022-12-27,0600,SNPP,SNPP,n,2,298.85,13.51,D,0
21.1012,106.83842,334.3,0.4,0.37,2022-12-27,0600,SNPP,SNPP,n,2,295.74,3.27,D,0
21.10455,106.83788,345.91,0.4,0.37,2022-12-27,0600,SNPP,SNPP,n,2,300.64,9.23,D,0
21.10791,106.83732,335.7,0.4,0.37,2022-12-27,0600,SNPP,SNPP,n,2,294.18,9.23,D,0
21.09227,106.63263,331.34,0.4,0.37,2022-12-27,0600,SNPP,SNPP,n,2,294.41,3.15,D,0
21.21773,106.67238,336.78,0.4,0.37,2022-12-27,0600,SNPP,SNPP,n,2,308.72,38.33,D,0
21.42991,106.79373,334.72,0.39,0.37,2022-12-27,0600,SNPP,SNPP,n,2,297.56,10.65,D,0
21.43386,106.79689,333.84,0.39,0.37,2022-12-27,0600,SNPP,SNPP,n,2,298.2,10.65,D,0
21.43326,106.79311,341.89,0.39,0.37,2022-12-27,0600,SNPP,SNPP,n,2,300.49,10.65,D,0
21.43116,106.71543,329.87,0.4,0.37,2022-12-27,0600,SNPP,SNPP,n,2,293.36,2.68,D,0
21.43451,106.71486,335.78,0.4,0.37,2022-12-27,0600,SNPP,SNPP,n,2,293.44,2.68,D,0
21.82555,106.80815,299.25,0.39,0.44,2022-12-31,1854,SNPP,SNPP,n,2,279.46,0.41,N,0
21.03865,106.58768,298.54,0.39,0.44,2022-12-31,1854,SNPP,SNPP,n,2,284.73,0.68,N,2
21.01376,106.54068,317.38,0.39,0.44,2022-12-31,1854,SNPP,SNPP,n,2,285.4,1.31,N,2
20.82834,106.54787,295.64,0.39,0.44,2022-12-31,1854,SNPP,SNPP,n,2,283.74,0.42,N,0
20.3406,105.91084,297.69,0.55,0.43,2022-12-31,1854,SNPP,SNPP,n,2,283.71,0.81,N,2
21.30375,106.144,330.84,0.38,0.36,2023-01-01,0606,SNPP,SNPP,n,2,293.77,1.67,D,0
21.55382,106.11837,334.49,0.38,0.36,2023-01-01,0606,SNPP,SNPP,n,2,294.11,6.16,D,0
21.61633,106.14925,344.96,0.38,0.36,2023-01-01,0606,SNPP,SNPP,n,2,297.26,6.01,D,0
21.61951,106.14909,333.37,0.38,0.36,2023-01-01,0606,SNPP,SNPP,n,2,292.96,17.11,D,0
21.61895,106.14539,326.54,0.38,0.36,2023-01-01,0606,SNPP,SNPP,n,2,289.74,4.74,D,0
21.58395,105.91943,328.73,0.39,0.36,2023-01-01,0606,SNPP,SNPP,n,2,293.49,1.45,D,0
21.84966,105.81812,334.51,0.39,0.36,2023-01-01,0606,SNPP,SNPP,n,2,293.97,2.49,D,0
21.77479,104.96468,329.58,0.4,0.37,2023-01-01,0606,SNPP,SNPP,n,2,292.67,5.81,D,0
21.77418,104.96085,325.64,0.4,0.37,2023-01-01,0606,SNPP,SNPP,n,2,292.4,3.75,D,0
21.77815,104.96404,331.7,0.4,0.37,2023-01-01,0606,SNPP,SNPP,n,2,289.66,3.45,D,0
21.69725,105.89952,297.46,0.38,0.36,2023-01-01,1835,SNPP,SNPP,n,2,285.58,0.46,N,0
21.5596,105.8679,304.95,0.38,0.36,2023-01-01,1835,SNPP,SNPP,n,2,286.81,1.12,N,2
21.49055,105.84143,337.81,0.38,0.59,2023-01-03,0529,SNPP,SNPP,n,2,288.05,3.84,D,0
21.63631,106.03554,328.38,0.37,0.58,2023-01-03,0529,SNPP,SNPP,n,2,286.05,2.24,D,0
20.70156,105.61385,329.82,0.39,0.36,2023-01-06,0612,SNPP,SNPP,n,2,293.15,2.05,D,0
21.01881,106.52995,338.84,0.4,0.37,2023-01-06,0613,SNPP,SNPP,n,2,304.06,2.42,D,2
21.11977,106.65206,328.84,0.4,0.37,2023-01-06,0613,SNPP,SNPP,n,2,296.49,2.1,D,0
20.95238,105.25347,341.39,0.38,0.36,2023-01-06,0613,SNPP,SNPP,n,2,296.52,7.86,D,0
21.19879,106.52021,345.86,0.4,0.37,2023-01-06,0613,SNPP,SNPP,n,2,307.24,37.25,D,0
21.22299,106.54409,344.07,0.4,0.37,2023-01-06,0613,SNPP,SNPP,n,2,299.16,5.59,D,0
21.13272,105.85053,328.49,0.39,0.36,2023-01-06,0613,SNPP,SNPP,n,2,295.43,1.63,D,0
21.29863,106.46463,325.67,0.4,0.37,2023-01-06,0613,SNPP,SNPP,n,2,294.79,2.41,D,0
21.34399,106.76012,327.41,0.41,0.37,2023-01-06,0613,SNPP,SNPP,n,2,292.91,2.28,D,0
21.10462,105.07558,336.15,0.38,0.36,2023-01-06,0613,SNPP,SNPP,n,2,295.6,5.33,D,0
21.11283,105.04013,343.27,0.38,0.36,2023-01-06,0613,SNPP,SNPP,n,2,294.04,3.7,D,0
21.37423,105.66048,328.89,0.39,0.36,2023-01-06,0613,SNPP,SNPP,n,2,295.9,2.29,D,0
21.43768,105.93066,331.2,0.39,0.36,2023-01-06,0613,SNPP,SNPP,n,2,297.35,2.88,D,0
21.589,106.54869,330.8,0.4,0.37,2023-01-06,0613,SNPP,SNPP,n,2,294.32,2.97,D,0
21.58949,106.54879,327.79,0.4,0.37,2023-01-06,0613,SNPP,SNPP,n,2,292.64,2.18,D,0
21.61824,106.58028,332.19,0.41,0.37,2023-01-06,0613,SNPP,SNPP,n,2,294.68,2.73,D,0
21.44836,105.08814,331.91,0.38,0.36,2023-01-06,0613,SNPP,SNPP,n,2,296.25,3.62,D,0
21.71636,106.6611,333.02,0.41,0.37,2023-01-06,0613,SNPP,SNPP,n,2,294.9,3.17,D,0
21.74562,106.35215,330.09,0.4,0.37,2023-01-06,0613,SNPP,SNPP,n,2,293.59,3.44,D,0
21.72619,105.9908,326.33,0.39,0.36,2023-01-06,0613,SNPP,SNPP,n,2,294.14,1.9,D,0
21.79877,106.23301,330.55,0.4,0.37,2023-01-06,0613,SNPP,SNPP,n,2,289.52,2.74,D,0
21.63101,104.99908,334.9,0.38,0.36,2023-01-06,0613,SNPP,SNPP,n,2,295.64,2.2,D,0
21.83174,105.98468,328.64,0.39,0.37,2023-01-06,0613,SNPP,SNPP,n,2,293.16,3.07,D,0
21.81513,105.85968,330.92,0.39,0.36,2023-01-06,0613,SNPP,SNPP,n,2,291.89,6.8,D,0
21.86747,106.10428,337.62,0.4,0.37,2023-01-06,0613,SNPP,SNPP,n,2,294.05,14.63,D,0
21.84204,105.76216,331.39,0.39,0.36,2023-01-06,0613,SNPP,SNPP,n,2,292.14,3.24,D,0
21.94921,106.41106,329.1,0.4,0.37,2023-01-06,0613,SNPP,SNPP,n,2,290.53,2.48,D,0
21.89665,105.69149,334.54,0.39,0.36,2023-01-06,0613,SNPP,SNPP,n,2,294.09,3.45,D,0
21.87427,105.49879,330.23,0.39,0.36,2023-01-06,0613,SNPP,SNPP,n,2,294.84,3.09,D,0
21.91135,105.22093,327.57,0.39,0.36,2023-01-06,0613,SNPP,SNPP,n,2,296.54,3.55,D,0
21.55776,105.87075,301.35,0.4,0.37,2023-01-06,1842,SNPP,SNPP,n,2,284.86,0.8,N,2
21.44967,106.3915,295.62,0.41,0.37,2023-01-06,1842,SNPP,SNPP,n,2,283.42,0.33,N,0
21.48512,105.15435,297.23,0.39,0.36,2023-01-06,1842,SNPP,SNPP,n,2,285.25,0.47,N,0
21.12067,106.79436,305.32,0.42,0.38,2023-01-06,1842,SNPP,SNPP,n,2,286.17,0.63,N,0
21.11722,106.79367,297.72,0.42,0.38,2023-01-06,1842,SNPP,SNPP,n,2,285.88,0.63,N,0
21.11855,106.79524,310.04,0.42,0.38,2023-01-06,1842,SNPP,SNPP,n,2,286.46,0.99,N,0
21.32809,104.98843,296.32,0.39,0.36,2023-01-06,1842,SNPP,SNPP,n,2,283.22,0.32,N,0
21.03787,106.58958,297.03,0.42,0.37,2023-01-06,1842,SNPP,SNPP,n,2,286.69,0.25,N,2
21.0199,106.52854,305.83,0.42,0.37,2023-01-06,1842,SNPP,SNPP,n,2,286.35,1.69,N,2
21.01513,106.53583,300.23,0.42,0.37,2023-01-06,1842,SNPP,SNPP,n,2,286.97,1.17,N,2
21.01102,106.53914,301.61,0.42,0.37,2023-01-06,1842,SNPP,SNPP,n,2,287.12,0.97,N,2
20.86537,106.26099,299.45,0.41,0.37,2023-01-06,1842,SNPP,SNPP,n,2,284.88,0.47,N,0
20.40741,105.90148,299.98,0.4,0.37,2023-01-06,1842,SNPP,SNPP,n,2,286.46,0.44,N,2
20.40403,105.90083,311.66,0.4,0.37,2023-01-06,1842,SNPP,SNPP,n,2,287.78,1.05,N,2
20.40066,105.90019,302,0.4,0.37,2023-01-06,1842,SNPP,SNPP,n,2,286.38,1.05,N,2
20.39972,105.90081,306.12,0.4,0.37,2023-01-06,1842,SNPP,SNPP,n,2,287.03,1.08,N,2
20.34181,105.91374,302.3,0.4,0.37,2023-01-06,1842,SNPP,SNPP,n,2,286.01,0.54,N,0
20.17114,105.43386,335.1,0.53,0.42,2023-01-07,0554,SNPP,SNPP,n,2,291.75,10.65,D,0
20.72506,104.88782,331.87,0.55,0.43,2023-01-07,0554,SNPP,SNPP,n,2,286.09,3.95,D,0
21.20099,106.83598,331.08,0.44,0.38,2023-01-07,0554,SNPP,SNPP,n,2,286.56,5.35,D,0
21.20029,106.83184,331.35,0.44,0.38,2023-01-07,0554,SNPP,SNPP,n,2,288.04,4.31,D,0
21.56123,106.17702,330.52,0.46,0.39,2023-01-07,0554,SNPP,SNPP,n,2,291.45,2.38,D,0
21.59543,106.13821,327.68,0.46,0.39,2023-01-07,0554,SNPP,SNPP,n,2,286.42,2.97,D,0
21.69125,106.33996,325.19,0.45,0.39,2023-01-07,0554,SNPP,SNPP,n,2,293.83,2.4,D,0
21.6619,106.10845,334.47,0.46,0.39,2023-01-07,0554,SNPP,SNPP,n,2,289.62,5.85,D,0
21.71921,106.20269,333.89,0.46,0.39,2023-01-07,0554,SNPP,SNPP,n,2,290.11,3.32,D,0
21.73853,106.18567,330.36,0.46,0.39,2023-01-07,0554,SNPP,SNPP,n,2,292.61,3.43,D,0
21.7421,106.18489,332,0.46,0.39,2023-01-07,0554,SNPP,SNPP,n,2,289.42,7.19,D,0
21.75532,105.98016,328.33,0.47,0.4,2023-01-07,0554,SNPP,SNPP,n,2,289.82,3.9,D,0
21.7646,105.86164,331.46,0.48,0.4,2023-01-07,0554,SNPP,SNPP,n,2,287.9,3.74,D,0
21.81925,106.04652,327.47,0.47,0.39,2023-01-07,0554,SNPP,SNPP,n,2,283.17,1.28,D,0
21.40339,106.40112,301.45,0.44,0.38,2023-01-07,1823,SNPP,SNPP,n,2,277.11,0.9,N,0
21.20435,106.20221,298.35,0.45,0.39,2023-01-07,1823,SNPP,SNPP,n,2,280.97,0.47,N,0
21.94695,106.14768,328.95,0.57,0.52,2023-01-08,0535,SNPP,SNPP,n,2,290.02,5.23,D,0
21.9465,106.14648,339.34,0.57,0.52,2023-01-08,0535,SNPP,SNPP,n,2,290.61,7.4,D,0
21.91611,105.33769,330.2,0.32,0.54,2023-01-08,0535,SNPP,SNPP,n,2,292.2,2.69,D,0
21.90467,105.2097,325.23,0.32,0.55,2023-01-08,0535,SNPP,SNPP,n,2,291.39,3.51,D,0
21.83941,105.20567,300.47,0.32,0.55,2023-01-08,1804,SNPP,SNPP,n,2,285.55,0.56,N,0
20.23972,105.5775,327.13,0.53,0.5,2023-01-13,0541,SNPP,SNPP,n,2,299.32,2.6,D,0
20.29654,105.50208,327.99,0.53,0.5,2023-01-13,0541,SNPP,SNPP,n,2,300.61,3.8,D,0
20.71228,105.91452,332.36,0.49,0.49,2023-01-13,0541,SNPP,SNPP,n,2,299.65,3.69,D,0
21.74607,105.77643,334.14,0.48,0.48,2023-01-13,0542,SNPP,SNPP,n,2,295.02,3.61,D,0
21.67165,105.07042,327.95,0.53,0.5,2023-01-13,0542,SNPP,SNPP,n,2,295.95,3.34,D,0
21.82817,104.90224,326.72,0.54,0.51,2023-01-13,0542,SNPP,SNPP,n,2,294.21,2.45,D,0
21.83122,104.90442,332.55,0.54,0.51,2023-01-13,0542,SNPP,SNPP,n,2,295.31,5.03,D,0
21.18235,105.99281,310.7,0.45,0.47,2023-01-13,1810,SNPP,SNPP,n,2,292.04,1.62,N,0
21.03787,106.58885,307.79,0.41,0.45,2023-01-13,1810,SNPP,SNPP,n,2,293.36,0.67,N,2
21.01419,106.54066,314.73,0.41,0.45,2023-01-13,1810,SNPP,SNPP,n,2,292.86,1.67,N,2
21.07206,105.90847,318.5,0.45,0.47,2023-01-13,1810,SNPP,SNPP,n,2,291.57,1.96,N,0
20.40768,105.90034,305.94,0.44,0.46,2023-01-13,1811,SNPP,SNPP,n,2,294.49,1.22,N,2
20.40337,105.89983,318.51,0.44,0.46,2023-01-13,1811,SNPP,SNPP,n,2,294.95,1.22,N,2
20.39855,105.90346,304.88,0.44,0.46,2023-01-13,1811,SNPP,SNPP,n,2,294.06,0.56,N,0
21.77372,105.36164,331.57,0.5,0.66,2023-01-14,0523,SNPP,SNPP,n,2,295.91,2.86,D,0
21.77487,105.36022,325.17,0.5,0.66,2023-01-14,0523,SNPP,SNPP,l,2,295.44,3.89,D,0
21.93463,105.58688,367,0.48,0.65,2023-01-14,0523,SNPP,SNPP,h,2,298.49,12.03,D,0
21.93118,105.57172,332.7,0.49,0.65,2023-01-14,0523,SNPP,SNPP,n,2,296.83,3.97,D,0
21.93692,105.58749,357.54,0.48,0.65,2023-01-14,0523,SNPP,SNPP,n,2,296.83,6.26,D,0
21.93581,105.58276,327.44,0.48,0.65,2023-01-14,0523,SNPP,SNPP,n,2,295.55,6.26,D,0
21.20897,106.57826,327.54,0.44,0.62,2023-01-14,0523,SNPP,SNPP,l,2,297.65,3.11,D,0
21.19871,106.50626,326.55,0.44,0.62,2023-01-14,0523,SNPP,SNPP,n,2,297.06,4.77,D,0
21.19778,106.50211,344.54,0.44,0.62,2023-01-14,0523,SNPP,SNPP,n,2,296.98,4.77,D,0
21.36435,106.81303,337.14,0.42,0.61,2023-01-14,0523,SNPP,SNPP,n,2,296.96,2.54,D,0
21.48773,106.04685,326.63,0.46,0.64,2023-01-14,0523,SNPP,SNPP,l,2,297.73,7.13,D,0
21.48621,106.04562,349.36,0.46,0.64,2023-01-14,0523,SNPP,SNPP,n,2,299.38,6.86,D,0
21.36835,105.07375,367,0.54,0.68,2023-01-14,0523,SNPP,SNPP,h,2,297.85,13.67,D,0
21.538,105.67592,327.41,0.49,0.65,2023-01-14,0523,SNPP,SNPP,n,2,298,2.64,D,0
21.36622,105.0754,367,0.53,0.67,2023-01-14,0523,SNPP,SNPP,h,2,297.31,13.74,D,0
21.3651,105.07069,329.24,0.54,0.67,2023-01-14,0523,SNPP,SNPP,n,2,294.74,7.71,D,0
21.53649,105.33346,326.17,0.51,0.66,2023-01-14,0523,SNPP,SNPP,n,2,299.37,2.73,D,0
21.75407,106.69991,331.51,0.75,0.77,2023-01-14,0703,SNPP,SNPP,n,2,299.59,4.53,D,0
21.73136,105.68104,327.84,0.65,0.73,2023-01-14,0703,SNPP,SNPP,n,2,298.69,3.27,D,0
21.89783,105.57479,335.9,0.64,0.72,2023-01-14,0703,SNPP,SNPP,n,2,299.32,4.78,D,0
21.90585,105.31893,338.19,0.62,0.71,2023-01-14,0703,SNPP,SNPP,n,2,298.76,7.94,D,0
21.88509,105.04845,338.52,0.59,0.7,2023-01-14,0703,SNPP,SNPP,n,2,295.75,4.34,D,0
21.93246,105.5823,367,0.64,0.72,2023-01-14,0703,SNPP,SNPP,h,2,301.88,18.94,D,0
21.93705,105.64388,329.18,0.65,0.73,2023-01-14,0703,SNPP,SNPP,n,2,297.19,3.03,D,0
21.93158,105.57048,330.36,0.64,0.72,2023-01-14,0703,SNPP,SNPP,n,2,300.6,7.84,D,0
21.9011,105.08405,349.43,0.6,0.7,2023-01-14,0703,SNPP,SNPP,n,2,296.91,8.97,D,0
21.93866,105.30901,328.21,0.62,0.71,2023-01-14,0703,SNPP,SNPP,n,2,297.5,2.66,D,0
21.91444,105.02455,333.41,0.59,0.7,2023-01-14,0703,SNPP,SNPP,n,2,297.03,3.87,D,0
21.94185,105.31121,339.43,0.62,0.71,2023-01-14,0703,SNPP,SNPP,n,2,296.58,4.07,D,0
20.11575,105.83476,336.99,0.64,0.72,2023-01-14,0703,SNPP,SNPP,n,2,304.23,4.15,D,0
20.11744,105.83746,331.95,0.64,0.72,2023-01-14,0703,SNPP,SNPP,n,2,303.57,4.95,D,0
20.1214,105.46439,335.02,0.6,0.71,2023-01-14,0703,SNPP,SNPP,n,2,300.17,3.56,D,0
20.18818,105.70467,332.57,0.63,0.72,2023-01-14,0703,SNPP,SNPP,n,2,302.33,5.8,D,0
20.18768,105.69862,341.82,0.63,0.72,2023-01-14,0703,SNPP,SNPP,n,2,301.97,5.8,D,0
20.21836,105.82263,335.76,0.64,0.72,2023-01-14,0703,SNPP,SNPP,n,2,302.76,3.81,D,0
20.18418,105.703,349.62,0.63,0.72,2023-01-14,0703,SNPP,SNPP,n,2,302.38,8.37,D,0
20.20104,105.65886,331.36,0.62,0.72,2023-01-14,0703,SNPP,SNPP,n,2,301.18,3.2,D,0
20.22915,105.58868,337.84,0.62,0.71,2023-01-14,0703,SNPP,SNPP,n,2,301.61,6.57,D,0
20.26188,105.57803,341.72,0.62,0.71,2023-01-14,0703,SNPP,SNPP,n,2,300.83,3.5,D,0
20.43973,105.73575,347.79,0.63,0.72,2023-01-14,0703,SNPP,SNPP,n,2,301.37,13.52,D,0
20.43921,105.72958,343.03,0.63,0.72,2023-01-14,0703,SNPP,SNPP,n,2,300.76,9.48,D,0
20.44242,105.73366,367,0.63,0.72,2023-01-14,0703,SNPP,SNPP,h,2,301.86,13.85,D,0
20.4287,105.4743,328.33,0.61,0.71,2023-01-14,0703,SNPP,SNPP,n,2,300.65,4.56,D,0
20.48187,105.63393,330.9,0.62,0.72,2023-01-14,0703,SNPP,SNPP,n,2,300.57,4.29,D,0
20.50149,105.7086,349.72,0.63,0.72,2023-01-14,0703,SNPP,SNPP,n,2,302.46,14.3,D,0
20.50099,105.70256,340.86,0.63,0.72,2023-01-14,0703,SNPP,SNPP,n,2,301.62,9.56,D,0
20.50395,105.7085,331,0.63,0.72,2023-01-14,0703,SNPP,SNPP,l,2,301.29,5.41,D,0
20.50348,105.70222,336.8,0.63,0.72,2023-01-14,0703,SNPP,SNPP,n,2,300.73,5.41,D,0
20.54116,105.57751,341.81,0.62,0.71,2023-01-14,0703,SNPP,SNPP,n,2,299.81,4.37,D,0
20.5479,105.57759,367,0.62,0.71,2023-01-14,0703,SNPP,SNPP,h,2,301.15,10.52,D,0
20.60651,105.31469,367,0.6,0.7,2023-01-14,0703,SNPP,SNPP,h,2,300.26,11.87,D,0
20.60558,105.31776,328.72,0.6,0.7,2023-01-14,0703,SNPP,SNPP,n,2,297.64,8.14,D,0
20.60522,105.3132,342.44,0.6,0.7,2023-01-14,0703,SNPP,SNPP,n,2,298.68,8.14,D,0
20.70788,105.1937,355.08,0.59,0.7,2023-01-14,0703,SNPP,SNPP,n,2,298.24,7.51,D,0
20.70698,105.19602,333.84,0.59,0.7,2023-01-14,0703,SNPP,SNPP,n,2,296.94,4.88,D,0
20.70645,105.18931,331.18,0.59,0.7,2023-01-14,0703,SNPP,SNPP,n,2,296.97,4.88,D,0
20.98806,105.11541,331.03,0.59,0.7,2023-01-14,0703,SNPP,SNPP,n,2,299.84,2.38,D,0
21.21488,106.41425,338.69,0.71,0.75,2023-01-14,0703,SNPP,SNPP,n,2,300.09,5.5,D,0
21.34167,106.58849,367,0.73,0.76,2023-01-14,0703,SNPP,SNPP,h,2,299.81,12.64,D,0
21.33814,106.58775,336.35,0.73,0.76,2023-01-14,0703,SNPP,SNPP,n,2,298.88,8.27,D,0
21.34527,106.58708,348.41,0.73,0.76,2023-01-14,0703,SNPP,SNPP,n,2,297.8,8.27,D,0
21.41334,106.83714,354.38,0.76,0.77,2023-01-14,0703,SNPP,SNPP,n,2,298.93,15.22,D,0
21.42049,106.83543,367,0.76,0.77,2023-01-14,0703,SNPP,SNPP,h,2,297.64,15.22,D,0
21.41465,106.83484,367,0.76,0.77,2023-01-14,0703,SNPP,SNPP,h,2,299.91,19.98,D,0
21.46398,106.60178,332.24,0.74,0.76,2023-01-14,0703,SNPP,SNPP,n,2,299.81,3.45,D,0
21.51441,106.70419,346.13,0.75,0.77,2023-01-14,0703,SNPP,SNPP,n,2,301.81,7.47,D,0
21.48884,106.59866,341.96,0.74,0.76,2023-01-14,0703,SNPP,SNPP,n,2,299.71,6.46,D,0
21.51742,106.70566,353.78,0.75,0.77,2023-01-14,0703,SNPP,SNPP,n,2,301.73,14.24,D,0
21.57205,106.65967,341.15,0.74,0.76,2023-01-14,0703,SNPP,SNPP,n,2,300.35,7.99,D,0
21.57712,105.95009,339.98,0.67,0.74,2023-01-14,0703,SNPP,SNPP,n,2,300.05,8.33,D,0
21.56384,105.38904,337.46,0.62,0.71,2023-01-14,0703,SNPP,SNPP,n,2,301.06,8.08,D,0
21.25294,105.49232,300.84,0.49,0.65,2023-01-14,1751,SNPP,SNPP,n,2,290.78,0.28,N,0
21.03876,106.58655,301.08,0.41,0.61,2023-01-14,1752,SNPP,SNPP,n,2,290.95,1.06,N,2
21.01552,106.53027,302.16,0.42,0.61,2023-01-14,1752,SNPP,SNPP,n,2,291.42,1.22,N,2
20.40164,105.89904,307.54,0.45,0.63,2023-01-14,1752,SNPP,SNPP,n,2,291.55,2.06,N,2
20.40265,105.89923,308.65,0.45,0.63,2023-01-14,1752,SNPP,SNPP,n,2,291.85,1.93,N,2
21.57985,106.7271,345.88,0.47,0.64,2023-01-20,0651,SNPP,SNPP,n,2,291.84,8.16,D,0
21.5795,106.72311,328.03,0.47,0.64,2023-01-20,0651,SNPP,SNPP,n,2,291.94,6.03,D,0
21.5817,106.72705,343.77,0.47,0.64,2023-01-20,0651,SNPP,SNPP,n,2,291.91,6.42,D,0
21.58138,106.72309,325.84,0.47,0.64,2023-01-20,0651,SNPP,SNPP,n,2,291.95,4.5,D,0
21.5787,106.13646,333.68,0.43,0.62,2023-01-20,0651,SNPP,SNPP,n,2,289.85,3.26,D,0
21.7142,106.21297,352.82,0.44,0.62,2023-01-20,0651,SNPP,SNPP,n,2,292.16,7.3,D,0
21.746,106.37088,331.24,0.45,0.63,2023-01-20,0651,SNPP,SNPP,n,2,290.24,3.19,D,0
21.71416,106.01901,333.76,0.43,0.62,2023-01-20,0651,SNPP,SNPP,n,2,289.24,2.72,D,0
21.75578,106.28271,329.28,0.45,0.63,2023-01-20,0651,SNPP,SNPP,n,2,292.17,6.64,D,0
21.76121,106.27773,350.65,0.44,0.63,2023-01-20,0651,SNPP,SNPP,n,2,291.7,6.65,D,0
21.75436,106.2826,330.28,0.45,0.63,2023-01-20,0651,SNPP,SNPP,n,2,291.04,7,D,0
21.75982,106.2776,351.63,0.45,0.63,2023-01-20,0651,SNPP,SNPP,n,2,292.17,7.27,D,0
21.01967,106.60535,302.74,0.66,0.73,2023-01-20,1739,SNPP,SNPP,n,2,284.4,1.15,N,0
21.01843,106.60554,300.53,0.66,0.73,2023-01-20,1739,SNPP,SNPP,n,2,284.41,1.31,N,0
21.4089,106.39862,299.33,0.46,0.64,2023-01-20,1919,SNPP,SNPP,n,2,283.35,1.26,N,0
21.40789,106.40296,309.78,0.46,0.64,2023-01-20,1919,SNPP,SNPP,n,2,283.03,1.26,N,0
20.39846,105.90076,300.41,0.45,0.63,2023-01-20,1920,SNPP,SNPP,n,2,285.77,0.54,N,2
20.40416,105.90244,295.62,0.45,0.63,2023-01-20,1920,SNPP,SNPP,n,2,285.52,0.42,N,2
20.39846,105.90083,299.03,0.45,0.63,2023-01-20,1920,SNPP,SNPP,n,2,285.54,0.81,N,2
20.34095,105.91377,297.69,0.45,0.63,2023-01-20,1920,SNPP,SNPP,n,2,285.14,0.46,N,0
20.14506,105.77719,331.31,0.39,0.44,2023-01-21,0631,SNPP,SNPP,n,2,297.3,1.41,D,0
20.18553,105.4414,336.23,0.57,0.43,2023-01-21,0631,SNPP,SNPP,n,2,295.01,6.78,D,0
21.07234,106.84573,330.13,0.47,0.48,2023-01-21,0632,SNPP,SNPP,n,2,289.2,3.8,D,0
20.98364,105.82619,330.32,0.41,0.45,2023-01-21,0632,SNPP,SNPP,n,2,296.32,2.07,D,0
21.11897,106.67073,344.53,0.46,0.47,2023-01-21,0632,SNPP,SNPP,n,2,301.09,17.46,D,0
21.18735,106.76316,341.36,0.47,0.48,2023-01-21,0632,SNPP,SNPP,n,2,293.92,6.74,D,0
21.22242,106.64391,326.5,0.46,0.47,2023-01-21,0632,SNPP,SNPP,n,2,295.2,2.93,D,0
21.22812,106.61722,332.39,0.46,0.47,2023-01-21,0632,SNPP,SNPP,n,2,295.11,3.33,D,0
21.14969,105.00985,343.2,0.55,0.43,2023-01-21,0632,SNPP,SNPP,n,2,292.83,10.1,D,0
21.14901,105.01267,330.75,0.55,0.43,2023-01-21,0632,SNPP,SNPP,n,2,292.81,4.07,D,0
21.15294,105.01211,329.88,0.55,0.43,2023-01-21,0632,SNPP,SNPP,n,2,290.53,3.45,D,0
21.5701,106.72152,350.15,0.47,0.48,2023-01-21,0632,SNPP,SNPP,n,2,294.12,17.78,D,0
21.56963,106.72263,341.17,0.47,0.48,2023-01-21,0632,SNPP,SNPP,n,2,295.4,15,D,0
21.50338,106.05784,342.08,0.43,0.46,2023-01-21,0632,SNPP,SNPP,n,2,297.69,20.42,D,0
21.61967,106.13612,328.13,0.43,0.46,2023-01-21,0632,SNPP,SNPP,n,2,293.98,2.05,D,0
21.6639,106.03616,341.62,0.43,0.46,2023-01-21,0632,SNPP,SNPP,n,2,299.16,18.48,D,0
21.67192,106.03147,346.88,0.43,0.46,2023-01-21,0632,SNPP,SNPP,n,2,293.24,10.58,D,0
21.73636,106.3544,327.09,0.45,0.47,2023-01-21,0632,SNPP,SNPP,n,2,292.54,2.28,D,0
21.73382,106.35523,330.64,0.45,0.47,2023-01-21,0632,SNPP,SNPP,n,2,294.92,2.29,D,0
21.75155,106.31853,350.35,0.45,0.47,2023-01-21,0632,SNPP,SNPP,n,2,297.62,12.54,D,0
21.75106,106.31424,333.54,0.45,0.47,2023-01-21,0632,SNPP,SNPP,n,2,292.84,12.54,D,0
21.90706,106.02704,328.97,0.43,0.46,2023-01-21,0632,SNPP,SNPP,n,2,292.19,5.08,D,0
21.90632,106.02723,340.72,0.43,0.46,2023-01-21,0632,SNPP,SNPP,n,2,293.22,5.1,D,0
21.06888,106.82877,299.22,0.5,0.49,2023-01-24,1804,SNPP,SNPP,n,2,280.38,0.62,N,0
20.52982,105.86701,302.94,0.57,0.52,2023-01-24,1804,SNPP,SNPP,n,2,284.46,0.68,N,2
20.40512,105.89934,311.18,0.56,0.52,2023-01-24,1804,SNPP,SNPP,n,2,285.92,1.63,N,2
20.40034,105.89875,295.03,0.56,0.52,2023-01-24,1804,SNPP,SNPP,n,2,283.42,1.63,N,2
21.16026,106.52995,334.75,0.55,0.68,2023-01-25,0516,SNPP,SNPP,n,2,290.25,4.28,D,0
21.23446,106.66543,330.46,0.54,0.68,2023-01-25,0516,SNPP,SNPP,n,2,288.67,2.76,D,0
21.51795,106.64485,336.83,0.53,0.67,2023-01-25,0517,SNPP,SNPP,n,2,290.84,4.17,D,0
21.48621,106.4022,327.57,0.55,0.68,2023-01-25,0517,SNPP,SNPP,n,2,289.26,1.23,D,0
21.63816,106.52916,332.2,0.54,0.68,2023-01-25,0517,SNPP,SNPP,n,2,289.07,3.26,D,0
21.74476,106.09749,329.15,0.57,0.69,2023-01-25,0517,SNPP,SNPP,n,2,288.38,3.6,D,0
21.62396,105.67842,337.42,0.61,0.71,2023-01-25,0517,SNPP,SNPP,n,2,290.9,4.52,D,0
21.69647,105.58496,331.34,0.61,0.71,2023-01-25,0517,SNPP,SNPP,n,2,288.05,2.8,D,0
20.32211,105.52676,339.59,0.48,0.65,2023-01-25,0657,SNPP,SNPP,n,2,291.53,3.02,D,0
20.49392,105.64337,329.93,0.5,0.65,2023-01-25,0657,SNPP,SNPP,n,2,289.75,5.8,D,0
21.07304,106.84562,367,0.6,0.71,2023-01-25,0657,SNPP,SNPP,h,2,291.28,8.86,D,0
21.23761,106.77441,334.49,0.6,0.7,2023-01-25,0657,SNPP,SNPP,n,2,290.75,3.75,D,0
21.25322,106.80306,345.09,0.6,0.7,2023-01-25,0657,SNPP,SNPP,n,2,290.63,6.71,D,0
21.25991,106.80368,328.74,0.6,0.7,2023-01-25,0657,SNPP,SNPP,n,2,289.77,6.71,D,0
21.21306,106.24705,340.2,0.55,0.68,2023-01-25,0657,SNPP,SNPP,n,2,291.48,5.11,D,0
21.2363,106.77547,344,0.6,0.7,2023-01-25,0657,SNPP,SNPP,n,2,292.36,6.21,D,0
21.25838,106.80433,338.72,0.6,0.7,2023-01-25,0657,SNPP,SNPP,n,2,289.83,8.05,D,0
21.25793,106.79848,339.01,0.6,0.7,2023-01-25,0657,SNPP,SNPP,n,2,289.3,8.05,D,0
21.2151,106.24696,332.6,0.55,0.68,2023-01-25,0657,SNPP,SNPP,n,2,289.36,3.69,D,0
21.53414,106.7442,331.06,0.6,0.7,2023-01-25,0657,SNPP,SNPP,n,2,289.55,3.65,D,0
21.44706,105.09109,346.56,0.47,0.64,2023-01-25,0657,SNPP,SNPP,n,2,292.98,4.71,D,0
21.62962,106.1376,367,0.55,0.68,2023-01-25,0657,SNPP,SNPP,h,2,293.25,7.25,D,0
21.63598,106.13702,336.43,0.55,0.68,2023-01-25,0657,SNPP,SNPP,n,2,287.9,7.25,D,0
21.52897,104.95506,329.24,0.46,0.64,2023-01-25,0657,SNPP,SNPP,n,2,290.42,2.34,D,0
21.63201,106.13547,367,0.55,0.68,2023-01-25,0657,SNPP,SNPP,h,2,292.22,16.02,D,0
21.61872,105.3662,331.08,0.49,0.65,2023-01-25,0657,SNPP,SNPP,n,2,290.92,3.41,D,0
21.61627,105.0621,333.29,0.47,0.64,2023-01-25,0657,SNPP,SNPP,n,2,291.17,2.21,D,0
21.66325,105.31596,328.48,0.49,0.65,2023-01-25,0657,SNPP,SNPP,n,2,290.16,2.25,D,0
21.61277,105.06044,327.21,0.47,0.64,2023-01-25,0657,SNPP,SNPP,n,2,291.71,3.37,D,0
21.74251,105.37266,335.75,0.49,0.65,2023-01-25,0657,SNPP,SNPP,n,2,289.63,6.68,D,0
21.83231,105.12547,350.83,0.47,0.64,2023-01-25,0657,SNPP,SNPP,n,2,292.02,6.71,D,0
21.93141,105.98367,355.14,0.54,0.68,2023-01-25,0657,SNPP,SNPP,n,2,292.5,8.49,D,0
21.83419,105.12562,348.29,0.48,0.64,2023-01-25,0657,SNPP,SNPP,n,2,291.92,6.57,D,0
21.9277,105.98635,344.66,0.54,0.68,2023-01-25,0657,SNPP,SNPP,n,2,292.79,6.63,D,0
20.53286,105.86585,296.64,0.57,0.69,2023-01-25,1746,SNPP,SNPP,n,2,283.23,0.85,N,0
20.40591,105.89749,295.4,0.57,0.69,2023-01-25,1746,SNPP,SNPP,n,2,281.06,1.94,N,2
20.40602,105.89762,296.74,0.57,0.69,2023-01-25,1746,SNPP,SNPP,n,2,281.34,1.53,N,2
21.90697,106.18317,300.97,0.55,0.68,2023-01-25,1926,SNPP,SNPP,n,2,278.01,1.22,N,0
20.13255,105.48293,331.36,0.47,0.48,2023-01-26,0638,SNPP,SNPP,n,2,294.2,2.65,D,0
20.25892,105.61308,332.11,0.48,0.48,2023-01-26,0638,SNPP,SNPP,n,2,292.26,2.07,D,0
20.91626,105.13929,331.86,0.46,0.47,2023-01-26,0638,SNPP,SNPP,n,2,290.61,4.2,D,0
20.20255,105.73045,343.52,0.43,0.38,2023-01-28,0600,SNPP,SNPP,n,2,294.63,4.83,D,0
20.20321,105.73074,343.67,0.43,0.38,2023-01-28,0600,SNPP,SNPP,n,2,294.6,5.7,D,0
21.08516,106.767,336.32,0.4,0.37,2023-01-28,0600,SNPP,SNPP,n,2,292.12,8.88,D,0
21.11472,106.71444,327.15,0.4,0.37,2023-01-28,0600,SNPP,SNPP,n,2,292.84,3.24,D,0
21.12323,106.32966,340.1,0.41,0.37,2023-01-28,0600,SNPP,SNPP,n,2,294.03,3.84,D,0
21.21825,106.74702,345.32,0.4,0.37,2023-01-28,0600,SNPP,SNPP,n,2,295.71,6.7,D,0
21.19962,106.52259,333.92,0.4,0.37,2023-01-28,0600,SNPP,SNPP,n,2,294.35,4.44,D,0
21.26379,106.7854,329.22,0.4,0.37,2023-01-28,0600,SNPP,SNPP,n,2,291.13,3.08,D,0
21.27221,106.42976,343.33,0.4,0.37,2023-01-28,0600,SNPP,SNPP,n,2,297.09,10.26,D,0
21.27558,106.42917,349.37,0.4,0.37,2023-01-28,0600,SNPP,SNPP,n,2,293.25,10.26,D,0
21.36241,106.78669,329.89,0.39,0.37,2023-01-28,0600,SNPP,SNPP,n,2,296.94,2.62,D,0
21.43019,106.80153,327.15,0.39,0.36,2023-01-28,0600,SNPP,SNPP,n,2,295.65,2.64,D,0
21.43353,106.80092,347.02,0.39,0.36,2023-01-28,0600,SNPP,SNPP,n,2,301.29,8.37,D,0
21.43687,106.80032,346.65,0.39,0.36,2023-01-28,0600,SNPP,SNPP,n,2,299.61,8.37,D,0
21.47684,106.54617,331.05,0.4,0.37,2023-01-28,0600,SNPP,SNPP,n,2,294.44,1.89,D,0
21.50066,106.52222,326.77,0.4,0.37,2023-01-28,0600,SNPP,SNPP,n,2,290.08,2.08,D,0
21.50005,106.51839,344.94,0.4,0.37,2023-01-28,0600,SNPP,SNPP,n,2,294.56,5.87,D,0
21.49331,106.27794,333.28,0.4,0.37,2023-01-28,0600,SNPP,SNPP,n,2,294.34,11.72,D,0
21.61594,106.7141,341.75,0.39,0.37,2023-01-28,0600,SNPP,SNPP,n,2,293.36,4.07,D,0
21.60556,106.15327,344.34,0.41,0.37,2023-01-28,0600,SNPP,SNPP,n,2,295.26,9.34,D,0
21.63282,105.89176,344.27,0.41,0.37,2023-01-28,0600,SNPP,SNPP,n,2,299.73,15.52,D,0
21.71772,106.28043,347.2,0.4,0.37,2023-01-28,0600,SNPP,SNPP,n,2,297.13,8.13,D,0
21.61885,105.68478,329.68,0.42,0.38,2023-01-28,0600,SNPP,SNPP,n,2,291.94,2.15,D,0
21.71574,106.05569,325.57,0.41,0.37,2023-01-28,0600,SNPP,SNPP,n,2,290.59,1.1,D,0
21.7067,106.00074,334.6,0.41,0.37,2023-01-28,0600,SNPP,SNPP,n,2,301.19,23.69,D,0
21.76984,106.32299,325.89,0.4,0.37,2023-01-28,0600,SNPP,SNPP,n,2,292.39,2.01,D,0
21.80255,106.28902,331.7,0.4,0.37,2023-01-28,0600,SNPP,SNPP,n,2,292.91,24.74,D,0
21.75178,105.97614,345.09,0.41,0.37,2023-01-28,0600,SNPP,SNPP,n,2,293.13,6.02,D,0
21.65273,105.33269,329.32,0.43,0.38,2023-01-28,0600,SNPP,SNPP,n,2,296.13,3.47,D,0
21.71586,105.4272,331.57,0.43,0.38,2023-01-28,0600,SNPP,SNPP,n,2,289.48,1.53,D,0
21.78769,105.81441,325.17,0.41,0.37,2023-01-28,0600,SNPP,SNPP,n,2,290.42,3.04,D,0
21.81845,105.80849,344.08,0.41,0.37,2023-01-28,0600,SNPP,SNPP,n,2,298.72,6.83,D,0
21.74784,105.38294,331.23,0.43,0.38,2023-01-28,0600,SNPP,SNPP,n,2,292.72,3.32,D,0
21.75131,105.38226,328.15,0.43,0.38,2023-01-28,0600,SNPP,SNPP,n,2,289.29,3.39,D,0
21.82333,105.7953,336.32,0.41,0.37,2023-01-28,0600,SNPP,SNPP,n,2,296.28,23.15,D,0
21.90201,105.99678,326.1,0.41,0.37,2023-01-28,0601,SNPP,SNPP,n,2,292.12,1.9,D,0
21.92615,106.03705,337.33,0.41,0.37,2023-01-28,0601,SNPP,SNPP,n,2,292.34,5.67,D,0
21.81242,105.33332,345.65,0.43,0.38,2023-01-28,0601,SNPP,SNPP,n,2,293.25,8.85,D,0
21.93246,105.61414,332.69,0.42,0.38,2023-01-28,0601,SNPP,SNPP,n,2,294.62,3.8,D,0
21.93134,105.26824,332.98,0.43,0.38,2023-01-28,0601,SNPP,SNPP,n,2,291.68,1.42,D,0
21.94371,105.10577,327.61,0.44,0.38,2023-01-28,0601,SNPP,SNPP,n,2,293.64,2.57,D,0
21.94413,105.10644,329.57,0.44,0.38,2023-01-28,0601,SNPP,SNPP,n,2,293.29,2.12,D,0
21.72343,105.97819,295.91,0.4,0.37,2023-01-28,1829,SNPP,SNPP,n,2,280.59,0.41,N,0
21.72003,105.97765,298.9,0.4,0.37,2023-01-28,1829,SNPP,SNPP,n,2,280.69,0.6,N,0
21.56211,105.86774,317.02,0.41,0.37,2023-01-28,1829,SNPP,SNPP,n,2,281.54,1.6,N,0
21.5587,105.86716,299.18,0.41,0.37,2023-01-28,1829,SNPP,SNPP,n,2,282.19,0.72,N,2
21.55813,105.87108,297.83,0.41,0.37,2023-01-28,1829,SNPP,SNPP,n,2,281.43,0.72,N,2
21.4117,106.36495,299.08,0.4,0.37,2023-01-28,1829,SNPP,SNPP,n,2,282.16,0.61,N,0
21.39598,106.40105,319.5,0.39,0.37,2023-01-28,1829,SNPP,SNPP,n,2,282.33,1.54,N,0
21.35489,105.54429,296.42,0.41,0.37,2023-01-28,1829,SNPP,SNPP,n,2,282.36,0.36,N,0
21.22727,106.15102,298.87,0.4,0.37,2023-01-28,1829,SNPP,SNPP,n,2,283.31,1.05,N,0
21.3315,104.98436,311.09,0.43,0.38,2023-01-28,1829,SNPP,SNPP,n,2,281.74,1.28,N,0
21.03977,106.58961,299.02,0.39,0.36,2023-01-28,1829,SNPP,SNPP,n,2,285.15,0.38,N,2
20.53028,105.86585,303.72,0.4,0.37,2023-01-28,1830,SNPP,SNPP,n,2,284.91,0.69,N,2
20.45363,105.88522,300.94,0.4,0.37,2023-01-28,1830,SNPP,SNPP,n,2,284.19,0.52,N,0
20.40632,105.90074,312.23,0.4,0.37,2023-01-28,1830,SNPP,SNPP,n,2,286.78,1.35,N,2
20.40295,105.9002,309.35,0.4,0.37,2023-01-28,1830,SNPP,SNPP,n,2,285.44,1.35,N,2
20.39901,105.90344,305.48,0.4,0.37,2023-01-28,1830,SNPP,SNPP,n,2,285.15,0.58,N,0
20.34863,105.91159,299.3,0.4,0.37,2023-01-28,1830,SNPP,SNPP,n,2,284.15,0.71,N,2
20.34131,105.91428,298.83,0.4,0.37,2023-01-28,1830,SNPP,SNPP,n,2,283.51,0.55,N,0
20.16707,105.36836,333.56,0.55,0.51,2023-01-29,0541,SNPP,SNPP,n,2,291.25,5.36,D,0
20.16918,105.37097,334.51,0.55,0.51,2023-01-29,0541,SNPP,SNPP,n,2,292.01,4.18,D,0
20.91784,106.84036,338.32,0.43,0.46,2023-01-29,0541,SNPP,SNPP,n,2,293.32,4.39,D,0
20.75175,105.37025,337.72,0.53,0.5,2023-01-29,0541,SNPP,SNPP,n,2,290.05,8.2,D,0
21.13487,106.5623,328.49,0.44,0.46,2023-01-29,0541,SNPP,SNPP,n,2,291.18,2.49,D,0
21.22016,106.75744,338.29,0.43,0.46,2023-01-29,0541,SNPP,SNPP,n,2,293.44,3.98,D,0
21.22436,106.75668,336.33,0.43,0.46,2023-01-29,0541,SNPP,SNPP,n,2,292.59,3.14,D,0
21.25214,106.81094,349.43,0.43,0.46,2023-01-29,0541,SNPP,SNPP,n,2,296.97,5.3,D,0
21.25628,106.8099,325.87,0.43,0.46,2023-01-29,0541,SNPP,SNPP,n,2,291.46,5.3,D,0
21.28412,106.84265,338.63,0.42,0.45,2023-01-29,0541,SNPP,SNPP,n,2,290.65,7.23,D,0
21.24345,106.44341,338.67,0.45,0.47,2023-01-29,0541,SNPP,SNPP,n,2,290.35,4.1,D,0
21.24471,106.43875,328.74,0.45,0.47,2023-01-29,0542,SNPP,SNPP,n,2,290.25,1.72,D,0
21.3464,106.84878,330.79,0.42,0.45,2023-01-29,0542,SNPP,SNPP,n,2,293.27,2.29,D,0
21.35395,106.77555,355.02,0.43,0.46,2023-01-29,0542,SNPP,SNPP,n,2,293.61,8.31,D,0
21.4243,106.2738,328.71,0.46,0.47,2023-01-29,0542,SNPP,SNPP,n,2,294.82,1.43,D,0
21.54016,106.67947,330.46,0.43,0.46,2023-01-29,0542,SNPP,SNPP,n,2,290.14,2.9,D,0
21.56973,106.72051,339.02,0.43,0.46,2023-01-29,0542,SNPP,SNPP,n,2,295.5,10.97,D,0
21.56902,106.71677,345.82,0.43,0.46,2023-01-29,0542,SNPP,SNPP,n,2,293.24,10.97,D,0
21.59323,106.79841,332.65,0.42,0.45,2023-01-29,0542,SNPP,SNPP,n,2,287.95,1.9,D,0
21.57154,106.59332,339.26,0.43,0.46,2023-01-29,0542,SNPP,SNPP,n,2,294.11,10.86,D,0
21.57073,106.58908,336.29,0.43,0.46,2023-01-29,0542,SNPP,SNPP,n,2,290.55,5.58,D,0
21.61729,106.69738,332.23,0.43,0.46,2023-01-29,0542,SNPP,SNPP,n,2,294.41,2.3,D,0
21.60933,106.65504,339.3,0.43,0.46,2023-01-29,0542,SNPP,SNPP,n,2,293.04,7.68,D,0
21.55552,106.32384,325.96,0.45,0.47,2023-01-29,0542,SNPP,SNPP,n,2,291.14,8.12,D,0
21.55481,106.32014,339.59,0.45,0.47,2023-01-29,0542,SNPP,SNPP,n,2,295.12,9.41,D,0
21.62111,106.64838,339.49,0.43,0.46,2023-01-29,0542,SNPP,SNPP,n,2,294.35,37.59,D,0
21.55287,106.32115,327.64,0.45,0.47,2023-01-29,0542,SNPP,SNPP,n,2,293.14,3.06,D,0
21.62152,106.64893,331.37,0.43,0.46,2023-01-29,0542,SNPP,SNPP,n,2,290.22,19.07,D,0
21.62072,106.64483,332.55,0.43,0.46,2023-01-29,0542,SNPP,SNPP,n,2,299.42,19.07,D,0
21.55723,106.3207,354.3,0.45,0.47,2023-01-29,0542,SNPP,SNPP,n,2,291.48,10.98,D,0
21.60285,106.39529,342.95,0.44,0.46,2023-01-29,0542,SNPP,SNPP,n,2,291.09,5.3,D,0
21.5592,105.94013,342.89,0.47,0.48,2023-01-29,0542,SNPP,SNPP,n,2,295.98,7.83,D,0
21.68657,106.51079,326.89,0.44,0.46,2023-01-29,0542,SNPP,SNPP,n,2,293.24,4.44,D,0
21.68579,106.50665,326.21,0.44,0.46,2023-01-29,0542,SNPP,SNPP,n,2,290.96,4.63,D,0
21.63784,106.04302,339.31,0.47,0.47,2023-01-29,0542,SNPP,SNPP,n,2,295.26,5.27,D,0
21.63244,105.99269,352.08,0.47,0.48,2023-01-29,0542,SNPP,SNPP,n,2,299.94,34.75,D,0
21.66953,105.95045,340.81,0.47,0.48,2023-01-29,0542,SNPP,SNPP,n,2,291.03,5.47,D,0
21.7115,106.00358,339.78,0.47,0.48,2023-01-29,0542,SNPP,SNPP,n,2,296.76,23.54,D,0
21.71063,105.99906,342.63,0.47,0.48,2023-01-29,0542,SNPP,SNPP,n,2,293.37,23.54,D,0
21.71503,105.99846,352.15,0.47,0.48,2023-01-29,0542,SNPP,SNPP,n,2,299.61,23.54,D,0
21.71141,106.00024,355.72,0.47,0.48,2023-01-29,0542,SNPP,SNPP,n,2,304.16,31.37,D,0
21.7158,105.99955,342.36,0.47,0.48,2023-01-29,0542,SNPP,SNPP,n,2,292.71,31.37,D,0
21.71491,105.99506,334.44,0.47,0.48,2023-01-29,0542,SNPP,SNPP,n,2,288.48,13.24,D,0
21.77567,106.2795,329.76,0.45,0.47,2023-01-29,0542,SNPP,SNPP,n,2,295.98,4.84,D,0
21.80296,106.32836,338.25,0.44,0.46,2023-01-29,0542,SNPP,SNPP,n,2,293.14,4.56,D,0
21.91036,106.16211,339.2,0.45,0.47,2023-01-29,0542,SNPP,SNPP,n,2,290.08,3.94,D,0
21.94146,106.25395,352.11,0.45,0.47,2023-01-29,0542,SNPP,SNPP,n,2,303.16,34.8,D,0
21.94064,106.24969,329.92,0.45,0.47,2023-01-29,0542,SNPP,SNPP,n,2,288.13,14.89,D,0
21.87581,105.91517,339,0.47,0.48,2023-01-29,0542,SNPP,SNPP,n,2,291.29,8.93,D,0
21.8749,105.91054,337.46,0.47,0.48,2023-01-29,0542,SNPP,SNPP,n,2,292.77,8.93,D,0
21.94571,106.25302,367,0.45,0.47,2023-01-29,0542,SNPP,SNPP,h,2,292.39,34.8,D,0
21.93026,106.03339,345.87,0.46,0.47,2023-01-29,0542,SNPP,SNPP,n,2,293.74,9.03,D,0
21.93191,106.03411,338.95,0.46,0.47,2023-01-29,0542,SNPP,SNPP,n,2,292.11,11.17,D,0
21.89802,105.70452,351.33,0.48,0.48,2023-01-29,0542,SNPP,SNPP,n,2,294.56,18.75,D,0
21.90239,105.70342,353.97,0.48,0.48,2023-01-29,0542,SNPP,SNPP,n,2,291.31,18.75,D,0
21.6246,106.44051,295.61,0.43,0.46,2023-01-29,1810,SNPP,SNPP,n,2,280.12,0.55,N,0
21.56002,106.65454,303.18,0.41,0.45,2023-01-29,1810,SNPP,SNPP,n,2,278.29,0.65,N,0
21.42332,106.37049,305.12,0.43,0.46,2023-01-29,1810,SNPP,SNPP,n,2,282.34,1.34,N,0
21.22748,106.36082,333.17,0.43,0.46,2023-01-29,1810,SNPP,SNPP,n,2,283.02,3.89,N,0
21.22374,106.35611,309.79,0.43,0.46,2023-01-29,1810,SNPP,SNPP,n,2,282.3,1.3,N,0
21.22325,106.36026,299.39,0.43,0.46,2023-01-29,1810,SNPP,SNPP,n,2,282.25,1.3,N,0
21.22743,106.36237,324,0.43,0.46,2023-01-29,1811,SNPP,SNPP,n,2,281.92,2.17,N,0
21.22795,106.3582,305.37,0.43,0.46,2023-01-29,1811,SNPP,SNPP,n,2,281.39,2.17,N,0
21.22372,106.35767,318.43,0.43,0.46,2023-01-29,1811,SNPP,SNPP,n,2,282.51,2.17,N,0
21.15022,106.32616,299.32,0.43,0.46,2023-01-29,1811,SNPP,SNPP,n,2,282.59,0.72,N,0
21.01891,106.52989,308.17,0.42,0.45,2023-01-29,1811,SNPP,SNPP,n,2,287.14,1.09,N,2
20.77975,106.63115,301.93,0.41,0.45,2023-01-29,1811,SNPP,SNPP,n,2,283.06,0.92,N,0
20.53212,105.86588,301.79,0.45,0.47,2023-01-29,1811,SNPP,SNPP,n,2,284.58,0.87,N,2
20.53066,105.86696,305.75,0.45,0.47,2023-01-29,1811,SNPP,SNPP,n,2,285.04,0.61,N,2
20.45367,105.88703,301.53,0.45,0.47,2023-01-29,1811,SNPP,SNPP,n,2,285.03,0.88,N,0
20.40631,105.89983,308.87,0.45,0.47,2023-01-29,1811,SNPP,SNPP,n,2,285.92,1.3,N,2
20.40199,105.8993,308.6,0.45,0.47,2023-01-29,1811,SNPP,SNPP,n,2,284.99,1.54,N,2
20.39717,105.90297,296.66,0.45,0.47,2023-01-29,1811,SNPP,SNPP,n,2,284.34,0.88,N,0
20.34783,105.91345,298.59,0.44,0.46,2023-01-29,1811,SNPP,SNPP,n,2,284.12,0.45,N,2
20.49761,105.705,367,0.51,0.66,2023-01-30,0523,SNPP,SNPP,h,2,297.28,11.42,D,0
20.49643,105.69984,335.51,0.51,0.66,2023-01-30,0523,SNPP,SNPP,n,2,290.54,11.42,D,0
20.75617,106.60639,326.24,0.44,0.63,2023-01-30,0523,SNPP,SNPP,n,2,292.14,3.17,D,0
20.75626,106.60661,326.64,0.44,0.63,2023-01-30,0523,SNPP,SNPP,n,2,292.35,3.36,D,0
21.1172,106.79174,325.46,0.42,0.61,2023-01-30,0523,SNPP,SNPP,n,2,291.53,2.79,D,0
21.12061,106.79271,328.11,0.42,0.61,2023-01-30,0523,SNPP,SNPP,n,2,292.79,3.37,D,0
21.34901,106.74865,357.14,0.42,0.61,2023-01-30,0523,SNPP,SNPP,n,2,296.79,7.99,D,0
21.34624,106.74957,332.2,0.42,0.61,2023-01-30,0523,SNPP,SNPP,n,2,293.23,3.19,D,0
21.3518,106.74806,331.77,0.42,0.61,2023-01-30,0523,SNPP,SNPP,n,2,291.55,5.08,D,0
21.04523,105.05479,352.32,0.55,0.68,2023-01-30,0523,SNPP,SNPP,n,2,293.64,7.17,D,0
21.04836,105.05589,333.85,0.55,0.68,2023-01-30,0523,SNPP,SNPP,n,2,291.39,5.81,D,0
21.04728,105.05138,336.72,0.55,0.68,2023-01-30,0523,SNPP,SNPP,n,2,292.12,5.81,D,0
21.47313,106.24651,346.52,0.45,0.63,2023-01-30,0523,SNPP,SNPP,n,2,293.24,4.85,D,0
21.60125,106.73434,340.21,0.42,0.61,2023-01-30,0523,SNPP,SNPP,n,2,296.54,2.89,D,0
21.60006,106.729,328.46,0.42,0.61,2023-01-30,0523,SNPP,SNPP,n,2,296.18,2.89,D,0
21.58271,106.46562,334.05,0.44,0.62,2023-01-30,0523,SNPP,SNPP,n,2,294.87,3.43,D,0
21.64332,106.68563,367,0.42,0.61,2023-01-30,0523,SNPP,SNPP,h,2,295.36,5.53,D,0
21.64592,106.68702,344.77,0.42,0.61,2023-01-30,0523,SNPP,SNPP,n,2,292.37,4.35,D,0
21.64486,106.68238,326.05,0.42,0.61,2023-01-30,0523,SNPP,SNPP,n,2,291.92,4.35,D,0
21.64709,106.53589,354.95,0.43,0.62,2023-01-30,0523,SNPP,SNPP,n,2,297.31,5.87,D,0
21.6528,106.53487,367,0.43,0.62,2023-01-30,0523,SNPP,SNPP,h,2,294.05,14.15,D,0
21.49883,105.67031,327.27,0.49,0.65,2023-01-30,0523,SNPP,SNPP,n,2,292.46,2.49,D,0
21.70468,106.14953,330.5,0.45,0.63,2023-01-30,0523,SNPP,SNPP,n,2,292.55,3.3,D,0
21.76855,106.35261,343.23,0.44,0.62,2023-01-30,0523,SNPP,SNPP,n,2,294.14,6.7,D,0
21.75542,106.13222,340.8,0.45,0.63,2023-01-30,0523,SNPP,SNPP,n,2,292.2,3.95,D,0
21.75456,106.1329,334.51,0.45,0.63,2023-01-30,0523,SNPP,SNPP,n,2,291.51,3.62,D,0
21.76329,105.37429,352.26,0.5,0.66,2023-01-30,0523,SNPP,SNPP,n,2,293.15,8.78,D,0
21.90511,105.84209,325.51,0.47,0.64,2023-01-30,0523,SNPP,SNPP,n,2,292.73,2.19,D,0
21.9137,105.77265,329.91,0.47,0.64,2023-01-30,0523,SNPP,SNPP,n,2,293.57,10.31,D,0
21.91276,105.7686,331.47,0.47,0.64,2023-01-30,0523,SNPP,SNPP,n,2,296.19,7.96,D,0
21.91869,105.76747,367,0.47,0.64,2023-01-30,0523,SNPP,SNPP,h,2,292.97,7.96,D,0
20.12475,105.06947,331.77,0.57,0.69,2023-01-30,0703,SNPP,SNPP,n,2,292.38,4.67,D,0
20.47077,105.14557,339.29,0.58,0.7,2023-01-30,0703,SNPP,SNPP,n,2,292.35,6.48,D,0
20.47071,105.14619,326.33,0.58,0.7,2023-01-30,0703,SNPP,SNPP,n,2,291.87,7.66,D,0
20.99611,105.40635,325.63,0.61,0.71,2023-01-30,0703,SNPP,SNPP,n,2,291.33,3.21,D,0
20.97702,105.16979,337.83,0.59,0.7,2023-01-30,0703,SNPP,SNPP,n,2,291.74,5.76,D,0
21.24873,106.51622,367,0.72,0.76,2023-01-30,0703,SNPP,SNPP,h,2,296.9,32.88,D,0
21.24556,106.51563,367,0.72,0.76,2023-01-30,0703,SNPP,SNPP,h,2,296.2,23.77,D,0
21.24618,106.52447,327.54,0.72,0.76,2023-01-30,0703,SNPP,SNPP,n,2,291.6,21.25,D,0
21.4224,106.45001,342.91,0.72,0.75,2023-01-30,0703,SNPP,SNPP,n,2,294.69,5.62,D,0
21.42651,106.44744,344.89,0.72,0.75,2023-01-30,0703,SNPP,SNPP,n,2,293.68,7.5,D,0
21.60447,106.6993,332.97,0.75,0.77,2023-01-30,0703,SNPP,SNPP,n,2,296.28,5.02,D,0
21.64997,106.53123,349.35,0.73,0.76,2023-01-30,0703,SNPP,SNPP,n,2,293.95,8.91,D,0
21.64717,106.53897,329.83,0.73,0.76,2023-01-30,0703,SNPP,SNPP,n,2,293.51,7.09,D,0
21.64661,106.5307,338.98,0.73,0.76,2023-01-30,0703,SNPP,SNPP,n,2,292.95,7.09,D,0
21.6713,105.98167,327.11,0.67,0.74,2023-01-30,0703,SNPP,SNPP,n,2,290.64,4.59,D,0
21.60736,105.06334,333.92,0.59,0.7,2023-01-30,0703,SNPP,SNPP,n,2,292.31,4.36,D,0
21.62334,105.09791,332.09,0.59,0.7,2023-01-30,0703,SNPP,SNPP,n,2,292.64,5.46,D,0
21.67571,105.5023,326.7,0.63,0.72,2023-01-30,0703,SNPP,SNPP,n,2,292.42,4.2,D,0
21.67096,105.98531,325.55,0.68,0.74,2023-01-30,0703,SNPP,SNPP,n,2,291.27,3.68,D,0
21.62182,105.10031,325.74,0.59,0.7,2023-01-30,0703,SNPP,SNPP,n,2,292.64,5.08,D,0
21.67784,105.49854,326.25,0.63,0.72,2023-01-30,0703,SNPP,SNPP,n,2,291.87,4.29,D,0
21.81641,106.45681,349.75,0.72,0.76,2023-01-30,0703,SNPP,SNPP,n,2,295.87,7.84,D,0
21.77859,105.84352,367,0.66,0.73,2023-01-30,0703,SNPP,SNPP,h,2,296.68,31.54,D,0
21.77812,105.83731,349.09,0.66,0.73,2023-01-30,0703,SNPP,SNPP,n,2,293.34,19.12,D,0
21.84267,106.32825,341.27,0.71,0.75,2023-01-30,0703,SNPP,SNPP,n,2,292.57,13.71,D,0
21.84217,106.3214,338.9,0.71,0.75,2023-01-30,0703,SNPP,SNPP,n,2,292.68,10.87,D,0
21.81339,106.45618,346.4,0.73,0.76,2023-01-30,0703,SNPP,SNPP,n,2,294.64,10.02,D,0
21.77932,105.84184,367,0.66,0.73,2023-01-30,0703,SNPP,SNPP,h,2,299.06,16.58,D,0
21.77889,105.83561,328.16,0.66,0.73,2023-01-30,0703,SNPP,SNPP,n,2,292.71,16.58,D,0
21.76198,105.31139,336.65,0.61,0.71,2023-01-30,0703,SNPP,SNPP,n,2,293.05,5.21,D,0
21.84043,106.32716,349.15,0.71,0.75,2023-01-30,0703,SNPP,SNPP,n,2,293.6,8.37,D,0
21.83997,106.32041,332.37,0.71,0.75,2023-01-30,0703,SNPP,SNPP,n,2,292.62,8.37,D,0
21.93017,106.80418,326.17,0.76,0.77,2023-01-30,0703,SNPP,SNPP,n,2,292.36,3.16,D,0
21.84558,105.61824,338.8,0.64,0.72,2023-01-30,0703,SNPP,SNPP,n,2,294.18,5.06,D,0
21.90903,106.19663,325.94,0.7,0.75,2023-01-30,0703,SNPP,SNPP,n,2,292.44,2.55,D,0
21.90899,106.09998,326.45,0.69,0.74,2023-01-30,0703,SNPP,SNPP,n,2,293.29,3.27,D,0
21.93277,106.23208,338.18,0.7,0.75,2023-01-30,0703,SNPP,SNPP,n,2,293.63,13.04,D,0
21.93226,106.22507,333.75,0.7,0.75,2023-01-30,0703,SNPP,SNPP,n,2,292.64,9.73,D,0
21.93763,106.2023,326.21,0.7,0.75,2023-01-30,0703,SNPP,SNPP,n,2,292.41,7.89,D,0
21.93161,106.80579,330.43,0.76,0.77,2023-01-30,0703,SNPP,SNPP,n,2,292.45,5.34,D,0
21.90756,106.10088,329.35,0.69,0.74,2023-01-30,0703,SNPP,SNPP,n,2,293.53,4.17,D,0
21.93704,106.22515,348.63,0.7,0.75,2023-01-30,0703,SNPP,SNPP,n,2,292.68,13.26,D,0
21.93556,106.20326,336.71,0.7,0.75,2023-01-30,0703,SNPP,SNPP,n,2,293.57,4.7,D,0
21.90419,105.46567,330.76,0.63,0.72,2023-01-30,0703,SNPP,SNPP,n,2,293.11,4.94,D,0
21.94331,105.44613,345.76,0.63,0.72,2023-01-30,0703,SNPP,SNPP,n,2,292.4,8.62,D,0
21.94623,105.44452,340.93,0.63,0.72,2023-01-30,0703,SNPP,SNPP,n,2,290.85,6.51,D,0
21.91701,104.85329,326.44,0.58,0.69,2023-01-30,0703,SNPP,SNPP,n,2,290.57,2.18,D,0
21.65017,106.45351,297.16,0.43,0.62,2023-01-30,1752,SNPP,SNPP,n,2,281.67,0.79,N,0
21.57878,106.21709,304.97,0.44,0.63,2023-01-30,1752,SNPP,SNPP,n,2,280.3,0.9,N,0
21.01664,106.52615,303.19,0.42,0.61,2023-01-30,1752,SNPP,SNPP,n,2,283.91,0.84,N,2
21.01625,106.53025,295.82,0.42,0.61,2023-01-30,1752,SNPP,SNPP,n,2,285.44,0.84,N,2
20.52969,105.86543,305.59,0.45,0.63,2023-01-30,1752,SNPP,SNPP,n,2,285.98,1.11,N,2
20.45159,105.88628,296.79,0.45,0.63,2023-01-30,1752,SNPP,SNPP,n,2,284.27,0.65,N,0
20.40887,105.89888,301.03,0.45,0.63,2023-01-30,1752,SNPP,SNPP,n,2,285.42,0.88,N,2
20.40299,105.89837,305.68,0.45,0.63,2023-01-30,1752,SNPP,SNPP,n,2,285.47,0.88,N,2
20.34989,105.911,296.42,0.45,0.63,2023-01-30,1752,SNPP,SNPP,n,2,284.98,0.79,N,2
21.40581,105.44787,296.75,0.63,0.72,2023-01-30,1932,SNPP,SNPP,n,2,282.88,1.31,N,0
21.1317,105.60981,299.59,0.65,0.73,2023-01-30,1932,SNPP,SNPP,n,2,282.16,0.85,N,0
21.12885,105.60937,299.73,0.65,0.73,2023-01-30,1932,SNPP,SNPP,n,2,281.76,1.31,N,0
20.40211,105.90014,295.09,0.71,0.75,2023-01-30,1932,SNPP,SNPP,n,2,284.46,0.73,N,2
20.40218,105.90121,295.14,0.71,0.75,2023-01-30,1932,SNPP,SNPP,n,2,284.78,0.8,N,2
21.91989,106.84617,338.55,0.79,0.78,2023-01-31,0504,SNPP,SNPP,n,2,291.14,7.31,D,0
21.92031,106.84478,349.57,0.79,0.78,2023-01-31,0504,SNPP,SNPP,n,2,292.12,10.64,D,0
21.92907,106.84923,331.62,0.79,0.78,2023-01-31,0504,SNPP,SNPP,n,2,290.62,13.03,D,0
21.92701,106.84122,344.38,0.79,0.78,2023-01-31,0504,SNPP,SNPP,n,2,290.36,12.02,D,0
21.73424,106.28758,326.36,0.35,0.57,2023-01-31,0644,SNPP,SNPP,n,2,296.18,1.05,D,0
21.61653,105.13374,351.02,0.59,0.53,2023-01-31,0644,SNPP,SNPP,n,2,299.79,35.77,D,0
21.67766,105.62311,325.21,0.32,0.54,2023-01-31,0644,SNPP,SNPP,n,2,294.34,2.31,D,0
21.63044,104.98715,331.11,0.58,0.52,2023-01-31,0644,SNPP,SNPP,n,2,293.82,8.25,D,0
21.63333,104.98537,340.64,0.58,0.52,2023-01-31,0644,SNPP,SNPP,n,2,293.04,5.84,D,0
21.79077,106.39012,325.89,0.36,0.57,2023-01-31,0644,SNPP,SNPP,n,2,292.69,1.96,D,0
21.78817,106.08441,326.66,0.34,0.56,2023-01-31,0644,SNPP,SNPP,n,2,293.77,2.46,D,0
21.68283,105.03684,341.02,0.58,0.52,2023-01-31,0644,SNPP,SNPP,n,2,293.98,6.62,D,0
21.79399,106.09007,328.92,0.34,0.56,2023-01-31,0644,SNPP,SNPP,n,2,294.31,2.27,D,0
21.78736,106.02227,326.41,0.34,0.56,2023-01-31,0644,SNPP,SNPP,n,2,293.16,1.33,D,0
21.7991,106.08835,330.98,0.34,0.56,2023-01-31,0644,SNPP,SNPP,n,2,292.83,2.64,D,0
21.74303,105.52614,336.76,0.63,0.54,2023-01-31,0644,SNPP,SNPP,n,2,293.55,8.62,D,0
21.79752,106.01878,367,0.34,0.56,2023-01-31,0644,SNPP,SNPP,h,2,297.36,10.35,D,0
21.78089,105.79949,367,0.33,0.55,2023-01-31,0644,SNPP,SNPP,h,2,297.5,7.37,D,0
21.78661,105.80495,326.22,0.33,0.55,2023-01-31,0644,SNPP,SNPP,n,2,292.89,4.45,D,0
21.82489,106.1356,343.09,0.34,0.56,2023-01-31,0644,SNPP,SNPP,n,2,292.27,3.29,D,0
20.1169,105.25897,326.75,0.58,0.52,2023-01-31,0644,SNPP,SNPP,n,2,294.93,3.14,D,0
20.15594,105.43775,342.07,0.59,0.53,2023-01-31,0644,SNPP,SNPP,n,2,302.04,31.62,D,0
20.15529,105.43173,331.59,0.59,0.53,2023-01-31,0644,SNPP,SNPP,n,2,297.33,18.22,D,0
20.43819,105.80445,326.54,0.63,0.54,2023-01-31,0644,SNPP,SNPP,n,2,294.64,3.28,D,0
20.44326,105.8042,339.35,0.63,0.54,2023-01-31,0644,SNPP,SNPP,n,2,294.37,11.63,D,0
20.4419,105.80186,353.09,0.63,0.54,2023-01-31,0644,SNPP,SNPP,n,2,295.44,14.68,D,0
20.53735,105.60079,330.8,0.61,0.54,2023-01-31,0644,SNPP,SNPP,n,2,295.54,2.78,D,0
20.55025,105.58067,342.49,0.61,0.54,2023-01-31,0644,SNPP,SNPP,n,2,300.52,20.68,D,0
20.54953,105.57422,329,0.61,0.54,2023-01-31,0644,SNPP,SNPP,n,2,295.17,6.36,D,0
20.55112,105.57873,356.91,0.61,0.54,2023-01-31,0644,SNPP,SNPP,n,2,299.95,19.92,D,0
20.66567,105.18697,325.78,0.58,0.52,2023-01-31,0644,SNPP,SNPP,n,2,294.96,3.79,D,0
20.88272,105.27147,336.94,0.59,0.53,2023-01-31,0644,SNPP,SNPP,n,2,296.68,6.67,D,0
20.91226,105.17973,327.37,0.58,0.52,2023-01-31,0644,SNPP,SNPP,n,2,295.04,3.13,D,0
21.07171,106.58175,330.79,0.36,0.57,2023-01-31,0644,SNPP,SNPP,n,2,295.28,1.27,D,0
21.0272,104.95604,339.37,0.57,0.52,2023-01-31,0644,SNPP,SNPP,n,2,295.86,10.49,D,0
21.22453,106.167,367,0.34,0.56,2023-01-31,0644,SNPP,SNPP,h,2,298.56,9.25,D,0
21.22505,106.16541,367,0.34,0.56,2023-01-31,0644,SNPP,SNPP,h,2,298.87,7.65,D,0
21.29695,106.52528,325.74,0.36,0.57,2023-01-31,0644,SNPP,SNPP,n,2,296.72,1.46,D,0
21.14798,105.04614,325.96,0.58,0.52,2023-01-31,0644,SNPP,SNPP,n,2,294.01,3.58,D,0
21.30226,106.52448,331.19,0.36,0.57,2023-01-31,0644,SNPP,SNPP,n,2,295.77,2.14,D,0
21.15279,105.04536,339.49,0.58,0.52,2023-01-31,0644,SNPP,SNPP,n,2,293.89,5.95,D,0
21.30935,106.54195,334.34,0.36,0.57,2023-01-31,0644,SNPP,SNPP,n,2,296.31,2.27,D,0
21.19528,105.16782,345.17,0.59,0.53,2023-01-31,0644,SNPP,SNPP,n,2,295.24,8.86,D,0
21.27715,104.9885,340.71,0.57,0.52,2023-01-31,0644,SNPP,SNPP,n,2,295.65,13.98,D,0
21.46378,106.45496,331.53,0.36,0.57,2023-01-31,0644,SNPP,SNPP,n,2,294.56,1.7,D,0
21.43071,105.83739,349.06,0.33,0.55,2023-01-31,0644,SNPP,SNPP,n,2,294.58,3.13,D,0
21.55469,106.72718,351.11,0.37,0.58,2023-01-31,0644,SNPP,SNPP,n,2,295.58,4.73,D,0
21.57352,106.80887,329.91,0.38,0.59,2023-01-31,0644,SNPP,SNPP,n,2,297.54,2,D,0
21.57886,106.80715,326.24,0.38,0.59,2023-01-31,0644,SNPP,SNPP,n,2,297.79,2,D,0
21.57427,106.70329,329.36,0.37,0.58,2023-01-31,0644,SNPP,SNPP,n,2,293.43,3.69,D,0
21.49794,105.78757,367,0.32,0.55,2023-01-31,0644,SNPP,SNPP,h,2,303.44,16.52,D,0
21.59281,106.72487,327.93,0.37,0.58,2023-01-31,0644,SNPP,SNPP,n,2,295.08,2.28,D,0
21.4976,105.7843,325.17,0.32,0.55,2023-01-31,0644,SNPP,SNPP,n,2,293.67,6.23,D,0
21.57788,106.46576,353.67,0.36,0.57,2023-01-31,0644,SNPP,SNPP,n,2,293.97,4.55,D,0
21.57542,106.46392,345.93,0.36,0.57,2023-01-31,0644,SNPP,SNPP,n,2,293.52,4.81,D,0
21.59644,106.45829,367,0.36,0.57,2023-01-31,0644,SNPP,SNPP,h,2,298.71,8.18,D,0
21.53661,105.73549,367,0.32,0.55,2023-01-31,0644,SNPP,SNPP,h,2,318.44,43.97,D,0
21.53629,105.73235,341.12,0.32,0.55,2023-01-31,0644,SNPP,SNPP,n,2,300.02,16.68,D,0
21.65608,106.68537,326.95,0.37,0.58,2023-01-31,0644,SNPP,SNPP,n,2,294.02,2.28,D,0
21.50727,104.96981,335.17,0.57,0.52,2023-01-31,0644,SNPP,SNPP,n,2,292.39,4.19,D,0
21.51699,105.0145,339.57,0.58,0.52,2023-01-31,0644,SNPP,SNPP,n,2,293.57,6.46,D,0
21.59174,105.62321,328.11,0.63,0.54,2023-01-31,0644,SNPP,SNPP,n,2,293.69,4.64,D,0
21.58689,105.34007,338.67,0.61,0.53,2023-01-31,0644,SNPP,SNPP,n,2,295.82,6.76,D,0
21.57259,105.38686,326.71,0.61,0.54,2023-01-31,0644,SNPP,SNPP,n,2,293.63,5.25,D,0
21.58287,105.33901,338.96,0.61,0.53,2023-01-31,0644,SNPP,SNPP,n,2,295.34,5.34,D,0
21.70064,106.27118,367,0.35,0.57,2023-01-31,0644,SNPP,SNPP,h,2,298.14,8.42,D,0
21.07494,106.58058,331.66,0.36,0.57,2023-01-31,0644,SNPP,SNPP,n,2,294.58,1.36,D,0
20.93808,105.06882,327.74,0.57,0.52,2023-01-31,0644,SNPP,SNPP,n,2,292.15,4.05,D,0
21.12035,106.8277,344.02,0.37,0.58,2023-01-31,0644,SNPP,SNPP,n,2,295.56,4.42,D,0
20.96622,105.05769,342.01,0.57,0.52,2023-01-31,0644,SNPP,SNPP,n,2,297.45,29.23,D,0
21.13909,106.52032,329.31,0.36,0.57,2023-01-31,0644,SNPP,SNPP,n,2,295.42,1.78,D,0
21.76804,105.37605,339.65,0.61,0.54,2023-01-31,0644,SNPP,SNPP,n,2,296.93,5.64,D,0
21.86561,106.11964,331.43,0.34,0.56,2023-01-31,0644,SNPP,SNPP,n,2,293.44,2.6,D,0
21.86621,106.12172,340.3,0.34,0.56,2023-01-31,0644,SNPP,SNPP,n,2,293.75,3.56,D,0
21.84822,105.772,338.84,0.33,0.55,2023-01-31,0644,SNPP,SNPP,n,2,293.3,4.71,D,0
21.90689,106.15924,336.38,0.35,0.56,2023-01-31,0644,SNPP,SNPP,n,2,294.32,3.24,D,0
21.9151,106.0274,334.07,0.34,0.56,2023-01-31,0644,SNPP,SNPP,n,2,295.1,3.96,D,0
21.83814,105.26801,328.08,0.61,0.53,2023-01-31,0644,SNPP,SNPP,n,2,294.5,4.06,D,0
21.85057,105.29118,339.85,0.61,0.53,2023-01-31,0644,SNPP,SNPP,n,2,296.64,9.56,D,0
21.94936,106.21303,367,0.35,0.57,2023-01-31,0644,SNPP,SNPP,h,2,310.03,13.51,D,0
21.94903,106.20969,333.51,0.35,0.57,2023-01-31,0644,SNPP,SNPP,n,2,293.97,13.51,D,0
21.8555,105.29031,329.37,0.61,0.53,2023-01-31,0644,SNPP,SNPP,n,2,293.11,5.75,D,0
21.94498,106.11562,367,0.34,0.56,2023-01-31,0644,SNPP,SNPP,h,2,297.78,10.12,D,0
21.88393,105.46614,340.17,0.63,0.54,2023-01-31,0644,SNPP,SNPP,n,2,296.6,8.62,D,0
21.8969,105.14847,336.65,0.6,0.53,2023-01-31,0645,SNPP,SNPP,n,2,294.07,6.79,D,0
21.8963,105.14262,325.76,0.6,0.53,2023-01-31,0645,SNPP,SNPP,n,2,295.05,4.83,D,0
21.90182,105.14796,331.7,0.6,0.53,2023-01-31,0645,SNPP,SNPP,n,2,293.89,6.79,D,0
21.90122,105.1421,331.31,0.6,0.53,2023-01-31,0645,SNPP,SNPP,n,2,293.35,4.83,D,0
21.93609,105.43665,332.64,0.62,0.54,2023-01-31,0645,SNPP,SNPP,n,2,295.21,8.2,D,0
21.74847,106.15877,297.79,0.35,0.57,2023-01-31,1913,SNPP,SNPP,n,2,283.92,0.72,N,0
21.74905,106.15598,296.69,0.35,0.57,2023-01-31,1913,SNPP,SNPP,n,2,284.35,0.77,N,0
21.01866,106.52935,306.1,0.38,0.59,2023-01-31,1913,SNPP,SNPP,n,2,290.03,1.23,N,2
21.01719,106.53016,300.62,0.38,0.59,2023-01-31,1913,SNPP,SNPP,n,2,288.75,1.19,N,2
20.40481,105.90121,299.41,0.36,0.57,2023-01-31,1913,SNPP,SNPP,n,2,288.6,0.47,N,2
20.39963,105.89983,298.68,0.36,0.57,2023-01-31,1913,SNPP,SNPP,n,2,287.01,0.89,N,2
20.34274,105.9118,299.2,0.36,0.57,2023-01-31,1914,SNPP,SNPP,n,2,286.56,0.56,N,2
20.19624,105.44458,343.28,0.47,0.4,2023-02-01,0625,SNPP,SNPP,n,2,295.57,8.43,D,0
20.23873,105.70334,338.55,0.48,0.4,2023-02-01,0625,SNPP,SNPP,n,2,295.77,10.44,D,0
20.19643,105.44601,330.88,0.47,0.4,2023-02-01,0625,SNPP,SNPP,n,2,296,6.25,D,0
20.23746,105.70516,336.1,0.48,0.4,2023-02-01,0625,SNPP,SNPP,n,2,293.66,11.74,D,0
20.22038,105.54424,330.85,0.47,0.4,2023-02-01,0625,SNPP,SNPP,n,2,294.51,3.53,D,0
20.18367,105.04369,332.92,0.45,0.39,2023-02-01,0625,SNPP,SNPP,n,2,295.46,3.29,D,0
20.3171,105.40607,327.19,0.47,0.4,2023-02-01,0625,SNPP,SNPP,n,2,297.82,2.73,D,0
20.53201,105.56647,344.92,0.48,0.4,2023-02-01,0625,SNPP,SNPP,n,2,302.62,31.82,D,0
20.53438,105.56728,334.89,0.48,0.4,2023-02-01,0625,SNPP,SNPP,n,2,294.61,6.7,D,0
20.57763,105.19093,334.28,0.46,0.39,2023-02-01,0625,SNPP,SNPP,n,2,297.45,4.73,D,0
20.91215,105.44209,345.08,0.48,0.4,2023-02-01,0625,SNPP,SNPP,n,2,296.29,5.82,D,0
20.86268,105.07101,337.13,0.46,0.39,2023-02-01,0625,SNPP,SNPP,n,2,300.78,5.75,D,0
21.04391,104.92592,331.57,0.45,0.39,2023-02-01,0625,SNPP,SNPP,n,2,298.16,5.99,D,0
21.04336,104.92181,332.55,0.45,0.39,2023-02-01,0625,SNPP,SNPP,n,2,299.22,5.99,D,0
21.10205,105.05779,334.09,0.46,0.39,2023-02-01,0625,SNPP,SNPP,n,2,295.62,5.66,D,0
21.14602,105.22137,345.8,0.47,0.4,2023-02-01,0625,SNPP,SNPP,n,2,297.57,16.33,D,0
21.12545,104.86902,344.69,0.45,0.39,2023-02-01,0625,SNPP,SNPP,n,2,300.41,8.99,D,0
21.35293,104.87885,330.36,0.45,0.39,2023-02-01,0626,SNPP,SNPP,n,2,294.39,5.83,D,0
21.6115,106.64948,334.94,0.56,0.43,2023-02-01,0626,SNPP,SNPP,n,2,293.15,7.97,D,0
21.63941,106.67886,331.94,0.56,0.43,2023-02-01,0626,SNPP,SNPP,n,2,289.67,10.7,D,0
21.63871,106.67335,334.88,0.56,0.43,2023-02-01,0626,SNPP,SNPP,n,2,289.31,8.5,D,0
21.63737,106.6767,347.8,0.56,0.43,2023-02-01,0626,SNPP,SNPP,n,2,292.93,16.59,D,0
21.48012,105.19479,331.01,0.47,0.4,2023-02-01,0626,SNPP,SNPP,n,2,295.1,1.99,D,0
21.50308,104.97568,336.4,0.46,0.39,2023-02-01,0626,SNPP,SNPP,n,2,293.57,3.37,D,0
21.70914,105.66707,326.89,0.5,0.41,2023-02-01,0626,SNPP,SNPP,n,2,295.31,2.27,D,0
21.66522,105.33158,332.27,0.48,0.4,2023-02-01,0626,SNPP,SNPP,n,2,297.37,3.77,D,0
21.71733,105.61275,330.3,0.5,0.41,2023-02-01,0626,SNPP,SNPP,n,2,293.34,2.11,D,0
21.68685,105.38132,327.36,0.48,0.4,2023-02-01,0626,SNPP,SNPP,n,2,295.81,1.86,D,0
21.71148,104.97853,326.33,0.46,0.39,2023-02-01,0626,SNPP,SNPP,n,2,293.9,0.81,D,0
21.79865,105.07747,330.64,0.47,0.4,2023-02-01,0626,SNPP,SNPP,n,2,295.48,2.4,D,0
21.88611,105.46079,344.9,0.49,0.4,2023-02-01,0626,SNPP,SNPP,n,2,297.43,10.43,D,0
21.86105,105.24046,329.36,0.48,0.4,2023-02-01,0626,SNPP,SNPP,n,2,293.97,2.62,D,0
21.88423,105.30251,327.85,0.48,0.4,2023-02-01,0626,SNPP,SNPP,n,2,294.2,2.91,D,0
21.89514,105.16229,332.3,0.47,0.4,2023-02-01,0626,SNPP,SNPP,n,2,297.44,3.76,D,0
20.82392,104.90141,333.15,0.36,0.57,2023-02-09,0535,SNPP,SNPP,n,2,290.09,4.08,D,0
20.72292,105.25536,340.76,0.46,0.47,2023-02-11,0638,SNPP,SNPP,n,2,301.59,4.42,D,0
20.93823,105.46049,331.39,0.48,0.48,2023-02-11,0638,SNPP,SNPP,n,2,299.84,3.18,D,0
21.12297,104.87679,332.73,0.44,0.46,2023-02-11,0638,SNPP,SNPP,n,2,303.98,4.64,D,0
20.13285,105.28576,332.28,0.4,0.37,2023-02-12,0619,SNPP,SNPP,n,2,301.22,3.13,D,0
20.34985,105.24406,335.46,0.4,0.37,2023-02-12,0619,SNPP,SNPP,n,2,306.22,3.83,D,0
20.43492,105.01373,331.47,0.4,0.37,2023-02-12,0619,SNPP,SNPP,n,2,304.04,2.01,D,0
20.75529,105.42655,330.36,0.41,0.37,2023-02-12,0619,SNPP,SNPP,n,2,302.8,2.08,D,0
20.8406,105.16843,334.19,0.4,0.37,2023-02-12,0619,SNPP,SNPP,n,2,305.14,5.94,D,0
20.89677,105.39314,331.26,0.41,0.37,2023-02-12,0619,SNPP,SNPP,n,2,302.1,2.3,D,0
20.92204,105.30041,334.3,0.41,0.37,2023-02-12,0619,SNPP,SNPP,l,2,306.13,3.24,D,0
20.90643,104.99236,332.53,0.4,0.37,2023-02-12,0619,SNPP,SNPP,l,2,305.05,2,D,0
21.03614,105.09846,334.26,0.4,0.37,2023-02-12,0619,SNPP,SNPP,n,2,306.24,2.84,D,0
21.68466,105.34725,332.29,0.41,0.37,2023-02-12,0619,SNPP,SNPP,n,2,299.74,0.94,D,0
21.69073,105.27315,338.22,0.41,0.37,2023-02-12,0619,SNPP,SNPP,n,2,300.83,3.83,D,0
21.73326,105.35193,341.25,0.42,0.37,2023-02-12,0619,SNPP,SNPP,n,2,299.27,3.53,D,0
20.12938,105.57241,331.7,0.44,0.38,2023-02-13,0600,SNPP,SNPP,n,2,299.53,1.35,D,0
20.42853,105.17754,339.79,0.45,0.39,2023-02-13,0600,SNPP,SNPP,n,2,303.05,3.83,D,0
20.72307,105.03519,330.56,0.45,0.39,2023-02-13,0600,SNPP,SNPP,n,2,298.18,1.56,D,0
20.74099,104.87495,339.83,0.46,0.39,2023-02-13,0600,SNPP,SNPP,n,2,303.08,5.42,D,0
21.12086,105.12146,331.28,0.45,0.39,2023-02-13,0600,SNPP,SNPP,n,2,300.01,2.4,D,0
21.61125,106.65785,346.13,0.4,0.37,2023-02-13,0600,SNPP,SNPP,n,2,309.17,35.84,D,0
21.44029,104.8903,333.53,0.45,0.39,2023-02-13,0600,SNPP,SNPP,n,2,296.82,3.74,D,0
21.67226,105.44686,331.63,0.43,0.38,2023-02-13,0601,SNPP,SNPP,n,2,297.09,3.44,D,0
21.68812,105.09029,332.71,0.44,0.38,2023-02-13,0601,SNPP,SNPP,n,2,298.73,2.39,D,0
21.87991,105.88004,337.02,0.41,0.37,2023-02-13,0601,SNPP,SNPP,n,2,299.19,3.32,D,0
21.91466,105.77072,335.35,0.42,0.37,2023-02-13,0601,SNPP,SNPP,n,2,301.94,5.78,D,0
20.28341,105.56814,346.96,0.47,0.4,2023-02-17,0625,SNPP,SNPP,n,2,295.26,7.19,D,0
20.28706,105.56755,339.9,0.47,0.4,2023-02-17,0625,SNPP,SNPP,n,2,290.47,7.19,D,0
20.51065,105.54646,339.24,0.47,0.4,2023-02-17,0625,SNPP,SNPP,n,2,285.76,6.49,D,0
20.34656,105.91342,299.05,0.54,0.42,2023-02-19,1817,SNPP,SNPP,n,2,287.37,0.64,N,2
21.07544,106.46202,335.38,0.36,0.57,2023-02-20,0529,SNPP,SNPP,n,2,289.91,3.09,D,0
21.00954,106.55648,301.29,0.33,0.55,2023-02-20,1758,SNPP,SNPP,n,2,287.81,0.27,N,0
20.52843,105.86613,303.56,0.36,0.58,2023-02-20,1758,SNPP,SNPP,n,2,287.26,1.07,N,0
20.53123,105.8642,299.2,0.36,0.58,2023-02-20,1758,SNPP,SNPP,n,2,286.85,0.44,N,2
20.53085,105.86783,298.25,0.36,0.57,2023-02-20,1758,SNPP,SNPP,n,2,286.85,0.44,N,2
20.45322,105.88696,298.42,0.36,0.57,2023-02-20,1758,SNPP,SNPP,n,2,286.86,0.67,N,0
20.40884,105.89923,304.1,0.36,0.57,2023-02-20,1758,SNPP,SNPP,n,2,287.63,0.5,N,2
20.40493,105.90088,315.57,0.36,0.57,2023-02-20,1758,SNPP,SNPP,n,2,288.67,1.29,N,2
20.3996,105.90031,301.38,0.36,0.57,2023-02-20,1758,SNPP,SNPP,n,2,286.95,1.29,N,2
20.34992,105.91181,297.82,0.36,0.57,2023-02-20,1758,SNPP,SNPP,n,2,287.03,0.39,N,2
21.062,106.76561,331.25,0.41,0.37,2023-02-23,0613,SNPP,SNPP,n,2,296.78,7.07,D,0
21.06453,106.70964,345.66,0.4,0.37,2023-02-23,0613,SNPP,SNPP,n,2,298.68,8.3,D,0
21.06398,106.70574,332.46,0.4,0.37,2023-02-23,0613,SNPP,SNPP,n,2,297.91,8.3,D,0
21.20428,106.54478,336.3,0.4,0.37,2023-02-23,0613,SNPP,SNPP,n,2,294.86,2.21,D,0
21.45028,106.45748,333.88,0.4,0.37,2023-02-23,0613,SNPP,SNPP,n,2,291.14,1.67,D,0
21.22028,106.6331,339.87,0.55,0.51,2023-02-25,0535,SNPP,SNPP,n,2,295.71,8.4,D,0
21.31141,106.39949,325.25,0.57,0.52,2023-02-25,0535,SNPP,SNPP,n,2,296.03,2.23,D,0
21.42103,106.33179,337.84,0.57,0.52,2023-02-25,0535,SNPP,SNPP,n,2,294.6,5.4,D,0
21.52112,106.7084,337.46,0.54,0.51,2023-02-25,0535,SNPP,SNPP,n,2,295.2,4.59,D,0
21.51893,106.70718,341.46,0.54,0.51,2023-02-25,0535,SNPP,SNPP,n,2,299.72,10.73,D,0
21.57673,106.70628,326.08,0.54,0.51,2023-02-25,0535,SNPP,SNPP,n,2,291.66,8.85,D,0
21.57569,106.7011,340.7,0.54,0.51,2023-02-25,0535,SNPP,SNPP,n,2,294.68,11.89,D,0
21.6968,105.31401,336.06,0.33,0.55,2023-02-25,0535,SNPP,SNPP,n,2,290.2,3.54,D,0
21.92552,105.78443,325.62,0.61,0.53,2023-02-25,0535,SNPP,SNPP,n,2,293.7,2.82,D,0
21.87312,105.19427,338.93,0.33,0.55,2023-02-25,0536,SNPP,SNPP,n,2,293.54,2.69,D,0
21.57223,106.39545,324.6,0.55,0.51,2023-02-25,1804,SNPP,SNPP,n,2,285.81,2.12,N,0
21.57154,106.4016,296.3,0.55,0.51,2023-02-25,1804,SNPP,SNPP,n,2,285.08,2.12,N,0
20.53197,105.86603,300.71,0.57,0.52,2023-02-25,1804,SNPP,SNPP,n,2,286.74,1.25,N,2
20.45283,105.88387,296.42,0.57,0.52,2023-02-25,1804,SNPP,SNPP,n,2,286.42,0.81,N,0
20.40718,105.89967,302.19,0.57,0.52,2023-02-25,1804,SNPP,SNPP,n,2,286.9,1.26,N,2
20.34765,105.91142,296.86,0.57,0.52,2023-02-25,1804,SNPP,SNPP,n,2,286.1,0.63,N,2
21.02614,106.82552,327.15,0.54,0.68,2023-02-26,0516,SNPP,SNPP,n,2,290.22,2.65,D,0
20.69013,104.94882,331.84,0.71,0.75,2023-02-26,0516,SNPP,SNPP,n,2,290.95,5.84,D,0
21.14672,106.66152,367,0.55,0.68,2023-02-26,0516,SNPP,SNPP,h,2,296.44,26.25,D,0
21.24038,106.78265,336.16,0.54,0.68,2023-02-26,0516,SNPP,SNPP,n,2,289.54,4.65,D,0
21.23874,106.77548,327.45,0.54,0.68,2023-02-26,0516,SNPP,SNPP,n,2,291.12,4.65,D,0
21.23862,106.7815,340.15,0.54,0.68,2023-02-26,0516,SNPP,SNPP,n,2,291.08,6.6,D,0
21.74709,106.30155,339.15,0.56,0.69,2023-02-26,0517,SNPP,SNPP,n,2,289.71,9.11,D,0
21.75049,106.30364,348.22,0.56,0.69,2023-02-26,0517,SNPP,SNPP,n,2,291.25,7.64,D,0
21.88761,105.74852,327.64,0.6,0.71,2023-02-26,0517,SNPP,SNPP,n,2,289.45,3.95,D,0
21.94945,105.66438,325.71,0.61,0.71,2023-02-26,0517,SNPP,SNPP,n,2,289.28,3.92,D,0
21.87109,105.46467,329.32,0.63,0.72,2023-02-26,0517,SNPP,SNPP,n,2,288.59,5.13,D,0
21.94825,105.66444,328.07,0.61,0.71,2023-02-26,0517,SNPP,SNPP,n,2,288.89,3.06,D,0
21.92215,105.44621,367,0.63,0.72,2023-02-26,0517,SNPP,SNPP,h,2,291.55,16.28,D,0
20.15426,105.76853,328.08,0.49,0.65,2023-02-26,0657,SNPP,SNPP,n,2,293.78,4.06,D,0
20.2352,105.51563,325.39,0.48,0.64,2023-02-26,0657,SNPP,SNPP,n,2,293.66,3.44,D,0
20.18239,105.29939,325.6,0.46,0.64,2023-02-26,0657,SNPP,SNPP,n,2,291.04,2.49,D,0
20.23764,105.51683,333.13,0.48,0.64,2023-02-26,0657,SNPP,SNPP,n,2,292.89,3.19,D,0
20.2639,105.08553,331.97,0.45,0.63,2023-02-26,0657,SNPP,SNPP,n,2,291.74,2.83,D,0
20.26802,105.0815,335.08,0.45,0.63,2023-02-26,0657,SNPP,SNPP,n,2,291.39,5.12,D,0
20.53608,105.62244,329.19,0.49,0.65,2023-02-26,0657,SNPP,SNPP,n,2,294.1,2.38,D,0
20.53652,105.62282,327.53,0.49,0.65,2023-02-26,0657,SNPP,SNPP,n,2,293.9,4.1,D,0
21.02716,106.82318,367,0.59,0.7,2023-02-26,0657,SNPP,SNPP,h,2,292.88,9.56,D,0
21.02676,106.81824,341.01,0.59,0.7,2023-02-26,0657,SNPP,SNPP,n,2,290.46,9.56,D,0
21.08305,105.22964,342.42,0.47,0.64,2023-02-26,0657,SNPP,SNPP,n,2,291.13,6.56,D,0
21.19979,105.09278,332.9,0.46,0.63,2023-02-26,0657,SNPP,SNPP,n,2,293.31,3.14,D,0
21.21472,104.99575,367,0.45,0.63,2023-02-26,0657,SNPP,SNPP,h,2,295.3,6.95,D,0
21.21337,104.99451,367,0.45,0.63,2023-02-26,0657,SNPP,SNPP,h,2,295.16,8.68,D,0
21.56374,106.7482,336.08,0.59,0.7,2023-02-26,0657,SNPP,SNPP,n,2,291.47,7.21,D,0
21.55327,106.38242,325.24,0.56,0.69,2023-02-26,0657,SNPP,SNPP,n,2,290.77,2.33,D,0
21.5735,106.54677,344.24,0.57,0.69,2023-02-26,0657,SNPP,SNPP,n,2,290.8,6.39,D,0
21.56266,106.74592,352.33,0.59,0.7,2023-02-26,0657,SNPP,SNPP,n,2,292.5,8.16,D,0
21.55485,106.3841,333.77,0.56,0.69,2023-02-26,0657,SNPP,SNPP,n,2,290.57,3.07,D,0
21.57369,106.54426,349.9,0.57,0.69,2023-02-26,0657,SNPP,SNPP,n,2,290.72,8.04,D,0
21.57354,105.68281,329.35,0.5,0.66,2023-02-26,0657,SNPP,SNPP,n,2,291.77,1.84,D,0
21.67916,106.63627,350.41,0.58,0.7,2023-02-26,0657,SNPP,SNPP,n,2,292.02,7.03,D,0
21.56383,105.22652,330.78,0.47,0.64,2023-02-26,0657,SNPP,SNPP,n,2,291.59,2.61,D,0
21.67837,106.63815,336.12,0.58,0.7,2023-02-26,0657,SNPP,SNPP,n,2,290.31,8.99,D,0
21.56592,105.22659,335.71,0.47,0.64,2023-02-26,0657,SNPP,SNPP,n,2,291.67,3.14,D,0
21.57948,105.24411,350.16,0.47,0.64,2023-02-26,0657,SNPP,SNPP,n,2,292.94,5.59,D,0
21.58542,105.24281,349.05,0.47,0.64,2023-02-26,0657,SNPP,SNPP,n,2,289.94,5.59,D,0
21.62149,105.24038,367,0.47,0.64,2023-02-26,0657,SNPP,SNPP,h,2,294.23,12.43,D,0
21.64314,105.41976,339.29,0.49,0.65,2023-02-26,0657,SNPP,SNPP,n,2,291.53,3.84,D,0
21.62895,105.05283,348.52,0.46,0.64,2023-02-26,0657,SNPP,SNPP,n,2,292.11,4.09,D,0
21.74959,106.30537,367,0.56,0.68,2023-02-26,0657,SNPP,SNPP,h,2,294.82,14.49,D,0
21.63253,105.05152,341.48,0.46,0.64,2023-02-26,0657,SNPP,SNPP,n,2,291.22,6.66,D,0
21.75129,106.30527,349.83,0.56,0.68,2023-02-26,0657,SNPP,SNPP,n,2,292.81,16.17,D,0
21.71937,105.51201,340.23,0.49,0.65,2023-02-26,0657,SNPP,SNPP,n,2,293.24,5.84,D,0
21.78702,106.18717,367,0.55,0.68,2023-02-26,0657,SNPP,SNPP,h,2,292.64,9.58,D,0
21.84735,105.49689,343.55,0.49,0.65,2023-02-26,0657,SNPP,SNPP,n,2,290.02,3.6,D,0
21.85348,105.49666,330.44,0.49,0.65,2023-02-26,0657,SNPP,SNPP,n,2,290.95,3.6,D,0
21.88126,105.18625,341.79,0.47,0.64,2023-02-26,0657,SNPP,SNPP,n,2,293.19,4.19,D,0
21.88424,105.18718,333.53,0.47,0.64,2023-02-26,0657,SNPP,SNPP,n,2,290.25,3.55,D,0
20.45246,105.88359,296.05,0.58,0.7,2023-02-26,1746,SNPP,SNPP,n,2,284.88,0.83,N,0
20.45321,105.88401,296.91,0.58,0.7,2023-02-26,1746,SNPP,SNPP,n,2,285.27,0.72,N,0
20.33949,105.91039,295.66,0.57,0.69,2023-02-26,1746,SNPP,SNPP,n,2,284.64,0.69,N,2
21.41415,106.42458,332.23,0.57,0.69,2023-02-26,1926,SNPP,SNPP,n,2,282.81,5.81,N,0
21.00898,106.55585,295.35,0.59,0.7,2023-02-26,1926,SNPP,SNPP,n,2,284.84,0.8,N,0
21.00837,106.55569,295.27,0.59,0.7,2023-02-26,1926,SNPP,SNPP,n,2,284.58,0.76,N,0
20.34161,105.91253,296.14,0.56,0.69,2023-02-26,1926,SNPP,SNPP,n,2,284.38,0.62,N,2
20.2534,105.52674,333.49,0.47,0.48,2023-02-27,0638,SNPP,SNPP,n,2,296.51,2.21,D,0
20.32018,105.52304,335.68,0.47,0.48,2023-02-27,0638,SNPP,SNPP,n,2,296.98,5.3,D,0
20.30875,105.31554,328,0.46,0.47,2023-02-27,0638,SNPP,SNPP,n,2,296.93,2.26,D,0
20.43587,105.4864,329.64,0.47,0.48,2023-02-27,0638,SNPP,SNPP,n,2,297.4,1.74,D,0
20.43539,105.48771,328.91,0.47,0.48,2023-02-27,0638,SNPP,SNPP,n,2,296.81,2.72,D,0
20.44121,105.07633,327.77,0.44,0.46,2023-02-27,0638,SNPP,SNPP,n,2,293.64,2.91,D,0
20.70923,105.24012,335.36,0.46,0.47,2023-02-27,0638,SNPP,SNPP,n,2,298.14,3.5,D,0
20.79401,105.43569,333.75,0.47,0.48,2023-02-27,0638,SNPP,SNPP,n,2,296.38,2.11,D,0
20.79842,105.43503,340.44,0.47,0.48,2023-02-27,0638,SNPP,SNPP,n,2,295.29,9.63,D,0
20.79906,105.21011,333.42,0.46,0.47,2023-02-27,0638,SNPP,SNPP,n,2,295.26,4,D,0
20.96847,104.97955,340.4,0.44,0.46,2023-02-27,0638,SNPP,SNPP,n,2,298.46,4.68,D,0
21.23849,105.83692,341.32,0.51,0.49,2023-02-27,0638,SNPP,SNPP,n,2,298.35,6.37,D,0
21.44875,105.80963,329.84,0.51,0.49,2023-02-27,0638,SNPP,SNPP,n,2,294.86,2.65,D,0
21.51933,106.38255,327.28,0.55,0.51,2023-02-27,0638,SNPP,SNPP,n,2,292.81,5.06,D,0
21.52408,106.38197,326.93,0.55,0.51,2023-02-27,0638,SNPP,SNPP,n,2,290.02,3.27,D,0
21.51324,105.50468,331.61,0.49,0.48,2023-02-27,0638,SNPP,SNPP,n,2,292.49,3.28,D,0
21.66572,106.00452,340.26,0.53,0.5,2023-02-27,0638,SNPP,SNPP,n,2,289.86,7.28,D,0
21.59604,105.0116,339.46,0.45,0.47,2023-02-27,0638,SNPP,SNPP,n,2,295.51,5.56,D,0
21.7497,106.27732,336.99,0.55,0.51,2023-02-27,0638,SNPP,SNPP,n,2,295.83,5.31,D,0
21.69802,105.6762,340.11,0.5,0.49,2023-02-27,0638,SNPP,SNPP,n,2,295.24,6.89,D,0
21.62954,105.03425,325.28,0.46,0.47,2023-02-27,0638,SNPP,SNPP,n,2,293.08,1.26,D,0
21.6681,105.29142,328.19,0.47,0.48,2023-02-27,0638,SNPP,SNPP,n,2,293.13,3.93,D,0
21.80399,106.09888,339.78,0.54,0.5,2023-02-27,0638,SNPP,SNPP,n,2,293.3,12.3,D,0
21.80348,106.09414,335.37,0.54,0.5,2023-02-27,0638,SNPP,SNPP,n,2,293.2,12.3,D,0
21.72498,105.28587,328.43,0.47,0.48,2023-02-27,0638,SNPP,SNPP,n,2,294.91,2.39,D,0
21.94589,106.75156,335.32,0.59,0.53,2023-02-27,0638,SNPP,SNPP,n,2,295.21,4.32,D,0
21.92386,106.28034,330.2,0.55,0.51,2023-02-27,0638,SNPP,SNPP,n,2,293.04,3.6,D,0
21.94818,106.75474,344.71,0.59,0.53,2023-02-27,0638,SNPP,SNPP,n,2,296.22,9.24,D,0
21.92459,106.28262,329.1,0.55,0.51,2023-02-27,0638,SNPP,SNPP,n,2,291.94,4.09,D,0
21.84109,105.25164,355.22,0.47,0.48,2023-02-27,0638,SNPP,SNPP,n,2,295.77,14.35,D,0
21.80885,104.9277,336.25,0.45,0.47,2023-02-27,0638,SNPP,SNPP,n,2,293.61,3.72,D,0
21.88947,105.08896,325.25,0.46,0.47,2023-02-27,0638,SNPP,SNPP,n,2,292.86,2.32,D,0
21.94523,105.52969,340.7,0.49,0.49,2023-02-27,0638,SNPP,SNPP,n,2,293.55,6.11,D,0
21.88515,105.08701,336.29,0.46,0.47,2023-02-27,0638,SNPP,SNPP,n,2,296.55,3.75,D,0
21.92374,105.03494,331.16,0.46,0.47,2023-02-27,0638,SNPP,SNPP,n,2,291.24,3.46,D,0
21.92816,105.03474,333,0.46,0.47,2023-02-27,0638,SNPP,SNPP,n,2,293.09,4.29,D,0
21.92768,105.03053,327.53,0.46,0.47,2023-02-27,0638,SNPP,SNPP,n,2,292.26,2.6,D,0
21.48644,106.2697,295.21,0.56,0.52,2023-02-27,1907,SNPP,SNPP,n,2,283.7,0.76,N,0
21.55853,105.87038,299.09,0.53,0.5,2023-02-27,1907,SNPP,SNPP,n,2,285.12,0.56,N,2
21.47702,106.26756,295.1,0.56,0.52,2023-02-27,1907,SNPP,SNPP,n,2,284.76,0.86,N,0
21.04919,106.82832,297.78,0.62,0.54,2023-02-27,1907,SNPP,SNPP,n,2,284.51,1.1,N,0
21.04544,106.82162,300.88,0.62,0.54,2023-02-27,1907,SNPP,SNPP,n,2,283.49,1.1,N,0
21.04428,106.82714,305.62,0.62,0.54,2023-02-27,1907,SNPP,SNPP,n,2,284.05,1.1,N,0
20.39895,105.90244,300.08,0.56,0.52,2023-02-27,1907,SNPP,SNPP,n,2,287.08,0.76,N,2
20.34292,105.91195,296.16,0.56,0.52,2023-02-27,1907,SNPP,SNPP,n,2,285.81,0.62,N,2
20.15037,105.35441,328.55,0.4,0.37,2023-02-28,0619,SNPP,SNPP,n,2,297.53,1.73,D,0
20.2133,105.52687,332.54,0.41,0.37,2023-02-28,0619,SNPP,SNPP,n,2,296.07,4.22,D,0
20.32628,105.41753,331.57,0.41,0.37,2023-02-28,0619,SNPP,SNPP,n,2,298.74,3.94,D,0
20.32657,105.41765,331.05,0.41,0.37,2023-02-28,0619,SNPP,SNPP,n,2,298.22,5.31,D,0
20.49521,105.60309,332.05,0.41,0.37,2023-02-28,0619,SNPP,SNPP,n,2,295.83,2.99,D,0
20.56356,105.39483,331.69,0.41,0.37,2023-02-28,0619,SNPP,SNPP,n,2,296.42,2.47,D,0
20.59441,105.34247,329.84,0.41,0.37,2023-02-28,0619,SNPP,SNPP,n,2,296.09,1.92,D,0
20.71433,104.93713,336.11,0.4,0.37,2023-02-28,0619,SNPP,SNPP,n,2,301.25,3.11,D,0
20.77315,105.01049,328.74,0.4,0.37,2023-02-28,0619,SNPP,SNPP,n,2,295.87,2.36,D,0
20.9392,105.56708,332.22,0.41,0.37,2023-02-28,0619,SNPP,SNPP,n,2,297.79,4.39,D,0
20.93864,105.56309,335.5,0.41,0.37,2023-02-28,0619,SNPP,SNPP,n,2,299.83,4.4,D,0
20.8608,104.87099,338.09,0.4,0.37,2023-02-28,0619,SNPP,SNPP,n,2,304.18,4.59,D,0
20.98679,105.06608,331.32,0.4,0.37,2023-02-28,0619,SNPP,SNPP,n,2,296.68,3.54,D,0
20.98625,105.06234,332.56,0.4,0.37,2023-02-28,0619,SNPP,SNPP,n,2,298.68,3.54,D,0
21.27008,105.17287,337.93,0.41,0.37,2023-02-28,0619,SNPP,SNPP,n,2,296.98,3.63,D,0
21.27689,105.00027,330.67,0.4,0.37,2023-02-28,0619,SNPP,SNPP,n,2,296.16,1.46,D,0
21.57485,106.74283,332.91,0.46,0.39,2023-02-28,0619,SNPP,SNPP,n,2,298.27,3.06,D,0
21.59742,106.01235,328.31,0.43,0.38,2023-02-28,0619,SNPP,SNPP,n,2,294.98,0.96,D,0
21.48112,104.99123,332.82,0.4,0.37,2023-02-28,0619,SNPP,SNPP,n,2,295.65,4.18,D,0
21.66132,106.19303,331.83,0.44,0.38,2023-02-28,0619,SNPP,SNPP,n,2,296.63,3.23,D,0
21.66419,106.00202,342.27,0.43,0.38,2023-02-28,0619,SNPP,SNPP,n,2,301.27,12.12,D,0
21.59041,105.46952,331.16,0.42,0.37,2023-02-28,0619,SNPP,SNPP,n,2,297.83,2.51,D,0
21.66772,106.00156,343.31,0.43,0.38,2023-02-28,0619,SNPP,SNPP,n,2,296.99,12.12,D,0
21.59219,105.40726,333.56,0.41,0.37,2023-02-28,0619,SNPP,SNPP,n,2,294.19,3.25,D,0
21.51857,104.86588,336.3,0.4,0.37,2023-02-28,0619,SNPP,SNPP,n,2,298.33,3.53,D,0
21.52192,104.86519,337.66,0.4,0.37,2023-02-28,0619,SNPP,SNPP,n,2,298.35,3.53,D,0
21.57772,104.8612,335.83,0.4,0.37,2023-02-28,0619,SNPP,SNPP,n,2,293.39,3.54,D,0
21.6151,105.00214,332.19,0.4,0.37,2023-02-28,0619,SNPP,SNPP,n,2,296.01,2.57,D,0
21.74635,105.71135,332.64,0.42,0.38,2023-02-28,0619,SNPP,SNPP,n,2,297.53,2.51,D,0
21.75097,105.71901,336,0.42,0.38,2023-02-28,0619,SNPP,SNPP,n,2,296.9,3.15,D,0
21.77701,105.69423,328.74,0.42,0.38,2023-02-28,0619,SNPP,SNPP,n,2,295.47,2.09,D,0
21.78057,105.53939,332.59,0.42,0.38,2023-02-28,0619,SNPP,SNPP,n,2,293.41,3.85,D,0
21.92432,106.49577,326.77,0.46,0.39,2023-02-28,0619,SNPP,SNPP,n,2,295.99,1.97,D,0
21.83482,105.07815,329.26,0.41,0.37,2023-02-28,0619,SNPP,SNPP,n,2,293.58,3.18,D,0
21.93023,105.43276,329.11,0.42,0.37,2023-02-28,0619,SNPP,SNPP,n,2,296.22,3.97,D,0
21.9118,105.22752,331.75,0.41,0.37,2023-02-28,0619,SNPP,SNPP,n,2,296.72,2.4,D,0
21.94934,105.35219,326.13,0.41,0.37,2023-02-28,0619,SNPP,SNPP,n,2,298.55,1.58,D,0
21.55793,105.8672,306.29,0.44,0.38,2023-02-28,1848,SNPP,SNPP,n,2,288.74,0.89,N,2
20.45339,105.88575,302.33,0.45,0.39,2023-02-28,1848,SNPP,SNPP,n,2,289.37,0.82,N,0
20.40691,105.8989,300.41,0.45,0.39,2023-02-28,1848,SNPP,SNPP,n,2,289.93,0.85,N,2
20.39903,105.90179,305.25,0.45,0.39,2023-02-28,1848,SNPP,SNPP,n,2,290.01,0.95,N,2
20.34173,105.91285,301.44,0.45,0.39,2023-02-28,1848,SNPP,SNPP,n,2,288.6,0.57,N,2
21.59015,106.84255,352.15,0.42,0.45,2023-03-02,0542,SNPP,SNPP,n,2,294.29,7.58,D,0
21.34758,105.11288,337.4,0.55,0.51,2023-03-02,0542,SNPP,SNPP,n,2,290.35,2.79,D,0
21.01911,106.53047,301.57,0.42,0.45,2023-03-02,1811,SNPP,SNPP,n,2,290.83,0.86,N,2
21.01835,106.53184,301.04,0.42,0.45,2023-03-02,1811,SNPP,SNPP,n,2,290.29,1.72,N,2
21.01792,105.73787,298.36,0.47,0.48,2023-03-02,1811,SNPP,SNPP,n,2,287.34,0.39,N,0
20.53121,105.86537,302.49,0.46,0.47,2023-03-02,1811,SNPP,SNPP,n,2,289.06,0.82,N,2
20.4537,105.88605,301.5,0.45,0.47,2023-03-02,1811,SNPP,SNPP,n,2,288.77,0.75,N,0
20.45215,105.88768,302.13,0.45,0.47,2023-03-02,1811,SNPP,SNPP,n,2,288.81,1,N,0
20.40667,105.89919,308.41,0.45,0.47,2023-03-02,1811,SNPP,SNPP,n,2,289.12,1.08,N,2
20.39748,105.90237,302.04,0.45,0.47,2023-03-02,1811,SNPP,SNPP,n,2,288.93,0.77,N,2
20.34783,105.91306,300.92,0.45,0.47,2023-03-02,1811,SNPP,SNPP,n,2,288.88,0.41,N,2
21.76885,106.33081,332.99,0.7,0.75,2023-03-03,0703,SNPP,SNPP,n,2,285.13,10.69,D,0
21.5597,105.86929,297.3,0.33,0.56,2023-03-04,1913,SNPP,SNPP,n,2,285.15,0.66,N,2
21.02226,106.5311,300.14,0.38,0.58,2023-03-04,1913,SNPP,SNPP,n,2,285.74,0.68,N,0
21.01695,106.52978,304.86,0.38,0.58,2023-03-04,1913,SNPP,SNPP,n,2,286.26,0.68,N,2
21.0202,106.53162,305.2,0.38,0.58,2023-03-04,1913,SNPP,SNPP,n,2,286.33,0.85,N,2
21.00943,106.5555,299.69,0.38,0.59,2023-03-04,1913,SNPP,SNPP,n,2,286.53,0.61,N,0
20.90249,105.68873,299.77,0.33,0.56,2023-03-04,1913,SNPP,SNPP,n,2,285.56,0.47,N,0
20.39954,105.9027,299,0.35,0.57,2023-03-04,1914,SNPP,SNPP,n,2,286.39,0.37,N,2
20.39942,105.90282,299.48,0.35,0.57,2023-03-04,1914,SNPP,SNPP,n,2,286.47,0.35,N,2
20.9761,105.68078,331.46,0.49,0.4,2023-03-05,0625,SNPP,SNPP,n,2,297.61,2.17,D,0
20.20017,105.58707,336.53,0.47,0.4,2023-03-05,0625,SNPP,SNPP,n,2,293.54,5.76,D,0
20.17586,105.348,334.85,0.46,0.39,2023-03-05,0625,SNPP,SNPP,n,2,293.89,4.82,D,0
20.45902,105.66353,336.62,0.48,0.4,2023-03-05,0625,SNPP,SNPP,n,2,294.72,6.73,D,0
20.46946,105.04971,332.42,0.45,0.39,2023-03-05,0625,SNPP,SNPP,n,2,294.66,2.74,D,0
21.09815,105.14061,335.15,0.46,0.39,2023-03-05,0626,SNPP,SNPP,n,2,299.1,9.38,D,0
21.49224,106.48629,330.73,0.54,0.42,2023-03-05,0626,SNPP,SNPP,n,2,293.97,4.31,D,0
21.52483,106.71944,331.36,0.56,0.43,2023-03-05,0626,SNPP,SNPP,n,2,293.14,5.11,D,0
21.49258,105.75401,342.91,0.5,0.41,2023-03-05,0626,SNPP,SNPP,n,2,303.49,17.31,D,0
21.45466,105.45699,339.51,0.48,0.4,2023-03-05,0626,SNPP,SNPP,n,2,297.22,7.94,D,0
21.56054,106.10925,333.4,0.52,0.41,2023-03-05,0626,SNPP,SNPP,n,2,295.7,5.13,D,0
21.52754,105.69965,334.85,0.49,0.4,2023-03-05,0626,SNPP,SNPP,n,2,296.93,3.58,D,0
21.58406,106.04958,335.87,0.51,0.41,2023-03-05,0626,SNPP,SNPP,n,2,298.22,8.21,D,0
21.53339,105.06689,331.53,0.46,0.39,2023-03-05,0626,SNPP,SNPP,n,2,295.46,4.38,D,0
21.61975,105.70207,333.36,0.49,0.41,2023-03-05,0626,SNPP,SNPP,n,2,294.32,3.15,D,0
21.80568,105.4481,332.97,0.48,0.4,2023-03-05,0626,SNPP,SNPP,n,2,296.97,5.39,D,0
20.53189,105.86571,299.5,0.54,0.42,2023-03-05,1855,SNPP,SNPP,n,2,288.65,0.98,N,2
20.40096,105.90095,299.85,0.54,0.42,2023-03-05,1855,SNPP,SNPP,n,2,288.87,0.91,N,2
20.1937,105.26174,331.85,0.4,0.37,2023-03-06,0606,SNPP,SNPP,n,2,296.54,3.45,D,0
20.19707,105.26116,341.79,0.4,0.37,2023-03-06,0606,SNPP,SNPP,n,2,294.84,3.45,D,0
20.68023,105.25713,334.1,0.4,0.37,2023-03-06,0607,SNPP,SNPP,n,2,295.27,2.89,D,0
20.91985,105.50503,334.4,0.39,0.36,2023-03-06,0607,SNPP,SNPP,n,2,293.04,3.53,D,0
21.23396,106.83077,330.68,0.38,0.36,2023-03-06,0607,SNPP,SNPP,n,2,293.26,2.18,D,0
21.23728,106.8302,332.33,0.38,0.36,2023-03-06,0607,SNPP,SNPP,n,2,294.56,2.99,D,0
21.5819,106.31152,338.15,0.38,0.36,2023-03-06,0607,SNPP,SNPP,n,2,292.39,4.14,D,0
21.45414,105.39204,341.02,0.39,0.36,2023-03-06,0607,SNPP,SNPP,n,2,295.25,5.81,D,0
21.53881,105.73167,335.27,0.39,0.36,2023-03-06,0607,SNPP,SNPP,n,2,300.88,3.62,D,0
21.54213,105.73107,331.78,0.39,0.36,2023-03-06,0607,SNPP,SNPP,n,2,294.48,7.25,D,0
21.631,106.21506,334.46,0.38,0.36,2023-03-06,0607,SNPP,SNPP,n,2,297.11,4.94,D,0
21.53131,105.35862,332.52,0.39,0.36,2023-03-06,0607,SNPP,SNPP,n,2,297.58,2.3,D,0
21.75183,106.14032,334.22,0.38,0.36,2023-03-06,0607,SNPP,SNPP,n,2,296.01,4.94,D,0
21.68756,105.23693,330.08,0.39,0.36,2023-03-06,0607,SNPP,SNPP,n,2,294,0.8,D,0
21.81872,105.80815,338.89,0.39,0.36,2023-03-06,0607,SNPP,SNPP,n,2,299.87,4.53,D,0
21.88876,105.11774,339.56,0.4,0.37,2023-03-06,0607,SNPP,SNPP,n,2,294.75,4.07,D,0
20.92364,106.72682,302.41,0.5,0.41,2023-03-07,1817,SNPP,SNPP,n,2,288.26,0.8,N,0
20.77947,106.62835,301.95,0.5,0.41,2023-03-07,1817,SNPP,SNPP,n,2,289,0.53,N,0
21.93911,106.26514,333.9,0.69,0.75,2023-03-09,0511,SNPP,SNPP,n,2,289.9,8.98,D,0
21.93231,106.26474,332.57,0.69,0.74,2023-03-09,0511,SNPP,SNPP,n,2,290.4,3.92,D,0
20.15363,105.68678,331.92,0.39,0.59,2023-03-09,0651,SNPP,SNPP,n,2,291.71,1.74,D,0
21.55414,106.75428,338.01,0.47,0.64,2023-03-09,0651,SNPP,SNPP,n,2,294.66,5.52,D,0
21.55097,106.75629,334.32,0.47,0.64,2023-03-09,0651,SNPP,SNPP,n,2,294.55,2.51,D,0
21.48609,105.74908,337.64,0.4,0.6,2023-03-09,0651,SNPP,SNPP,n,2,293.45,2.15,D,0
21.81294,105.55618,329.12,0.4,0.6,2023-03-09,0651,SNPP,SNPP,n,2,294.27,2.15,D,0
21.94926,106.28073,352.72,0.44,0.62,2023-03-09,0651,SNPP,SNPP,n,2,293.48,6.31,D,0
21.9489,106.27657,335.77,0.44,0.62,2023-03-09,0651,SNPP,SNPP,n,2,292.01,6.31,D,0
21.56096,105.86905,298.58,0.42,0.61,2023-03-09,1920,SNPP,SNPP,n,2,288.4,0.39,N,2
21.0184,106.52854,300.64,0.47,0.64,2023-03-09,1920,SNPP,SNPP,n,2,289.6,1.17,N,2
20.39818,105.90102,301.99,0.45,0.63,2023-03-09,1920,SNPP,SNPP,n,2,290.19,0.6,N,2
21.17515,105.18358,335.39,0.56,0.43,2023-03-10,0632,SNPP,SNPP,n,2,291.55,4.95,D,0
21.53803,105.5246,341.92,0.39,0.44,2023-03-10,0632,SNPP,SNPP,n,2,293.11,3.54,D,0
21.94815,106.03184,332.6,0.43,0.46,2023-03-10,0632,SNPP,SNPP,n,2,293.46,8.32,D,0
21.94766,106.02769,337.61,0.43,0.46,2023-03-10,0632,SNPP,SNPP,n,2,295.17,8.32,D,0
20.18127,105.71974,329.18,0.39,0.44,2023-03-10,0632,SNPP,SNPP,n,2,297.95,3.3,D,0
20.27846,105.47167,332.4,0.56,0.43,2023-03-10,0632,SNPP,SNPP,n,2,296.02,5.68,D,0
20.57738,105.38717,335.33,0.56,0.43,2023-03-10,0632,SNPP,SNPP,n,2,294.91,10.79,D,0
20.95849,105.77296,331.67,0.4,0.44,2023-03-10,0632,SNPP,SNPP,n,2,297.78,2.69,D,0
20.99891,104.9776,331.69,0.54,0.42,2023-03-10,0632,SNPP,SNPP,n,2,296.25,4.06,D,0
21.1998,106.53739,354.18,0.45,0.47,2023-03-10,0632,SNPP,SNPP,n,2,302.7,23.33,D,0
21.20413,106.53703,348.21,0.45,0.47,2023-03-10,0632,SNPP,SNPP,n,2,294.89,23.33,D,0
21.2018,106.53802,341.3,0.45,0.47,2023-03-10,0632,SNPP,SNPP,n,2,301.82,26.44,D,0
21.20132,106.53372,332.68,0.45,0.47,2023-03-10,0632,SNPP,SNPP,n,2,296.01,26.44,D,0
20.52498,105.59798,298.3,0.43,0.46,2023-03-10,1901,SNPP,SNPP,n,2,287.48,0.46,N,0
20.34781,105.91244,304.49,0.4,0.37,2023-03-11,1842,SNPP,SNPP,n,2,291.13,0.68,N,2
20.34107,105.91118,303.7,0.4,0.37,2023-03-11,1842,SNPP,SNPP,n,2,291.04,0.66,N,2
21.09351,106.62686,331.9,0.55,0.68,2023-03-14,0517,SNPP,SNPP,n,2,287.96,3.19,D,0
20.51627,105.59761,326.92,0.49,0.65,2023-03-14,0657,SNPP,SNPP,n,2,294.08,7.5,D,0
20.51669,105.60236,357.31,0.49,0.65,2023-03-14,0657,SNPP,SNPP,l,2,294.01,7.5,D,0
20.94036,105.28591,330.84,0.47,0.64,2023-03-14,0657,SNPP,SNPP,n,2,287.66,4.92,D,0
21.12149,106.80962,329.04,0.59,0.7,2023-03-14,0657,SNPP,SNPP,n,2,286.56,3.4,D,0
21.03429,105.25629,332.05,0.47,0.64,2023-03-14,0657,SNPP,SNPP,n,2,291.48,4.42,D,0
21.232,106.55295,348.92,0.57,0.69,2023-03-14,0657,SNPP,SNPP,n,2,289.18,7.29,D,0
21.88154,105.2505,326.17,0.48,0.65,2023-03-14,0657,SNPP,SNPP,n,2,290.5,2.6,D,0
21.28265,106.69142,351.34,0.58,0.7,2023-03-14,0657,SNPP,SNPP,n,2,288.02,13.62,D,0
21.28323,106.69843,356.86,0.58,0.7,2023-03-14,0657,SNPP,SNPP,l,2,289.26,13.62,D,0
21.57258,105.47213,338.03,0.49,0.65,2023-03-14,0657,SNPP,SNPP,n,2,291.87,4.28,D,0
21.58361,104.88393,326.76,0.45,0.63,2023-03-14,0657,SNPP,SNPP,n,2,289.25,2.73,D,0
21.72775,105.6311,329.64,0.5,0.66,2023-03-14,0657,SNPP,SNPP,n,2,290.3,3.15,D,0
21.84988,105.83035,342.49,0.52,0.67,2023-03-14,0657,SNPP,SNPP,n,2,290.71,5.85,D,0
21.77094,104.93848,331.2,0.46,0.63,2023-03-14,0657,SNPP,SNPP,n,2,288.71,3.13,D,0
21.76844,104.93857,333.7,0.46,0.63,2023-03-14,0657,SNPP,SNPP,n,2,289.35,2.98,D,0
21.84736,105.83054,332.21,0.52,0.67,2023-03-14,0657,SNPP,SNPP,n,2,290.72,4.92,D,0
21.78584,104.93295,326.46,0.46,0.63,2023-03-14,0657,SNPP,SNPP,n,2,288.85,2.57,D,0
21.84314,105.25215,330.71,0.48,0.65,2023-03-14,0657,SNPP,SNPP,n,2,288.5,4.47,D,0
21.87954,105.25135,339.78,0.48,0.65,2023-03-14,0657,SNPP,SNPP,n,2,292.38,5.17,D,0
20.39945,105.9014,298.2,0.57,0.69,2023-03-14,1746,SNPP,SNPP,n,2,287.28,0.89,N,2
20.34183,105.91302,298.3,0.56,0.69,2023-03-14,1926,SNPP,SNPP,n,2,287.11,0.71,N,2
20.74158,105.55357,337.18,0.41,0.37,2023-03-16,0619,SNPP,SNPP,n,2,297.06,3.57,D,0
21.31592,106.29971,332.72,0.44,0.39,2023-03-16,0620,SNPP,SNPP,n,2,295.85,2.15,D,0
21.5039,106.04723,332.92,0.44,0.38,2023-03-16,0620,SNPP,SNPP,n,2,293.71,3.89,D,0
21.50333,106.04305,330.5,0.44,0.38,2023-03-16,0620,SNPP,SNPP,n,2,292.9,3.89,D,0
21.50342,106.04379,333.55,0.44,0.38,2023-03-16,0620,SNPP,SNPP,n,2,294.4,8.23,D,0
20.76847,105.00484,328.95,0.46,0.39,2023-03-17,0601,SNPP,SNPP,n,2,295,1.98,D,0
20.70156,105.28738,332.19,0.59,0.52,2023-03-20,0645,SNPP,SNPP,n,2,295.19,3.17,D,0
20.70649,105.28726,332.94,0.59,0.52,2023-03-20,0645,SNPP,SNPP,n,2,294.56,6.26,D,0
20.7044,105.28635,345.15,0.59,0.53,2023-03-20,0645,SNPP,SNPP,n,2,295.03,8.3,D,0
20.72095,104.85101,335.94,0.55,0.51,2023-03-20,0645,SNPP,SNPP,n,2,299.27,4.54,D,0
20.80373,105.42776,339.65,0.6,0.53,2023-03-20,0645,SNPP,SNPP,n,2,294.95,5.98,D,0
20.80468,105.42447,339.29,0.6,0.53,2023-03-20,0645,SNPP,SNPP,n,2,294.49,4.98,D,0
21.00278,105.12178,336.5,0.58,0.52,2023-03-20,0645,SNPP,SNPP,n,2,293.95,5.95,D,0
21.00172,105.12556,331.83,0.58,0.52,2023-03-20,0645,SNPP,SNPP,n,2,293.65,4.13,D,0
20.27759,104.92097,336.83,0.44,0.39,2023-03-21,0626,SNPP,SNPP,n,2,287.69,3.82,D,0
20.82236,106.58704,337.75,0.38,0.36,2023-03-22,0607,SNPP,SNPP,n,2,302.35,1.65,D,0
20.69664,105.24594,332.66,0.4,0.37,2023-03-22,0607,SNPP,SNPP,n,2,304.82,2.79,D,0
20.76455,105.60589,331.49,0.39,0.36,2023-03-22,0607,SNPP,SNPP,n,2,299.89,0.6,D,0
20.66946,104.88532,334.86,0.41,0.37,2023-03-22,0607,SNPP,SNPP,n,2,300.96,3.62,D,0
20.66686,104.86929,335.79,0.41,0.37,2023-03-22,0607,SNPP,SNPP,n,2,307.7,4.25,D,0
20.76704,105.47023,335.91,0.39,0.36,2023-03-22,0607,SNPP,SNPP,n,2,308.09,2.29,D,0
20.75374,105.19225,330.14,0.4,0.37,2023-03-22,0607,SNPP,SNPP,n,2,301.03,2.08,D,0
20.72046,104.85519,335.29,0.41,0.37,2023-03-22,0607,SNPP,SNPP,l,2,308.94,5.14,D,0
20.83138,105.49696,344.17,0.39,0.36,2023-03-22,0607,SNPP,SNPP,n,2,303.53,4.85,D,0
20.95062,106.16758,332,0.39,0.36,2023-03-22,0607,SNPP,SNPP,l,2,305.82,1.78,D,0
21.02001,106.5301,338.42,0.38,0.36,2023-03-22,0607,SNPP,SNPP,n,2,306.47,3.68,D,2
20.9432,106.03223,338.44,0.39,0.36,2023-03-22,0607,SNPP,SNPP,n,2,307.35,5.25,D,0
20.94178,105.8267,338.67,0.39,0.36,2023-03-22,0607,SNPP,SNPP,n,2,303.8,1.54,D,0
20.83965,104.87643,342.21,0.4,0.37,2023-03-22,0607,SNPP,SNPP,n,2,306.82,3.4,D,0
20.9345,105.0967,330.4,0.4,0.37,2023-03-22,0607,SNPP,SNPP,l,2,301.77,3.61,D,0
21.09799,106.00086,343.53,0.39,0.36,2023-03-22,0607,SNPP,SNPP,n,2,306.28,6.73,D,0
20.97362,105.16798,344.34,0.4,0.37,2023-03-22,0607,SNPP,SNPP,n,2,303.67,7.76,D,0
20.9746,105.16762,345.85,0.4,0.37,2023-03-22,0607,SNPP,SNPP,n,2,304.09,9.16,D,0
21.03774,105.51723,343.94,0.39,0.36,2023-03-22,0607,SNPP,SNPP,n,2,303.23,2.81,D,0
21.26608,106.67976,347.53,0.38,0.36,2023-03-22,0607,SNPP,SNPP,n,2,306.7,22.21,D,0
21.26939,106.67919,343.92,0.38,0.36,2023-03-22,0607,SNPP,SNPP,n,2,308.9,22.21,D,0
21.24763,106.18339,336.13,0.38,0.36,2023-03-22,0607,SNPP,SNPP,l,2,311.08,3.1,D,0
21.24706,106.1797,338.47,0.38,0.36,2023-03-22,0607,SNPP,SNPP,l,2,310.69,3.1,D,0
21.24534,106.16862,334.92,0.38,0.36,2023-03-22,0607,SNPP,SNPP,l,2,305.62,2.88,D,0
21.25094,106.18281,333.45,0.38,0.36,2023-03-22,0607,SNPP,SNPP,l,2,307.21,2.61,D,0
21.19002,105.77085,331.81,0.39,0.36,2023-03-22,0607,SNPP,SNPP,l,2,306.56,4.19,D,0
21.1137,104.86298,342.58,0.4,0.37,2023-03-22,0607,SNPP,SNPP,n,2,315.35,30.85,D,0
21.23908,105.33389,340.04,0.39,0.36,2023-03-22,0607,SNPP,SNPP,n,2,305.18,4.88,D,0
21.47371,106.64385,332.72,0.38,0.36,2023-03-22,0607,SNPP,SNPP,l,2,305.81,1.59,D,0
21.47702,106.64328,335.93,0.38,0.36,2023-03-22,0607,SNPP,SNPP,l,2,306.13,6.78,D,0
21.47646,106.63959,335.2,0.38,0.36,2023-03-22,0607,SNPP,SNPP,l,2,310.16,6.78,D,0
21.37962,105.33934,333.9,0.39,0.36,2023-03-22,0607,SNPP,SNPP,l,2,306.98,3.59,D,0
21.40446,105.36587,335.96,0.39,0.36,2023-03-22,0607,SNPP,SNPP,n,2,303.57,3.39,D,0
21.59962,106.55728,334.91,0.38,0.36,2023-03-22,0607,SNPP,SNPP,n,2,304.46,1.97,D,0
21.60293,106.55672,331.57,0.38,0.36,2023-03-22,0607,SNPP,SNPP,l,2,304.48,1.97,D,0
21.46202,105.55652,340.48,0.39,0.36,2023-03-22,0607,SNPP,SNPP,n,2,306.09,2.56,D,0
21.74448,106.77879,338.91,0.39,0.36,2023-03-22,0607,SNPP,SNPP,n,2,303.8,3.27,D,0
21.56528,105.44495,333.95,0.39,0.36,2023-03-22,0607,SNPP,SNPP,n,2,304.21,1.66,D,0
21.50063,105.00021,334.11,0.4,0.37,2023-03-22,0607,SNPP,SNPP,n,2,301.45,4.29,D,0
21.58393,105.36819,331.12,0.39,0.36,2023-03-22,0607,SNPP,SNPP,l,2,304.16,2.89,D,0
21.52835,104.9361,340.05,0.4,0.37,2023-03-22,0607,SNPP,SNPP,n,2,301.67,8.22,D,0
21.85518,106.8167,338.67,0.39,0.36,2023-03-22,0607,SNPP,SNPP,n,2,306.66,18.67,D,0
21.68463,104.95502,333.27,0.4,0.37,2023-03-22,0607,SNPP,SNPP,l,2,306.25,3.37,D,0
21.72636,105.19476,337.53,0.39,0.36,2023-03-22,0607,SNPP,SNPP,n,2,306.62,7.25,D,0
21.72971,105.19418,344.16,0.39,0.36,2023-03-22,0607,SNPP,SNPP,n,2,306.51,7.25,D,0
21.79697,105.38786,336.93,0.39,0.36,2023-03-22,0607,SNPP,SNPP,n,2,303,3.45,D,0
21.80013,105.32144,341.53,0.39,0.36,2023-03-22,0607,SNPP,SNPP,n,2,305.55,2.6,D,0
21.84941,105.24252,335.26,0.39,0.36,2023-03-22,0607,SNPP,SNPP,n,2,302.36,2.01,D,0
21.93245,105.45218,333.15,0.39,0.36,2023-03-22,0607,SNPP,SNPP,n,2,301.35,1.92,D,0
21.91502,105.19113,335.49,0.39,0.36,2023-03-22,0607,SNPP,SNPP,n,2,304.94,2.97,D,0
20.10027,105.85857,339.38,0.39,0.36,2023-03-22,0607,SNPP,SNPP,n,2,309.36,2.72,D,0
20.1032,105.68929,334.7,0.39,0.36,2023-03-22,0607,SNPP,SNPP,n,2,304.83,2.1,D,0
20.13778,105.18913,335.72,0.4,0.37,2023-03-22,0607,SNPP,SNPP,n,2,304.83,7.29,D,0
20.10063,104.85484,338.25,0.41,0.37,2023-03-22,0607,SNPP,SNPP,n,2,305.86,4.95,D,0
20.28987,105.47894,334.72,0.4,0.37,2023-03-22,0607,SNPP,SNPP,n,2,303.05,1.95,D,0
20.43177,105.71123,341.44,0.39,0.36,2023-03-22,0607,SNPP,SNPP,n,2,304.18,5.54,D,0
20.45012,104.93514,334.07,0.41,0.37,2023-03-22,0607,SNPP,SNPP,n,2,305.43,4.24,D,0
20.34657,105.91342,308.62,0.38,0.36,2023-03-22,1836,SNPP,SNPP,n,2,294.94,1.25,N,2
20.61997,104.89047,308.31,0.39,0.36,2023-03-22,1836,SNPP,SNPP,n,2,292.95,0.6,N,0
20.40622,105.90144,311.4,0.38,0.36,2023-03-22,1836,SNPP,SNPP,n,2,295.97,1.14,N,2
20.40292,105.90086,311.17,0.38,0.36,2023-03-22,1836,SNPP,SNPP,n,2,296.05,1.14,N,2
20.39961,105.90027,305.7,0.38,0.36,2023-03-22,1836,SNPP,SNPP,n,2,295.25,0.83,N,2
20.10787,105.2397,341.22,0.45,0.47,2023-03-23,0548,SNPP,SNPP,n,2,301.04,4.88,D,0
20.19524,105.45331,341.94,0.43,0.46,2023-03-23,0548,SNPP,SNPP,n,2,303.28,3.79,D,0
20.14385,105.09351,339.85,0.46,0.47,2023-03-23,0548,SNPP,SNPP,n,2,301.07,3.11,D,0
20.10913,104.86681,340.88,0.47,0.48,2023-03-23,0548,SNPP,SNPP,n,2,302.62,10.34,D,0
20.15812,105.09805,355.85,0.45,0.47,2023-03-23,0548,SNPP,SNPP,n,2,302.02,13.4,D,0
20.11353,104.86613,341.26,0.47,0.48,2023-03-23,0548,SNPP,SNPP,n,2,301.52,6.68,D,0
20.20672,105.11926,340.76,0.45,0.47,2023-03-23,0548,SNPP,SNPP,n,2,298.48,4.29,D,0
20.21092,105.11794,330.8,0.45,0.47,2023-03-23,0548,SNPP,SNPP,n,2,299.09,4.29,D,0
20.21305,105.11815,341.19,0.45,0.47,2023-03-23,0548,SNPP,SNPP,n,2,299.83,4.84,D,0
20.38086,105.35551,341.17,0.43,0.46,2023-03-23,0548,SNPP,SNPP,n,2,301.75,4.22,D,0
20.45301,105.68721,337.21,0.41,0.45,2023-03-23,0548,SNPP,SNPP,n,2,300.3,2.68,D,0
20.496,105.71131,336.71,0.41,0.45,2023-03-23,0548,SNPP,SNPP,n,2,301.36,3.13,D,0
20.93812,104.91534,330.37,0.45,0.47,2023-03-23,0548,SNPP,SNPP,n,2,302.12,2.06,D,0
20.93905,104.91296,333.31,0.45,0.47,2023-03-23,0548,SNPP,SNPP,n,2,302.63,2.25,D,0
21.16511,105.22269,336.57,0.43,0.46,2023-03-23,0548,SNPP,SNPP,n,2,298.9,2.72,D,0
21.47659,106.7319,332.97,0.52,0.42,2023-03-23,0548,SNPP,SNPP,n,2,300.03,3.39,D,0
21.43505,106.43354,340.21,0.54,0.42,2023-03-23,0548,SNPP,SNPP,n,2,300.46,13.01,D,0
21.43894,106.43284,346.41,0.54,0.42,2023-03-23,0548,SNPP,SNPP,n,2,301.86,13.01,D,0
21.43452,106.43092,333.65,0.54,0.42,2023-03-23,0548,SNPP,SNPP,n,2,300.21,6.09,D,0
21.43842,106.43027,339.74,0.54,0.42,2023-03-23,0548,SNPP,SNPP,n,2,301.12,19.26,D,0
21.28364,104.99942,342.11,0.44,0.46,2023-03-23,0548,SNPP,SNPP,n,2,298.55,4.77,D,0
21.28291,105.00029,347,0.44,0.46,2023-03-23,0548,SNPP,SNPP,n,2,299.02,5.81,D,0
21.62657,106.70788,333.32,0.52,0.42,2023-03-23,0548,SNPP,SNPP,n,2,299.63,2.9,D,0
21.5827,106.31555,332.66,0.55,0.43,2023-03-23,0548,SNPP,SNPP,n,2,296.92,5.22,D,0
21.67604,106.67621,332.62,0.52,0.42,2023-03-23,0548,SNPP,SNPP,n,2,299.73,4.31,D,0
21.73055,106.72549,337.08,0.52,0.41,2023-03-23,0548,SNPP,SNPP,n,2,300.04,4.87,D,0
21.45266,104.99782,340.27,0.44,0.46,2023-03-23,0548,SNPP,SNPP,n,2,298.03,6.52,D,0
21.58027,105.64935,341.35,0.4,0.44,2023-03-23,0548,SNPP,SNPP,n,2,296.89,6.21,D,0
21.91253,106.00089,333.72,0.56,0.43,2023-03-23,0548,SNPP,SNPP,n,2,298.31,10.18,D,0
21.91192,106.00426,335.11,0.56,0.43,2023-03-23,0549,SNPP,SNPP,n,2,299.04,8.96,D,0
21.73024,105.03432,350.51,0.43,0.46,2023-03-23,0549,SNPP,SNPP,n,2,297.99,7.6,D,0
21.86909,105.46776,330.22,0.4,0.44,2023-03-23,0549,SNPP,SNPP,n,2,300.02,2.67,D,0
21.94128,105.83162,335.24,0.38,0.43,2023-03-23,0549,SNPP,SNPP,n,2,297.95,2.94,D,0
21.92353,105.7138,340.06,0.39,0.44,2023-03-23,0549,SNPP,SNPP,n,2,297.97,6.45,D,0
21.92281,105.7099,340.57,0.39,0.44,2023-03-23,0549,SNPP,SNPP,n,2,298.16,6.45,D,0
21.86679,105.08811,332.03,0.42,0.46,2023-03-23,0549,SNPP,SNPP,n,2,296.23,3.3,D,0
20.40056,105.90145,308.33,0.54,0.42,2023-03-23,1818,SNPP,SNPP,n,2,295.75,1.62,N,2
20.34717,105.91213,306.71,0.54,0.42,2023-03-23,1818,SNPP,SNPP,n,2,295.21,1.75,N,2
20.17707,105.42763,338.68,0.43,0.62,2023-03-24,0529,SNPP,SNPP,n,2,296.98,4.31,D,0
20.1253,104.86614,367,0.47,0.64,2023-03-24,0529,SNPP,SNPP,h,2,298.95,31.35,D,0
20.12429,104.86157,367,0.47,0.64,2023-03-24,0529,SNPP,SNPP,h,2,298.07,17.81,D,0
20.12887,104.85442,340.01,0.47,0.64,2023-03-24,0529,SNPP,SNPP,n,2,296.52,4.32,D,0
20.12336,104.86787,367,0.47,0.64,2023-03-24,0529,SNPP,SNPP,h,2,298.78,29.56,D,0
20.12231,104.86326,367,0.47,0.64,2023-03-24,0529,SNPP,SNPP,h,2,297.62,17.81,D,0
20.12673,104.85561,344.99,0.47,0.64,2023-03-24,0529,SNPP,SNPP,n,2,297.02,6.36,D,0
20.45008,105.67699,335.34,0.41,0.61,2023-03-24,0529,SNPP,SNPP,n,2,296.22,2.97,D,0
20.51135,105.61051,330.62,0.41,0.61,2023-03-24,0529,SNPP,SNPP,n,2,295.22,4.83,D,0
20.42848,105.04018,339.41,0.45,0.63,2023-03-24,0529,SNPP,SNPP,n,2,296.79,7.52,D,0
20.78554,104.93721,335.22,0.45,0.63,2023-03-24,0530,SNPP,SNPP,n,2,296.08,4.15,D,0
20.78477,104.93773,341.37,0.45,0.63,2023-03-24,0530,SNPP,SNPP,n,2,296.65,4.73,D,0
21.16278,106.60687,335.82,0.35,0.56,2023-03-24,0530,SNPP,SNPP,n,2,293.31,3.23,D,0
21.60756,105.37612,334.71,0.41,0.6,2023-03-24,0530,SNPP,SNPP,n,2,293.92,3.64,D,0
21.92128,106.48817,339.53,0.34,0.56,2023-03-24,0530,SNPP,SNPP,n,2,293.21,2.49,D,0
21.70764,105.44076,335.84,0.4,0.6,2023-03-24,0530,SNPP,SNPP,n,2,294.24,3.31,D,0
21.81029,105.80218,342.91,0.38,0.59,2023-03-24,0530,SNPP,SNPP,n,2,293.61,3.39,D,0
21.74116,105.38355,367,0.4,0.6,2023-03-24,0530,SNPP,SNPP,h,2,295.58,14.12,D,0
21.92858,106.14347,367,0.36,0.57,2023-03-24,0530,SNPP,SNPP,h,2,296.09,23.84,D,0
21.92789,106.14029,349.8,0.36,0.57,2023-03-24,0530,SNPP,SNPP,n,2,292.92,12.68,D,0
21.92674,106.14275,367,0.36,0.57,2023-03-24,0530,SNPP,SNPP,h,2,297.86,27.46,D,0
21.87356,105.70082,342.45,0.38,0.59,2023-03-24,0530,SNPP,SNPP,n,2,293.5,3.89,D,0
21.94772,106.01241,341.94,0.36,0.58,2023-03-24,0530,SNPP,SNPP,n,2,293.32,4.15,D,0
21.83584,105.09639,347.49,0.42,0.61,2023-03-24,0530,SNPP,SNPP,n,2,293.8,4.92,D,0
21.93438,105.43193,333.81,0.4,0.6,2023-03-24,0530,SNPP,SNPP,n,2,294.19,2.07,D,0
20.46862,105.73113,352.88,0.79,0.78,2023-03-24,0710,SNPP,SNPP,n,2,291.52,19.37,D,0
20.46867,105.7305,355.71,0.79,0.78,2023-03-24,0710,SNPP,SNPP,n,2,291.74,17.99,D,0
21.89387,105.5221,349.22,0.79,0.78,2023-03-24,0710,SNPP,SNPP,n,2,290.17,12.66,D,0
21.09644,105.13004,329.16,0.73,0.76,2023-03-24,0710,SNPP,SNPP,n,2,290.61,8.36,D,0
21.5668,105.02988,334.16,0.73,0.76,2023-03-24,0710,SNPP,SNPP,n,2,290.69,6.57,D,0
21.67024,105.27992,331.16,0.76,0.77,2023-03-24,0710,SNPP,SNPP,n,2,290.16,6.09,D,0
21.71171,105.21511,329.13,0.76,0.77,2023-03-24,0710,SNPP,SNPP,n,2,291.27,7.84,D,0
20.46218,105.73121,342,0.63,0.72,2023-04-04,0704,SNPP,SNPP,n,2,294.6,10.3,D,0
20.4689,105.73059,346.15,0.63,0.72,2023-04-04,0704,SNPP,SNPP,n,2,294.22,10.3,D,0
20.46413,105.72738,367,0.63,0.72,2023-04-04,0704,SNPP,SNPP,h,2,295.03,21.62,D,0
20.3794,104.98175,330.69,0.56,0.51,2023-04-05,0645,SNPP,SNPP,n,2,298.91,2.7,D,0
21.28166,106.50787,332.88,0.36,0.57,2023-04-05,0645,SNPP,SNPP,n,2,299.96,2.1,D,0
21.20452,105.09248,340.99,0.58,0.52,2023-04-05,0645,SNPP,SNPP,n,2,299.2,11.13,D,0
21.46125,106.33555,336.11,0.35,0.57,2023-04-05,0645,SNPP,SNPP,n,2,301.79,2.91,D,0
21.46073,106.33463,331.73,0.35,0.57,2023-04-05,0645,SNPP,SNPP,n,2,301.55,3.38,D,0
20.1075,105.19588,332.8,0.57,0.52,2023-04-05,0645,SNPP,SNPP,n,2,296.78,5.93,D,0
20.67547,105.25647,341.97,0.58,0.52,2023-04-05,0645,SNPP,SNPP,n,2,303.09,14.78,D,0
20.67936,104.85217,343.97,0.55,0.51,2023-04-05,0645,SNPP,SNPP,n,2,303.53,6.87,D,0
20.68055,104.85125,340.2,0.55,0.51,2023-04-05,0645,SNPP,SNPP,n,2,302.94,10.57,D,0
20.81461,105.23738,330.83,0.58,0.52,2023-04-05,0645,SNPP,SNPP,n,2,299.34,8.36,D,0
20.7811,104.9355,337.96,0.56,0.51,2023-04-05,0645,SNPP,SNPP,n,2,303.35,8.2,D,0
20.81745,105.23991,340.88,0.58,0.52,2023-04-05,0645,SNPP,SNPP,n,2,299,5,D,0
21.60982,106.56618,331.15,0.36,0.58,2023-04-05,0645,SNPP,SNPP,n,2,301.83,2.66,D,0
21.63544,106.66506,340.71,0.37,0.58,2023-04-05,0645,SNPP,SNPP,n,2,299.44,6.45,D,0
20.85057,105.04224,330.87,0.57,0.52,2023-04-05,0645,SNPP,SNPP,n,2,302.4,3.85,D,0
21.28312,106.50706,332.64,0.36,0.57,2023-04-05,0645,SNPP,SNPP,n,2,300.01,2.41,D,0
21.07022,105.06197,337.33,0.57,0.52,2023-04-05,0645,SNPP,SNPP,n,2,298.06,6.13,D,0
21.90428,105.8317,333.2,0.33,0.55,2023-04-05,0645,SNPP,SNPP,n,2,299.73,2.24,D,0
21.92696,105.45728,330.52,0.62,0.54,2023-04-05,0645,SNPP,SNPP,n,2,299.59,3.58,D,0
20.10291,105.18073,332.43,0.45,0.39,2023-04-06,0626,SNPP,SNPP,n,2,300.55,3.71,D,0
20.18995,105.46729,343.47,0.47,0.4,2023-04-06,0626,SNPP,SNPP,n,2,303.62,18.85,D,0
20.96816,105.23656,335.01,0.47,0.39,2023-04-06,0626,SNPP,SNPP,n,2,301.04,6.27,D,0
21.1447,105.14039,344.91,0.46,0.39,2023-04-06,0626,SNPP,SNPP,n,2,301.4,9.79,D,0
21.16542,105.01953,344.34,0.46,0.39,2023-04-06,0626,SNPP,SNPP,n,2,301.52,17.02,D,0
21.82247,105.41749,332.15,0.48,0.4,2023-04-06,0626,SNPP,SNPP,n,2,299.21,1.64,D,0
21.88426,105.69048,334.68,0.5,0.41,2023-04-06,0626,SNPP,SNPP,n,2,301.08,4.04,D,0
21.87286,105.51428,334.31,0.49,0.4,2023-04-06,0626,SNPP,SNPP,n,2,302.36,4.14,D,0
21.81835,104.93388,333.59,0.46,0.39,2023-04-06,0626,SNPP,SNPP,n,2,301.36,5.91,D,3
21.81774,104.92939,330.73,0.46,0.39,2023-04-06,0626,SNPP,SNPP,n,2,300.76,5.14,D,0
21.86395,105.07878,334.51,0.47,0.4,2023-04-06,0626,SNPP,SNPP,n,2,301.97,7.07,D,0
21.84706,104.94909,335.26,0.46,0.39,2023-04-06,0626,SNPP,SNPP,n,2,299.99,7.04,D,3
21.92632,105.44622,352.1,0.49,0.4,2023-04-06,0626,SNPP,SNPP,n,2,303.13,30.08,D,0
21.92101,105.34628,334.43,0.48,0.4,2023-04-06,0626,SNPP,SNPP,n,2,300.82,3.11,D,0
21.45082,105.34796,334.67,0.48,0.4,2023-04-06,0626,SNPP,SNPP,n,2,300.69,2.58,D,0
21.45014,105.34966,333.97,0.48,0.4,2023-04-06,0626,SNPP,SNPP,n,2,300.43,3.56,D,0
21.63146,106.65249,335.12,0.56,0.43,2023-04-06,0626,SNPP,SNPP,n,2,298.17,6,D,0
21.59941,106.1034,336.28,0.52,0.42,2023-04-06,0626,SNPP,SNPP,n,2,296.56,4.45,D,0
21.63316,105.32665,332.73,0.48,0.4,2023-04-06,0626,SNPP,SNPP,n,2,300.96,3.2,D,0
21.63689,105.32645,333.66,0.48,0.4,2023-04-06,0626,SNPP,SNPP,n,2,301.27,4.98,D,0
21.7898,106.23309,331.94,0.53,0.42,2023-04-06,0626,SNPP,SNPP,n,2,297.9,5.12,D,0
21.61109,104.88534,330.48,0.46,0.39,2023-04-06,0626,SNPP,SNPP,n,2,299.74,5.92,D,0
21.61051,104.88107,330.45,0.46,0.39,2023-04-06,0626,SNPP,SNPP,n,2,300.33,5.92,D,0
21.61204,104.88199,343.56,0.46,0.39,2023-04-06,0626,SNPP,SNPP,n,2,300.53,14.67,D,0
21.66347,104.93745,332.84,0.46,0.39,2023-04-06,0626,SNPP,SNPP,n,2,298.41,2.3,D,0
21.74901,105.38795,341.45,0.48,0.4,2023-04-06,0626,SNPP,SNPP,n,2,303.06,8,D,0
21.01259,106.5402,305.31,0.39,0.44,2023-04-06,1855,SNPP,SNPP,n,2,291.07,0.98,N,2
20.68501,104.98801,334.01,0.54,0.42,2023-04-11,0632,SNPP,SNPP,n,2,302.05,4.58,D,0
21.01673,106.52854,302.7,0.53,0.67,2023-04-15,1746,SNPP,SNPP,n,2,288.38,2.51,N,2
20.12374,104.85667,355.07,0.47,0.4,2023-04-18,0601,SNPP,SNPP,n,2,308.37,37.61,D,0
20.12814,104.86038,332.18,0.47,0.4,2023-04-18,0601,SNPP,SNPP,n,2,302.63,4.66,D,0
20.12736,104.85587,339.69,0.47,0.4,2023-04-18,0601,SNPP,SNPP,n,2,302.62,7.07,D,0
20.29347,105.72567,332.72,0.43,0.38,2023-04-18,0601,SNPP,SNPP,l,2,302.27,3.56,D,0
20.31099,105.70118,330.8,0.43,0.38,2023-04-18,0601,SNPP,SNPP,l,2,302.37,3.32,D,0
20.68173,104.85493,332.69,0.46,0.39,2023-04-18,0601,SNPP,SNPP,l,2,306.33,3.24,D,0
20.17817,106.0605,330.67,0.42,0.38,2023-04-18,0601,SNPP,SNPP,l,2,303.74,5.15,D,0
20.22611,106.33418,333.79,0.41,0.37,2023-04-18,0601,SNPP,SNPP,l,2,303.1,7.28,D,0
20.26151,105.97079,330.45,0.42,0.38,2023-04-18,0601,SNPP,SNPP,l,2,304.08,6.99,D,0
20.10413,104.85174,335.82,0.47,0.4,2023-04-18,0601,SNPP,SNPP,n,2,306.55,47.95,D,0
20.10771,104.8508,338.02,0.47,0.4,2023-04-18,0601,SNPP,SNPP,n,2,304.93,47.95,D,0
20.40319,105.89884,308.01,0.4,0.37,2023-04-18,1830,SNPP,SNPP,n,2,295.65,2.05,N,2
20.67176,104.85104,344.86,0.58,0.52,2023-04-19,0542,SNPP,SNPP,n,2,299.79,8.02,D,0
21.01998,106.53218,315.29,0.42,0.45,2023-04-19,1811,SNPP,SNPP,n,2,293.31,1.57,N,2
21.01481,106.53965,304.61,0.42,0.45,2023-04-19,1811,SNPP,SNPP,n,2,293.2,1.29,N,2
20.12926,105.06767,367,0.56,0.69,2023-04-20,0704,SNPP,SNPP,h,2,291.91,14.36,D,0
20.1446,105.09478,330.26,0.57,0.69,2023-04-20,0704,SNPP,SNPP,n,2,292.2,4.81,D,0
20.13008,105.06914,330.37,0.57,0.69,2023-04-20,0704,SNPP,SNPP,n,2,291.61,6.55,D,0
20.12974,105.06493,343.85,0.57,0.69,2023-04-20,0704,SNPP,SNPP,n,2,291.62,6.55,D,0
20.16262,105.07032,343.43,0.57,0.69,2023-04-20,0704,SNPP,SNPP,n,2,292.33,4.81,D,0
20.91797,105.11533,367,0.58,0.7,2023-04-20,0704,SNPP,SNPP,h,2,294.55,13.22,D,0
20.51431,105.57415,340.77,0.61,0.53,2023-04-21,0645,SNPP,SNPP,n,2,297.72,11.66,D,0
21.12424,106.63198,347.36,0.36,0.57,2023-04-21,0645,SNPP,SNPP,n,2,295.59,4.69,D,0
21.12773,106.63027,348.66,0.36,0.57,2023-04-21,0645,SNPP,SNPP,n,2,295.99,4.05,D,0
21.20378,105.09603,330.33,0.58,0.52,2023-04-21,0645,SNPP,SNPP,n,2,295.51,4.12,D,0
21.42155,106.42313,332.51,0.35,0.57,2023-04-21,0645,SNPP,SNPP,n,2,296.73,3.26,D,0
21.56397,106.10005,340.25,0.34,0.56,2023-04-21,0645,SNPP,SNPP,n,2,295.61,2.69,D,0
21.9051,106.02097,338.78,0.34,0.56,2023-04-21,0645,SNPP,SNPP,n,2,295.49,2.43,D,0
21.56689,106.4924,304.26,0.37,0.58,2023-04-21,1914,SNPP,SNPP,n,2,291.73,0.68,N,0
20.16063,105.45403,339.1,0.47,0.39,2023-04-22,0626,SNPP,SNPP,n,2,300.57,5.48,D,0
20.1117,105.08479,332.75,0.45,0.39,2023-04-22,0626,SNPP,SNPP,n,2,297.34,5.08,D,0
20.1275,105.14853,332.11,0.45,0.39,2023-04-22,0626,SNPP,SNPP,n,2,297.3,3.64,D,0
20.18719,105.4587,337.64,0.47,0.39,2023-04-22,0626,SNPP,SNPP,n,2,299.31,4.94,D,0
20.18671,105.42715,334.32,0.46,0.39,2023-04-22,0626,SNPP,SNPP,n,2,299.36,6.88,D,0
20.15692,105.12299,336.88,0.45,0.39,2023-04-22,0626,SNPP,SNPP,n,2,297.79,4.23,D,0
20.23625,105.63162,341.68,0.48,0.4,2023-04-22,0626,SNPP,SNPP,n,2,300.49,6.18,D,0
20.44504,105.08183,331.63,0.45,0.39,2023-04-22,0626,SNPP,SNPP,l,2,302.19,1.64,D,0
20.51038,105.54811,335.29,0.47,0.4,2023-04-22,0626,SNPP,SNPP,n,2,300.11,4.28,D,0
20.63356,105.38327,335.01,0.47,0.4,2023-04-22,0626,SNPP,SNPP,n,2,303.03,9.36,D,0
20.8847,105.40667,333.78,0.47,0.4,2023-04-22,0626,SNPP,SNPP,n,2,298.99,5.85,D,0
21.0796,106.84467,333.22,0.56,0.43,2023-04-22,0626,SNPP,SNPP,n,2,294.46,4.7,D,0
21.0789,106.83888,334.11,0.56,0.43,2023-04-22,0626,SNPP,SNPP,n,2,293.58,4.7,D,0
21.23619,106.62457,333.48,0.55,0.43,2023-04-22,0626,SNPP,SNPP,n,2,295.86,3.97,D,0
21.23514,106.62291,335.86,0.55,0.43,2023-04-22,0626,SNPP,SNPP,n,2,296.69,6.6,D,0
21.25407,104.85423,333.46,0.45,0.39,2023-04-22,0626,SNPP,SNPP,n,2,296.59,2.71,D,0
21.25763,104.85359,330.68,0.45,0.39,2023-04-22,0626,SNPP,SNPP,n,2,295.92,2.47,D,0
21.5594,105.8681,304.35,0.52,0.42,2023-04-22,1855,SNPP,SNPP,n,2,282.41,2.33,N,2
20.10965,105.50514,332.75,0.43,0.46,2023-04-24,0548,SNPP,SNPP,n,2,291.8,2.15,D,0
20.15003,105.35143,329.8,0.44,0.46,2023-04-24,0548,SNPP,SNPP,n,2,290.78,2.28,D,0
21.07859,105.24627,345.26,0.43,0.46,2023-04-24,0548,SNPP,SNPP,n,2,294.2,9.04,D,0
20.45395,105.88582,306.06,0.54,0.42,2023-04-24,1818,SNPP,SNPP,n,2,291.07,2.27,N,0
20.78706,105.20954,331.64,0.55,0.43,2023-04-27,0632,SNPP,SNPP,n,2,297.84,4.19,D,0
20.71031,104.87856,330.97,0.38,0.36,2023-04-28,0613,SNPP,SNPP,n,2,300.62,2.96,D,0
20.89685,104.97035,334.88,0.38,0.36,2023-04-28,0613,SNPP,SNPP,n,2,300.21,2.36,D,0
20.11253,104.86239,341.91,0.39,0.36,2023-04-28,0613,SNPP,SNPP,n,2,297.7,5.29,D,0
21.03666,105.91707,330.08,0.49,0.4,2023-04-29,0555,SNPP,SNPP,l,2,296.65,4.44,D,0
21.0069,105.63866,328.42,0.5,0.41,2023-04-29,0555,SNPP,SNPP,n,2,296.47,2.43,D,0
21.00605,105.63385,328.18,0.5,0.41,2023-04-29,0555,SNPP,SNPP,l,2,299.17,2.43,D,0
21.0052,105.62903,329.5,0.5,0.41,2023-04-29,0555,SNPP,SNPP,n,2,298.79,2.42,D,0
21.01064,105.63792,331.21,0.5,0.41,2023-04-29,0555,SNPP,SNPP,n,2,298.6,3.43,D,0
21.00979,105.6331,327.57,0.5,0.41,2023-04-29,0555,SNPP,SNPP,l,2,298.1,3.43,D,0
21.02221,105.61564,327.96,0.5,0.41,2023-04-29,0555,SNPP,SNPP,l,2,300.52,5.86,D,0
21.04926,105.61521,327.48,0.5,0.41,2023-04-29,0555,SNPP,SNPP,n,2,296.93,4.62,D,0
21.0502,105.61792,328.3,0.5,0.41,2023-04-29,0555,SNPP,SNPP,n,2,296.38,3.68,D,0
21.05394,105.61717,327.44,0.5,0.41,2023-04-29,0555,SNPP,SNPP,n,2,297.36,7.12,D,0
21.26394,105.48878,331.47,0.51,0.41,2023-04-29,0555,SNPP,SNPP,n,2,297.42,2.58,D,0
21.26769,105.48801,337.64,0.51,0.41,2023-04-29,0555,SNPP,SNPP,n,2,297.33,2.58,D,0
21.31591,105.62827,333.06,0.5,0.41,2023-04-29,0555,SNPP,SNPP,l,2,295.32,7.6,D,0
21.56354,105.86964,300.66,0.59,0.53,2023-04-30,1805,SNPP,SNPP,n,2,287.45,1.44,N,0
21.56076,105.86681,305.23,0.59,0.53,2023-04-30,1805,SNPP,SNPP,n,2,287.44,1.15,N,0
21.01873,106.52679,297.49,0.52,0.5,2023-04-30,1805,SNPP,SNPP,n,2,276.13,0.75,N,2
21.40102,105.64035,328.28,0.5,0.66,2023-05-01,0657,SNPP,SNPP,n,2,288.81,3.4,D,0
20.54303,105.37311,334.56,0.41,0.37,2023-05-03,0619,SNPP,SNPP,n,2,296.94,8.02,D,0
21.63052,105.70684,337.17,0.42,0.38,2023-05-03,0620,SNPP,SNPP,n,2,295.49,3.57,D,0
21.61326,105.10915,335.99,0.41,0.37,2023-05-03,0620,SNPP,SNPP,n,2,296.05,3.34,D,0
21.25964,105.49261,308.96,0.43,0.38,2023-05-03,1849,SNPP,SNPP,n,2,293.41,0.89,N,0
21.25616,105.49192,309.25,0.43,0.38,2023-05-03,1849,SNPP,SNPP,n,2,293.51,0.89,N,0
21.25833,105.49374,317.16,0.43,0.38,2023-05-03,1849,SNPP,SNPP,n,2,293.83,1.99,N,0
20.13212,105.07415,332.08,0.46,0.39,2023-05-04,0601,SNPP,SNPP,l,2,298.45,6.75,D,0
20.38123,104.97681,346.46,0.46,0.39,2023-05-04,0601,SNPP,SNPP,n,2,300.06,12.38,D,0
20.87163,105.10174,333.19,0.45,0.39,2023-05-04,0601,SNPP,SNPP,n,2,301.23,3.46,D,0
20.84716,104.8531,333.41,0.46,0.39,2023-05-04,0601,SNPP,SNPP,l,2,306.91,3.15,D,0
21.14828,105.04044,334.63,0.45,0.39,2023-05-04,0601,SNPP,SNPP,n,2,300.71,3.17,D,0
21.69366,105.48031,331.04,0.43,0.38,2023-05-04,0601,SNPP,SNPP,n,2,300.22,2.79,D,0
21.56766,106.49281,305.11,0.39,0.37,2023-05-04,1830,SNPP,SNPP,n,2,294.66,0.9,N,0
20.9631,106.7548,306.67,0.39,0.36,2023-05-04,1830,SNPP,SNPP,n,2,295.28,1.27,N,0
20.45395,105.88699,310.24,0.4,0.37,2023-05-04,1830,SNPP,SNPP,n,2,297.43,0.77,N,2
20.40719,105.89885,311.11,0.4,0.37,2023-05-04,1830,SNPP,SNPP,n,2,297.71,1.38,N,2
20.40325,105.90211,309.96,0.4,0.37,2023-05-04,1830,SNPP,SNPP,n,2,297.51,0.8,N,2
20.39926,105.90179,312.96,0.4,0.37,2023-05-04,1830,SNPP,SNPP,n,2,297.52,1.52,N,2
20.34913,105.91304,309.56,0.4,0.37,2023-05-04,1830,SNPP,SNPP,n,2,296.84,0.78,N,2
20.19011,105.45375,341.38,0.55,0.51,2023-05-05,0542,SNPP,SNPP,n,2,299.25,4.41,D,0
20.26366,105.58013,332.85,0.53,0.5,2023-05-05,0542,SNPP,SNPP,n,2,298.55,3.4,D,0
20.53755,105.62395,331.21,0.53,0.5,2023-05-05,0542,SNPP,SNPP,n,2,301.35,3.29,D,0
20.45407,104.99765,331.37,0.58,0.52,2023-05-05,0542,SNPP,SNPP,n,2,300.91,4.53,D,0
20.61757,104.9031,330.26,0.58,0.52,2023-05-05,0542,SNPP,SNPP,n,2,300.77,5.03,D,0
21.00019,104.91129,340.15,0.57,0.52,2023-05-05,0542,SNPP,SNPP,n,2,303.19,7.72,D,0
21.02122,104.89276,343,0.57,0.52,2023-05-05,0542,SNPP,SNPP,n,2,302.62,5.38,D,0
21.56651,106.70814,330.01,0.43,0.46,2023-05-05,0542,SNPP,SNPP,n,2,298.41,1.7,D,0
21.57066,106.70707,344.22,0.43,0.46,2023-05-05,0542,SNPP,SNPP,n,2,299.05,5.63,D,0
21.56954,105.99328,341.72,0.48,0.48,2023-05-05,0542,SNPP,SNPP,n,2,296.94,7.27,D,0
21.68558,105.44849,342.55,0.51,0.5,2023-05-05,0542,SNPP,SNPP,n,2,296.64,11.51,D,0
21.64746,104.97872,332.93,0.55,0.51,2023-05-05,0542,SNPP,SNPP,n,2,296.81,4.73,D,0
21.76391,105.39131,335.42,0.51,0.5,2023-05-05,0542,SNPP,SNPP,n,2,293.59,3.13,D,0
20.52884,105.86539,309.45,0.45,0.47,2023-05-05,1811,SNPP,SNPP,n,2,296.1,1.21,N,2
20.40492,105.89943,312.39,0.45,0.47,2023-05-05,1811,SNPP,SNPP,n,2,297.38,2.75,N,2
20.34891,105.91104,311.57,0.45,0.47,2023-05-05,1811,SNPP,SNPP,n,2,296.46,1.23,N,2
21.08422,106.83837,342.18,0.43,0.62,2023-05-06,0523,SNPP,SNPP,n,2,297.69,6.84,D,0
20.81782,105.37383,337.53,0.54,0.68,2023-05-06,0523,SNPP,SNPP,n,2,297.35,3.73,D,0
20.82201,105.37462,334.82,0.53,0.67,2023-05-06,0523,SNPP,SNPP,n,2,297.07,3.31,D,0
20.8943,105.1618,335.22,0.55,0.68,2023-05-06,0523,SNPP,SNPP,n,2,299.61,4.98,D,0
20.90036,105.15958,335.09,0.55,0.68,2023-05-06,0523,SNPP,SNPP,n,2,297.95,4.98,D,0
21.57511,106.70952,346.68,0.43,0.62,2023-05-06,0523,SNPP,SNPP,n,2,298.89,7.75,D,0
21.80901,106.75585,356.45,0.42,0.61,2023-05-06,0523,SNPP,SNPP,n,2,299.94,10.24,D,0
21.80816,106.75204,331.01,0.42,0.61,2023-05-06,0523,SNPP,SNPP,n,2,299.76,6.78,D,0
21.75976,106.2959,367,0.45,0.63,2023-05-06,0523,SNPP,SNPP,h,2,297.71,6.06,D,0
21.78374,106.29509,341.9,0.45,0.63,2023-05-06,0523,SNPP,SNPP,n,2,297.11,7.71,D,0
21.76057,106.19083,356.14,0.46,0.63,2023-05-06,0523,SNPP,SNPP,n,2,297.52,9.47,D,0
21.76024,106.29632,367,0.45,0.63,2023-05-06,0523,SNPP,SNPP,h,2,297.58,8.06,D,0
21.76041,106.1916,367,0.46,0.63,2023-05-06,0523,SNPP,SNPP,h,2,297.45,9.4,D,0
21.78428,106.29566,352.96,0.45,0.63,2023-05-06,0523,SNPP,SNPP,n,2,297.7,8.61,D,0
21.92302,106.53899,331.03,0.43,0.62,2023-05-06,0523,SNPP,SNPP,n,2,299.36,3.49,D,0
21.82614,106.05077,330.48,0.46,0.64,2023-05-06,0523,SNPP,SNPP,n,2,296.79,3.11,D,0
21.92392,106.53621,331.19,0.43,0.62,2023-05-06,0523,SNPP,SNPP,n,2,299.54,2.81,D,0
21.8239,106.04966,333.78,0.46,0.64,2023-05-06,0523,SNPP,SNPP,n,2,296.87,2.85,D,0
21.89857,105.24768,330.86,0.52,0.67,2023-05-06,0523,SNPP,SNPP,n,2,296.93,3.1,D,0
20.13035,105.47775,334.49,0.6,0.7,2023-05-06,0703,SNPP,SNPP,n,2,295.57,6.81,D,0
20.85956,104.96635,330.74,0.56,0.69,2023-05-06,0704,SNPP,SNPP,n,2,297.98,3.26,D,0
20.89538,105.16143,332.94,0.58,0.7,2023-05-06,0704,SNPP,SNPP,n,2,299.13,3,D,0
20.89482,105.16342,330.43,0.58,0.7,2023-05-06,0704,SNPP,SNPP,n,2,298.9,3.24,D,0
21.14028,106.62366,330.61,0.72,0.76,2023-05-06,0704,SNPP,SNPP,n,2,296.42,3.82,D,0
21.29581,106.65291,332.83,0.73,0.76,2023-05-06,0704,SNPP,SNPP,n,2,297.5,6.85,D,0
21.29259,106.65248,335,0.73,0.76,2023-05-06,0704,SNPP,SNPP,n,2,297.74,7.69,D,0
21.64455,106.67082,332.8,0.73,0.76,2023-05-06,0704,SNPP,SNPP,n,2,296.53,11.33,D,0
21.64405,106.66389,336.93,0.73,0.76,2023-05-06,0704,SNPP,SNPP,n,2,296.84,8.12,D,0
21.48399,104.92578,336.05,0.57,0.69,2023-05-06,0704,SNPP,SNPP,n,2,295.22,4.97,D,0
21.64012,106.66783,347.21,0.74,0.76,2023-05-06,0704,SNPP,SNPP,n,2,296.7,9.77,D,0
21.58421,105.38406,367,0.61,0.71,2023-05-06,0704,SNPP,SNPP,h,2,296.71,12.51,D,0
21.65004,106.09299,352.77,0.68,0.74,2023-05-06,0704,SNPP,SNPP,n,2,295.68,12.34,D,0
21.74101,106.28422,346.04,0.7,0.75,2023-05-06,0704,SNPP,SNPP,n,2,295.09,13.58,D,0
21.73576,106.21449,335.74,0.69,0.74,2023-05-06,0704,SNPP,SNPP,n,2,295.23,4.66,D,0
21.73959,106.28316,338.97,0.7,0.75,2023-05-06,0704,SNPP,SNPP,n,2,294.66,7.82,D,0
21.73475,106.21288,336.99,0.69,0.74,2023-05-06,0704,SNPP,SNPP,n,2,295.18,5.72,D,0
21.74659,106.28269,331.62,0.7,0.75,2023-05-06,0704,SNPP,SNPP,n,2,293.88,7.82,D,0
21.76161,106.2963,330.48,0.7,0.75,2023-05-06,0704,SNPP,SNPP,n,2,294.72,6.7,D,0
21.76997,106.3152,338.97,0.7,0.75,2023-05-06,0704,SNPP,SNPP,n,2,295.18,6.93,D,0
20.5297,105.8649,308.81,0.46,0.63,2023-05-06,1752,SNPP,SNPP,n,2,294.27,1.01,N,2
20.53109,105.8672,308,0.46,0.63,2023-05-06,1752,SNPP,SNPP,n,2,294.28,1.03,N,2
20.45183,105.88599,307.34,0.46,0.63,2023-05-06,1752,SNPP,SNPP,n,2,294.18,0.71,N,2
20.40472,105.89937,311.61,0.45,0.63,2023-05-06,1752,SNPP,SNPP,n,2,294.76,2.04,N,2
21.29676,106.72946,367,0.37,0.58,2023-05-07,0645,SNPP,SNPP,h,2,295.89,12.42,D,0
21.45494,106.43772,341.14,0.35,0.57,2023-05-07,0645,SNPP,SNPP,n,2,295.89,3.45,D,0
21.45424,106.43676,343.5,0.35,0.57,2023-05-07,0645,SNPP,SNPP,n,2,295.81,4.31,D,0
21.64578,106.66425,339.66,0.37,0.58,2023-05-07,0645,SNPP,SNPP,n,2,293.18,3.87,D,0
21.69367,106.12106,345.77,0.34,0.56,2023-05-07,0645,SNPP,SNPP,n,2,293.78,3.31,D,0
21.71987,106.28056,349.93,0.35,0.56,2023-05-07,0645,SNPP,SNPP,n,2,296.13,5.91,D,0
21.65496,105.32925,330.07,0.6,0.53,2023-05-07,0645,SNPP,SNPP,n,2,294.97,4.01,D,0
21.73701,105.3511,335.82,0.6,0.53,2023-05-07,0645,SNPP,SNPP,n,2,295.18,4.37,D,0
20.92366,106.25625,333.24,0.47,0.4,2023-05-15,0554,SNPP,SNPP,l,2,297.6,9.75,D,0
20.92312,106.14969,339.04,0.48,0.4,2023-05-15,0554,SNPP,SNPP,l,2,297.38,9.83,D,0
20.40512,105.90128,331.38,0.32,0.55,2023-05-16,0535,SNPP,SNPP,n,2,298.74,3.1,D,2
21.31153,106.68525,330.37,0.55,0.51,2023-05-16,0536,SNPP,SNPP,n,2,294.14,3.14,D,0
21.31218,106.68235,331.43,0.55,0.51,2023-05-16,0536,SNPP,SNPP,n,2,293.78,2.5,D,0
21.21281,105.93808,306.19,0.58,0.52,2023-05-16,1805,SNPP,SNPP,n,2,294.58,1.69,N,0
21.01691,106.52968,317.06,0.52,0.5,2023-05-16,1805,SNPP,SNPP,n,2,295.64,4.25,N,2
20.52962,105.86549,309.68,0.57,0.52,2023-05-16,1805,SNPP,SNPP,n,2,295.3,2.21,N,2
20.4046,105.89854,311.75,0.57,0.52,2023-05-16,1805,SNPP,SNPP,n,2,295.97,2.29,N,2
21.24203,105.96496,336.58,0.6,0.71,2023-05-17,0517,SNPP,SNPP,n,2,297.67,6.5,D,0
20.43423,104.95365,367,0.44,0.62,2023-05-17,0657,SNPP,SNPP,h,2,294.49,8.83,D,0
20.47873,105.44167,331,0.47,0.64,2023-05-17,0657,SNPP,SNPP,n,2,297.22,2.45,D,0
20.43463,104.95798,341.86,0.44,0.62,2023-05-17,0657,SNPP,SNPP,n,2,293.72,8.83,D,0
21.74781,106.29162,341.79,0.55,0.68,2023-05-17,0657,SNPP,SNPP,n,2,294.39,6.01,D,0
21.75422,106.2913,340.91,0.55,0.68,2023-05-17,0657,SNPP,SNPP,n,2,293.18,6.01,D,0
21.74913,106.29324,345.72,0.55,0.68,2023-05-17,0657,SNPP,SNPP,n,2,293.91,13.64,D,0
21.75472,106.28217,331.78,0.55,0.68,2023-05-17,0657,SNPP,SNPP,n,2,293.52,3.58,D,0
20.53134,105.8652,307.29,0.58,0.7,2023-05-17,1746,SNPP,SNPP,n,2,293.43,1.78,N,2
20.40487,105.89892,309.39,0.57,0.69,2023-05-17,1746,SNPP,SNPP,n,2,294.11,2.08,N,2
20.40499,105.89826,308.63,0.57,0.69,2023-05-17,1746,SNPP,SNPP,n,2,294.2,1.99,N,2
21.01785,106.52981,305.26,0.6,0.7,2023-05-17,1926,SNPP,SNPP,n,2,289.17,1.66,N,2
20.1979,105.52785,330.38,0.47,0.48,2023-05-18,0638,SNPP,SNPP,l,2,302.86,0.9,D,0
20.41412,105.04283,343.01,0.44,0.46,2023-05-18,0638,SNPP,SNPP,n,2,302.64,5.19,D,0
20.83817,105.17597,343.44,0.46,0.47,2023-05-18,0638,SNPP,SNPP,n,2,291.06,4.37,D,0
20.84255,105.1757,342.54,0.46,0.47,2023-05-18,0638,SNPP,SNPP,n,2,297.72,6.28,D,0
20.83902,105.17653,354.31,0.46,0.47,2023-05-18,0638,SNPP,SNPP,n,2,299.9,37.92,D,0
20.94626,105.10025,342.14,0.45,0.47,2023-05-18,0638,SNPP,SNPP,n,2,304.02,6.31,D,0
20.95053,105.09917,332.27,0.45,0.47,2023-05-18,0638,SNPP,SNPP,n,2,301.86,3.02,D,0
21.21107,106.43369,334.53,0.55,0.51,2023-05-18,0638,SNPP,SNPP,n,2,299.68,4.95,D,0
21.12656,104.86826,342.66,0.44,0.46,2023-05-18,0638,SNPP,SNPP,n,2,303.99,5.12,D,0
21.12552,104.86923,330.62,0.44,0.46,2023-05-18,0638,SNPP,SNPP,l,2,304.16,5.95,D,0
21.25551,104.96016,331.42,0.45,0.47,2023-05-18,0638,SNPP,SNPP,n,2,300.63,3.08,D,0
21.47198,106.52036,342.39,0.56,0.52,2023-05-18,0638,SNPP,SNPP,n,2,300.26,14.13,D,0
21.72734,105.67141,341.68,0.5,0.49,2023-05-18,0638,SNPP,SNPP,n,2,299.2,4.36,D,0
21.78974,106.064,335.69,0.53,0.5,2023-05-18,0638,SNPP,SNPP,n,2,298.13,5.02,D,0
21.79163,106.06218,339.51,0.53,0.5,2023-05-18,0638,SNPP,SNPP,n,2,298.5,6.21,D,0
21.88198,105.98101,340.86,0.53,0.5,2023-05-18,0638,SNPP,SNPP,n,2,300.9,7.51,D,0
21.86053,105.78822,341.66,0.51,0.49,2023-05-18,0638,SNPP,SNPP,n,2,299.48,6.64,D,0
21.88054,105.98374,337.88,0.53,0.5,2023-05-18,0638,SNPP,SNPP,n,2,301.01,6.28,D,0
21.8599,105.78504,341.19,0.51,0.5,2023-05-18,0638,SNPP,SNPP,n,2,299.98,3.39,D,0
21.9492,105.32655,340.28,0.48,0.48,2023-05-18,0639,SNPP,SNPP,n,2,303.08,6.92,D,0
20.33991,105.92496,330.7,0.42,0.38,2023-05-19,0619,SNPP,SNPP,l,2,305.44,6.51,D,0
20.43787,105.80302,347.32,0.42,0.38,2023-05-19,0619,SNPP,SNPP,n,2,301.52,5.63,D,0
20.44132,105.80251,340.7,0.42,0.38,2023-05-19,0619,SNPP,SNPP,n,2,301.89,4.14,D,0
20.12069,105.05724,334.31,0.4,0.37,2023-05-19,0619,SNPP,SNPP,n,2,302.88,30.94,D,0
20.42776,104.98502,331.34,0.4,0.37,2023-05-19,0619,SNPP,SNPP,l,2,303.93,2.67,D,0
20.43111,104.98441,337.11,0.4,0.37,2023-05-19,0619,SNPP,SNPP,n,2,303.86,2.67,D,0
20.94099,105.0704,334.19,0.4,0.37,2023-05-19,0619,SNPP,SNPP,n,2,299.96,5.5,D,0
21.27618,106.70885,345.06,0.46,0.39,2023-05-19,0619,SNPP,SNPP,n,2,297.1,10.16,D,0
21.19614,105.37019,334.37,0.41,0.37,2023-05-19,0619,SNPP,SNPP,n,2,302.21,1.63,D,0
21.19956,105.36964,337.11,0.41,0.37,2023-05-19,0619,SNPP,SNPP,n,2,303.19,3.8,D,0
21.33311,105.83376,333.71,0.43,0.38,2023-05-19,0619,SNPP,SNPP,l,2,307.3,4.81,D,0
21.30518,104.91017,335.21,0.4,0.37,2023-05-19,0619,SNPP,SNPP,n,2,301.65,4.26,D,0
21.6119,106.03324,334.44,0.43,0.38,2023-05-19,0620,SNPP,SNPP,n,2,298.04,4.65,D,0
21.73845,106.19546,342.16,0.44,0.39,2023-05-19,0620,SNPP,SNPP,n,2,299.14,4.87,D,0
21.64137,105.29682,334.82,0.41,0.37,2023-05-19,0620,SNPP,SNPP,n,2,301.87,5.63,D,0
21.8655,106.04791,330.47,0.44,0.38,2023-05-19,0620,SNPP,SNPP,n,2,299.24,2.96,D,0
21.86045,105.87677,349.07,0.43,0.38,2023-05-19,0620,SNPP,SNPP,n,2,301.67,12.13,D,0
21.89305,105.37967,334.02,0.42,0.37,2023-05-19,0620,SNPP,SNPP,n,2,300.62,2.64,D,0
21.55963,105.86718,314.33,0.44,0.38,2023-05-19,1848,SNPP,SNPP,n,2,294.79,1.24,N,2
21.01991,106.05206,306.54,0.45,0.39,2023-05-19,1849,SNPP,SNPP,n,2,293.77,0.49,N,0
20.61096,105.94643,312.03,0.45,0.39,2023-05-19,1849,SNPP,SNPP,n,2,294.08,5.29,N,0
20.40198,105.89909,307.56,0.46,0.39,2023-05-19,1849,SNPP,SNPP,n,2,293.64,5.69,N,2
20.37542,104.97992,332.49,0.46,0.39,2023-05-20,0600,SNPP,SNPP,n,2,300.14,4,D,0
21.24086,104.87302,345.7,0.46,0.39,2023-05-20,0601,SNPP,SNPP,n,2,299.89,6.49,D,0
21.24245,104.87389,346.74,0.46,0.39,2023-05-20,0601,SNPP,SNPP,n,2,299.06,7.24,D,0
21.813,106.06678,332.46,0.41,0.37,2023-05-20,0601,SNPP,SNPP,n,2,298.24,6.64,D,0
20.91596,106.13749,308.48,0.4,0.37,2023-05-20,1830,SNPP,SNPP,n,2,280.3,0.78,N,0
20.37695,104.98219,330.5,0.58,0.52,2023-05-21,0542,SNPP,SNPP,n,2,296.23,5.37,D,0
20.76383,105.61022,333.13,0.52,0.5,2023-05-21,0542,SNPP,SNPP,n,2,296.35,2.83,D,0
21.82208,106.12255,367,0.46,0.47,2023-05-21,0542,SNPP,SNPP,h,2,296.26,15.6,D,0
21.81221,105.40707,337.29,0.51,0.5,2023-05-21,0542,SNPP,SNPP,n,2,297.09,8.06,D,0
20.78428,106.63138,315.1,0.41,0.45,2023-05-21,1811,SNPP,SNPP,n,2,284.21,1.25,N,0
20.78266,106.63161,311.7,0.41,0.45,2023-05-21,1811,SNPP,SNPP,n,2,284.14,1.42,N,0
20.34807,105.91258,310.39,0.45,0.47,2023-05-21,1811,SNPP,SNPP,n,2,292.74,1.28,N,2
21.57542,106.10325,332.03,0.46,0.64,2023-05-22,0523,SNPP,SNPP,n,2,293.28,2.09,D,0
21.73259,106.26465,367,0.45,0.63,2023-05-22,0523,SNPP,SNPP,h,2,294.08,9.77,D,0
21.58924,105.35793,332.85,0.52,0.67,2023-05-22,0523,SNPP,SNPP,n,2,291.62,2.92,D,0
20.69139,105.56256,331.12,0.61,0.71,2023-05-22,0703,SNPP,SNPP,n,2,291.03,5.21,D,0
20.65429,104.85253,330.33,0.55,0.68,2023-05-22,0703,SNPP,SNPP,n,2,295.49,4.42,D,0
21.90277,105.36466,340.4,0.61,0.71,2023-05-22,0704,SNPP,SNPP,n,2,297.04,3.98,D,0
20.37734,104.9789,343.6,0.55,0.51,2023-05-23,0644,SNPP,SNPP,n,2,297.43,8.43,D,0
21.02644,104.89606,334.79,0.55,0.51,2023-05-23,0644,SNPP,SNPP,n,2,296.3,7.09,D,0
21.01922,106.52737,305.84,0.33,0.55,2023-05-27,1758,SNPP,SNPP,n,2,289.99,0.9,N,2
20.53018,105.86678,304.53,0.36,0.57,2023-05-27,1758,SNPP,SNPP,n,2,284.42,0.38,N,2
20.34624,105.91174,310.07,0.36,0.57,2023-05-27,1758,SNPP,SNPP,n,2,289.31,2.08,N,2
20.34239,105.91154,303.6,0.45,0.63,2023-05-28,1920,SNPP,SNPP,n,2,290.06,1.57,N,2
21.0176,106.53077,340.89,0.44,0.46,2023-05-29,0632,SNPP,SNPP,n,2,301.71,7.27,D,2
21.02157,105.61502,331.72,0.39,0.44,2023-05-29,0632,SNPP,SNPP,l,2,304.95,8.41,D,0
21.24139,106.13667,331.72,0.42,0.45,2023-05-29,0632,SNPP,SNPP,l,2,303.52,7.51,D,0
21.33294,105.83524,330.26,0.41,0.45,2023-05-29,0632,SNPP,SNPP,l,2,303.36,6.09,D,0
21.54415,106.20296,342.26,0.43,0.46,2023-05-29,0632,SNPP,SNPP,n,2,297.48,8.9,D,0
21.60728,106.55946,330.61,0.45,0.47,2023-05-29,0632,SNPP,SNPP,n,2,299.22,2.47,D,0
21.71,106.63707,349.25,0.46,0.47,2023-05-29,0632,SNPP,SNPP,n,2,299.07,5.34,D,0
21.71432,106.63626,339.38,0.46,0.47,2023-05-29,0632,SNPP,SNPP,n,2,297.72,5.34,D,0
21.90461,106.82677,330.27,0.47,0.48,2023-05-29,0632,SNPP,SNPP,n,2,298.41,2.04,D,0
21.86752,106.49212,340.73,0.45,0.47,2023-05-29,0632,SNPP,SNPP,n,2,296.7,4.24,D,0
20.40071,105.90122,308.33,0.45,0.47,2023-05-29,1901,SNPP,SNPP,n,2,296.57,1.04,N,2
20.39868,105.90176,308.89,0.45,0.47,2023-05-29,1901,SNPP,SNPP,n,2,296.22,0.88,N,2
20.21369,106.43411,336.79,0.39,0.36,2023-05-30,0613,SNPP,SNPP,n,2,302.31,4.23,D,0
20.2679,106.34512,337.44,0.39,0.36,2023-05-30,0613,SNPP,SNPP,n,2,302.86,1.61,D,0
20.35173,106.10925,335.78,0.39,0.36,2023-05-30,0613,SNPP,SNPP,l,2,310.41,6.02,D,0
20.35452,106.10498,335.71,0.39,0.36,2023-05-30,0613,SNPP,SNPP,l,2,310.35,5.24,D,0
20.40163,106.14684,338.67,0.39,0.36,2023-05-30,0613,SNPP,SNPP,n,2,306.19,3.64,D,0
20.47828,106.32965,332.3,0.39,0.36,2023-05-30,0613,SNPP,SNPP,l,2,306.82,3.03,D,0
20.93153,106.18999,332.76,0.39,0.36,2023-05-30,0613,SNPP,SNPP,l,2,307.47,5.64,D,0
20.97787,106.39164,333.72,0.4,0.37,2023-05-30,0613,SNPP,SNPP,l,2,308.47,3.51,D,0
21.019,106.53343,337.53,0.4,0.37,2023-05-30,0613,SNPP,SNPP,n,2,307.3,5.31,D,2
21.01844,106.5296,337.08,0.4,0.37,2023-05-30,0613,SNPP,SNPP,l,2,311.74,2.79,D,2
21.01973,106.53313,336.24,0.4,0.37,2023-05-30,0613,SNPP,SNPP,n,2,305.84,3.08,D,2
21.01919,106.52929,335.93,0.4,0.37,2023-05-30,0613,SNPP,SNPP,n,2,310.64,3.25,D,2
21.07852,106.70454,344.84,0.4,0.37,2023-05-30,0613,SNPP,SNPP,n,2,301.59,16.6,D,0
20.99174,105.97989,334.92,0.39,0.36,2023-05-30,0613,SNPP,SNPP,l,2,306.43,5.63,D,0
21.0582,106.10723,335.01,0.39,0.36,2023-05-30,0613,SNPP,SNPP,l,2,308.34,4.12,D,0
21.061,106.10292,333.68,0.39,0.36,2023-05-30,0613,SNPP,SNPP,l,2,308.58,2.01,D,0
21.02293,105.61681,335.57,0.39,0.36,2023-05-30,0613,SNPP,SNPP,l,2,308.02,4.05,D,0
21.02239,105.61311,335.71,0.39,0.36,2023-05-30,0613,SNPP,SNPP,l,2,308.26,6.57,D,0
21.0268,105.61996,334.65,0.39,0.36,2023-05-30,0613,SNPP,SNPP,l,2,308.09,4.05,D,0
21.128,106.21992,334.75,0.39,0.36,2023-05-30,0613,SNPP,SNPP,l,2,309.43,6.84,D,0
21.05004,105.61606,336.65,0.39,0.36,2023-05-30,0613,SNPP,SNPP,l,2,307.12,5.86,D,0
21.05722,105.61864,332.14,0.39,0.36,2023-05-30,0613,SNPP,SNPP,l,2,305.99,3.15,D,0
21.15475,106.23881,334.72,0.39,0.36,2023-05-30,0613,SNPP,SNPP,l,2,305.68,2.99,D,0
21.07769,105.61901,330.41,0.39,0.36,2023-05-30,0613,SNPP,SNPP,l,2,305.22,3.35,D,0
21.08156,105.62216,330.41,0.39,0.36,2023-05-30,0613,SNPP,SNPP,l,2,304.75,4.56,D,0
20.98458,104.90877,336.2,0.38,0.36,2023-05-30,0613,SNPP,SNPP,n,2,299.19,6.71,D,0
21.27495,106.68935,332.42,0.4,0.37,2023-05-30,0613,SNPP,SNPP,n,2,301.47,4.4,D,0
21.17448,105.96137,346.48,0.39,0.36,2023-05-30,0613,SNPP,SNPP,n,2,301.31,4.32,D,0
21.24515,106.16561,331.78,0.39,0.36,2023-05-30,0613,SNPP,SNPP,l,2,303.3,2.09,D,0
21.22442,105.99921,335.27,0.39,0.36,2023-05-30,0613,SNPP,SNPP,l,2,307.23,3.73,D,0
21.2311,105.99811,332.03,0.39,0.36,2023-05-30,0613,SNPP,SNPP,l,2,304.63,5.41,D,0
21.23673,105.96642,332.96,0.39,0.36,2023-05-30,0613,SNPP,SNPP,l,2,307.48,7.35,D,0
21.25113,105.49049,332.65,0.39,0.36,2023-05-30,0613,SNPP,SNPP,l,2,306.37,2.28,D,0
21.26439,105.48826,333.19,0.39,0.36,2023-05-30,0613,SNPP,SNPP,l,2,304.06,1.79,D,0
21.42277,106.25677,332.09,0.4,0.37,2023-05-30,0613,SNPP,SNPP,l,2,305.77,2.73,D,0
21.43893,105.89407,337.12,0.39,0.36,2023-05-30,0613,SNPP,SNPP,l,2,308.4,5.01,D,0
21.44172,105.88976,335.99,0.39,0.36,2023-05-30,0613,SNPP,SNPP,l,2,306.42,5.43,D,0
21.48242,105.87139,332.49,0.39,0.36,2023-05-30,0613,SNPP,SNPP,l,2,306.32,2.97,D,0
21.48188,105.86762,335.41,0.39,0.36,2023-05-30,0613,SNPP,SNPP,l,2,306.22,2.97,D,0
21.48133,105.86387,334.19,0.39,0.36,2023-05-30,0613,SNPP,SNPP,l,2,306.41,4.82,D,0
21.64888,106.6739,333.21,0.41,0.37,2023-05-30,0613,SNPP,SNPP,l,2,303.95,5.32,D,0
21.72109,106.27853,332.3,0.4,0.37,2023-05-30,0613,SNPP,SNPP,l,2,305.4,2.7,D,0
21.8291,106.84322,346.27,0.41,0.37,2023-05-30,0613,SNPP,SNPP,n,2,303.65,5.65,D,0
21.76052,106.30349,345.44,0.4,0.37,2023-05-30,0613,SNPP,SNPP,n,2,304.57,10.87,D,0
21.74924,106.17586,345.48,0.4,0.37,2023-05-30,0613,SNPP,SNPP,n,2,297.15,5.56,D,0
21.75259,106.17525,331.36,0.4,0.37,2023-05-30,0613,SNPP,SNPP,n,2,297.28,2.26,D,0
21.74215,105.95959,342.5,0.39,0.36,2023-05-30,0613,SNPP,SNPP,n,2,304.41,10.49,D,0
21.89768,105.8715,343.71,0.39,0.36,2023-05-30,0613,SNPP,SNPP,n,2,301.9,8.25,D,0
21.4846,105.15495,309.57,0.39,0.36,2023-05-30,1842,SNPP,SNPP,n,2,297.19,0.64,N,0
21.12568,105.97292,312.22,0.4,0.37,2023-05-30,1842,SNPP,SNPP,n,2,296.37,0.85,N,0
21.12232,105.97229,330.26,0.4,0.37,2023-05-30,1842,SNPP,SNPP,n,2,296.44,2.55,N,0
20.99119,105.89719,308.1,0.4,0.37,2023-05-30,1842,SNPP,SNPP,n,2,296.62,0.47,N,0
20.53851,105.69399,322.68,0.4,0.37,2023-05-30,1842,SNPP,SNPP,n,2,295.8,1.49,N,0
20.40611,105.90123,312.39,0.4,0.37,2023-05-30,1842,SNPP,SNPP,n,2,298.15,1.51,N,2
20.39937,105.89996,311.4,0.4,0.37,2023-05-30,1842,SNPP,SNPP,n,2,297.52,0.84,N,2
20.34794,105.91092,313.44,0.4,0.37,2023-05-30,1842,SNPP,SNPP,n,2,297.1,1.1,N,2
20.34055,105.9135,310.58,0.4,0.37,2023-05-30,1842,SNPP,SNPP,n,2,297.08,0.71,N,2
20.31193,106.04404,337.11,0.49,0.4,2023-05-31,0554,SNPP,SNPP,n,2,301.69,4.96,D,0
20.34933,106.10436,330.56,0.49,0.4,2023-05-31,0554,SNPP,SNPP,l,2,302.39,7.37,D,0
20.2851,105.47397,331.56,0.53,0.42,2023-05-31,0554,SNPP,SNPP,n,2,298.25,2,D,0
20.65207,106.4434,330.46,0.47,0.4,2023-05-31,0554,SNPP,SNPP,l,2,302.38,3.18,D,0
20.6513,106.43893,330.76,0.47,0.4,2023-05-31,0554,SNPP,SNPP,l,2,304.05,4.88,D,0
20.6484,105.92542,332.14,0.49,0.41,2023-05-31,0554,SNPP,SNPP,l,2,303.15,8.4,D,0
20.79297,106.71732,334.06,0.45,0.39,2023-05-31,0554,SNPP,SNPP,l,2,306.76,8.59,D,0
20.66777,105.92647,331.23,0.49,0.41,2023-05-31,0554,SNPP,SNPP,n,2,300.95,7.64,D,0
20.75379,106.37959,334.49,0.47,0.4,2023-05-31,0554,SNPP,SNPP,l,2,301.77,4.64,D,0
20.79151,106.38149,335.1,0.47,0.4,2023-05-31,0554,SNPP,SNPP,l,2,301.79,1.5,D,0
20.91678,106.74338,330.68,0.45,0.39,2023-05-31,0554,SNPP,SNPP,l,2,304.88,3.26,D,0
20.7864,105.91932,330.91,0.49,0.4,2023-05-31,0554,SNPP,SNPP,l,2,301.92,2.16,D,0
20.78558,105.91462,333.12,0.49,0.4,2023-05-31,0554,SNPP,SNPP,n,2,302.98,2.26,D,0
20.72929,105.54877,334.07,0.52,0.41,2023-05-31,0554,SNPP,SNPP,n,2,298.24,7.87,D,0
20.88779,106.35468,332.54,0.47,0.4,2023-05-31,0554,SNPP,SNPP,l,2,302.72,6.59,D,0
20.88838,106.35588,339.78,0.47,0.4,2023-05-31,0554,SNPP,SNPP,n,2,304.21,5.4,D,0
20.891,105.9827,333.53,0.49,0.4,2023-05-31,0554,SNPP,SNPP,n,2,302.86,3.51,D,0
20.92433,106.15263,333.91,0.48,0.4,2023-05-31,0554,SNPP,SNPP,l,2,304.84,8.71,D,0
20.92354,106.14806,339.08,0.48,0.4,2023-05-31,0554,SNPP,SNPP,l,2,305.87,5.71,D,0
21.00991,106.54261,336.07,0.46,0.39,2023-05-31,0554,SNPP,SNPP,l,2,308.88,6.47,D,2
20.90469,105.86356,337.65,0.49,0.41,2023-05-31,0554,SNPP,SNPP,n,2,301.55,6.35,D,0
20.91444,105.84859,332.19,0.49,0.41,2023-05-31,0554,SNPP,SNPP,l,2,303.87,6.1,D,0
20.779,105.01438,344.6,0.55,0.43,2023-05-31,0554,SNPP,SNPP,n,2,300.53,21.48,D,0
20.92505,105.71353,335.96,0.5,0.41,2023-05-31,0554,SNPP,SNPP,n,2,301.3,5.15,D,0
21.11567,106.78718,337.79,0.45,0.39,2023-05-31,0554,SNPP,SNPP,n,2,300.82,3.74,D,0
21.01435,105.9598,330.26,0.49,0.4,2023-05-31,0554,SNPP,SNPP,l,2,303.08,5.33,D,0
21.1111,106.39188,334.86,0.46,0.39,2023-05-31,0554,SNPP,SNPP,l,2,307.56,7.64,D,0
21.06186,106.10325,332.98,0.48,0.4,2023-05-31,0554,SNPP,SNPP,l,2,306.21,4.81,D,0
21.03082,105.92274,333.46,0.49,0.4,2023-05-31,0554,SNPP,SNPP,l,2,303.68,5.41,D,0
21.0345,105.92201,332.04,0.49,0.4,2023-05-31,0554,SNPP,SNPP,l,2,302.59,3.36,D,0
21.1115,106.38927,332.1,0.46,0.39,2023-05-31,0554,SNPP,SNPP,l,2,306.4,6.83,D,0
21.03315,105.92486,331.57,0.49,0.4,2023-05-31,0554,SNPP,SNPP,l,2,302.62,6.31,D,0
21.03232,105.9202,334.85,0.49,0.4,2023-05-31,0554,SNPP,SNPP,n,2,302.52,4.95,D,0
20.97848,105.55553,332.79,0.51,0.41,2023-05-31,0554,SNPP,SNPP,n,2,301.19,3.98,D,0
21.054,105.89171,334,0.49,0.4,2023-05-31,0554,SNPP,SNPP,n,2,301.63,4.51,D,0
21.00224,105.60109,333.33,0.51,0.41,2023-05-31,0554,SNPP,SNPP,n,2,299.88,3.02,D,0
21.05154,105.61631,330.87,0.51,0.41,2023-05-31,0554,SNPP,SNPP,l,2,301.79,8.35,D,0
21.11152,105.78272,331.38,0.5,0.41,2023-05-31,0554,SNPP,SNPP,l,2,304.36,7.53,D,0
21.22928,106.40386,331.52,0.46,0.39,2023-05-31,0554,SNPP,SNPP,n,2,300.47,2.6,D,0
21.11175,105.77954,331.07,0.5,0.41,2023-05-31,0554,SNPP,SNPP,l,2,304.13,7.49,D,0
21.23007,106.40484,331.24,0.46,0.39,2023-05-31,0554,SNPP,SNPP,n,2,299.47,1.62,D,0
21.11917,105.77807,331.14,0.5,0.41,2023-05-31,0554,SNPP,SNPP,l,2,304,8.09,D,0
21.20398,105.99821,333.93,0.48,0.4,2023-05-31,0554,SNPP,SNPP,l,2,304.17,4.85,D,0
21.24753,106.18326,336.24,0.47,0.4,2023-05-31,0554,SNPP,SNPP,l,2,309.23,11.22,D,0
21.23,105.81949,331.88,0.49,0.4,2023-05-31,0554,SNPP,SNPP,l,2,303.99,3.72,D,0
21.23207,105.80933,330.65,0.49,0.4,2023-05-31,0554,SNPP,SNPP,l,2,304.5,5.97,D,0
21.23116,105.81619,330.45,0.49,0.4,2023-05-31,0554,SNPP,SNPP,l,2,303.79,2.6,D,0
21.23032,105.81149,330.12,0.49,0.4,2023-05-31,0554,SNPP,SNPP,l,2,304.55,2.6,D,0
21.23402,105.81075,333.77,0.49,0.4,2023-05-31,0554,SNPP,SNPP,l,2,304.49,4.88,D,0
21.23194,105.7132,332.62,0.5,0.41,2023-05-31,0554,SNPP,SNPP,l,2,304.25,6.81,D,0
21.26914,105.48607,331.31,0.51,0.41,2023-05-31,0554,SNPP,SNPP,l,2,302.67,5.67,D,0
21.33381,105.83462,335,0.49,0.4,2023-05-31,0554,SNPP,SNPP,l,2,309.82,6.66,D,0
21.28144,105.53402,331.89,0.51,0.41,2023-05-31,0554,SNPP,SNPP,l,2,302.31,3.23,D,0
21.30291,105.63477,336.13,0.5,0.41,2023-05-31,0554,SNPP,SNPP,n,2,304.52,4.09,D,0
21.30664,105.63401,332.92,0.5,0.41,2023-05-31,0554,SNPP,SNPP,l,2,303.09,4.09,D,0
21.30953,105.62843,333.79,0.5,0.41,2023-05-31,0554,SNPP,SNPP,l,2,304.53,11.45,D,0
21.30869,105.6236,338.35,0.5,0.41,2023-05-31,0554,SNPP,SNPP,n,2,304.45,6.19,D,0
21.30353,105.63644,335.43,0.5,0.41,2023-05-31,0554,SNPP,SNPP,n,2,303.6,4.04,D,0
21.30266,105.63161,335.13,0.5,0.41,2023-05-31,0554,SNPP,SNPP,n,2,304.48,4.04,D,0
21.31013,105.63016,338.07,0.5,0.41,2023-05-31,0554,SNPP,SNPP,n,2,304.36,4.06,D,0
21.30926,105.62532,339.82,0.5,0.41,2023-05-31,0554,SNPP,SNPP,n,2,304.86,3.57,D,0
21.35696,105.87023,331.79,0.49,0.4,2023-05-31,0554,SNPP,SNPP,l,2,304.77,2.91,D,0
21.31386,105.62942,345.85,0.5,0.41,2023-05-31,0554,SNPP,SNPP,n,2,304.8,4.06,D,0
21.31299,105.62459,332.46,0.5,0.41,2023-05-31,0554,SNPP,SNPP,l,2,305.09,3.57,D,0
21.31758,105.62864,334.13,0.5,0.41,2023-05-31,0554,SNPP,SNPP,n,2,303.15,5.49,D,0
21.31267,105.27458,331.12,0.52,0.42,2023-05-31,0554,SNPP,SNPP,l,2,305.17,4.01,D,0
21.46357,105.89239,338.85,0.48,0.4,2023-05-31,0554,SNPP,SNPP,l,2,309.72,8.94,D,0
21.46277,105.88772,337.44,0.48,0.4,2023-05-31,0554,SNPP,SNPP,l,2,308.7,5.12,D,0
21.46182,105.88958,342.97,0.48,0.4,2023-05-31,0554,SNPP,SNPP,l,2,310.43,9.51,D,0
21.47973,105.86198,338.06,0.49,0.4,2023-05-31,0554,SNPP,SNPP,n,2,307.92,5.04,D,0
21.71009,106.6656,339.29,0.44,0.39,2023-05-31,0554,SNPP,SNPP,n,2,308.31,29.52,D,0
21.60139,106.02182,335.9,0.48,0.4,2023-05-31,0554,SNPP,SNPP,l,2,303.09,2.28,D,0
21.60505,106.02119,344.86,0.48,0.4,2023-05-31,0554,SNPP,SNPP,n,2,303.28,14.01,D,0
21.60045,105.84507,333.77,0.48,0.4,2023-05-31,0554,SNPP,SNPP,l,2,307.33,5.54,D,0
21.63397,105.64385,330.3,0.5,0.41,2023-05-31,0554,SNPP,SNPP,l,2,304.3,6.08,D,0
21.84206,106.437,332.86,0.45,0.39,2023-05-31,0554,SNPP,SNPP,l,2,302.99,9.85,D,0
21.72966,105.24095,332.07,0.52,0.41,2023-05-31,0554,SNPP,SNPP,l,2,302.96,4.83,D,0
21.72877,105.23598,333.38,0.52,0.41,2023-05-31,0554,SNPP,SNPP,n,2,302.3,3.83,D,0
21.92388,106.02168,334.55,0.47,0.4,2023-05-31,0554,SNPP,SNPP,n,2,304.16,6.31,D,0
21.92421,106.02328,336.34,0.47,0.4,2023-05-31,0554,SNPP,SNPP,n,2,304.25,10.32,D,0
21.5677,106.4931,307.6,0.44,0.38,2023-05-31,1823,SNPP,SNPP,n,2,295.69,1.18,N,0
21.55918,105.86749,313.4,0.47,0.4,2023-05-31,1823,SNPP,SNPP,n,2,294.74,2.75,N,2
21.0151,106.53853,311.24,0.43,0.38,2023-05-31,1823,SNPP,SNPP,n,2,295.81,1.41,N,2
20.99103,105.89909,312.67,0.46,0.39,2023-05-31,1823,SNPP,SNPP,n,2,294.74,0.82,N,0
20.99041,105.89656,308.05,0.46,0.39,2023-05-31,1823,SNPP,SNPP,n,2,294.61,0.48,N,0
20.98979,105.90098,308,0.46,0.39,2023-05-31,1823,SNPP,SNPP,n,2,294.54,0.48,N,0
20.77899,106.62989,317.31,0.43,0.38,2023-05-31,1823,SNPP,SNPP,n,2,296.52,1.1,N,0
20.40716,105.89963,315.18,0.45,0.39,2023-05-31,1823,SNPP,SNPP,n,2,297.22,1.53,N,2
20.39939,105.90285,312.5,0.45,0.39,2023-05-31,1823,SNPP,SNPP,n,2,296.81,1.04,N,2
20.34681,105.91232,313.45,0.45,0.39,2023-05-31,1823,SNPP,SNPP,n,2,296.68,1.34,N,2
20.34837,105.91441,309.04,0.45,0.39,2023-05-31,1823,SNPP,SNPP,n,2,296.46,0.74,N,2
20.355,104.97501,367,0.37,0.58,2023-06-01,0535,SNPP,SNPP,h,2,298.55,8.43,D,0
20.35567,104.97817,356.1,0.37,0.58,2023-06-01,0535,SNPP,SNPP,n,2,297.89,8.43,D,0
20.35342,104.97768,367,0.37,0.58,2023-06-01,0535,SNPP,SNPP,h,2,300.01,17.37,D,0
20.39281,105.00642,367,0.36,0.58,2023-06-01,0535,SNPP,SNPP,h,2,302.51,14.48,D,0
20.39845,105.00701,351.39,0.36,0.58,2023-06-01,0535,SNPP,SNPP,n,2,297.23,14.48,D,0
21.25903,106.66348,301.38,0.52,0.5,2023-06-01,1804,SNPP,SNPP,n,2,283.93,0.42,N,0
20.78668,105.21324,336.02,0.46,0.64,2023-06-02,0657,SNPP,SNPP,n,2,280.99,3.51,D,0
21.64317,106.69042,333.67,0.58,0.7,2023-06-02,0657,SNPP,SNPP,n,2,291.63,5.33,D,0
21.74298,105.96541,332.26,0.53,0.67,2023-06-02,0657,SNPP,SNPP,n,2,288.35,2.51,D,0
21.8201,106.44271,340.55,0.57,0.69,2023-06-02,0657,SNPP,SNPP,n,2,289.33,19.31,D,0
21.81964,106.43644,357.09,0.57,0.69,2023-06-02,0657,SNPP,SNPP,l,2,288.93,16.5,D,0
20.55815,105.35905,340.91,0.46,0.47,2023-06-03,0638,SNPP,SNPP,n,2,293.74,4.09,D,0
21.63612,106.09846,341.17,0.53,0.5,2023-06-03,0638,SNPP,SNPP,n,2,295.72,9.72,D,0
21.75967,106.30531,352.32,0.55,0.51,2023-06-03,0638,SNPP,SNPP,n,2,297.16,17.85,D,0
21.94432,105.3091,345.62,0.48,0.48,2023-06-03,0638,SNPP,SNPP,n,2,291.4,18.97,D,0
21.01721,106.53132,301.04,0.6,0.53,2023-06-03,1907,SNPP,SNPP,n,2,284.2,2.57,N,2
20.25429,106.06297,331.51,0.42,0.38,2023-06-04,0619,SNPP,SNPP,n,2,297.91,2.76,D,0
20.26197,105.53677,331.66,0.41,0.37,2023-06-04,0619,SNPP,SNPP,n,2,295.72,2.27,D,0
20.77899,105.45187,342.4,0.41,0.37,2023-06-04,0619,SNPP,SNPP,n,2,290.17,3.02,D,0
21.058,106.83103,334.8,0.46,0.39,2023-06-04,0619,SNPP,SNPP,n,2,296.33,3.04,D,0
20.99442,105.5486,341.38,0.41,0.37,2023-06-04,0619,SNPP,SNPP,n,2,297.74,4.32,D,0
21.33301,105.83473,330.45,0.43,0.38,2023-06-04,0619,SNPP,SNPP,n,2,300.06,2.36,D,0
21.63517,105.07751,335.37,0.41,0.37,2023-06-04,0619,SNPP,SNPP,n,2,296.71,2.97,D,0
21.90656,105.53139,332.67,0.42,0.38,2023-06-04,0619,SNPP,SNPP,n,2,294.35,2.6,D,0
21.02026,106.52948,323.37,0.39,0.36,2023-06-05,1829,SNPP,SNPP,n,2,290.04,1.88,N,2
21.01692,106.5289,317.62,0.39,0.36,2023-06-05,1829,SNPP,SNPP,n,2,290.29,1.58,N,2
20.40613,105.90047,314.23,0.4,0.37,2023-06-05,1830,SNPP,SNPP,n,2,290.34,1.33,N,2
20.40274,105.89993,308.04,0.4,0.37,2023-06-05,1830,SNPP,SNPP,n,2,290.48,1.33,N,2
20.39873,105.90031,313.75,0.4,0.37,2023-06-05,1830,SNPP,SNPP,n,2,290.21,2.47,N,2
20.40741,105.89867,310.53,0.45,0.47,2023-06-06,1811,SNPP,SNPP,n,2,288.07,1.46,N,2
20.39826,105.90182,305.48,0.45,0.47,2023-06-06,1811,SNPP,SNPP,n,2,287.6,1.96,N,2
20.24701,105.9827,334.85,0.39,0.36,2023-06-10,0606,SNPP,SNPP,l,2,300.31,5.57,D,0
20.25916,105.97295,331.73,0.39,0.36,2023-06-10,0606,SNPP,SNPP,l,2,300.22,6.49,D,0
20.26249,105.97235,331.75,0.39,0.36,2023-06-10,0606,SNPP,SNPP,l,2,300.14,5.66,D,0
20.30779,106.05164,331.2,0.39,0.36,2023-06-10,0606,SNPP,SNPP,l,2,299.14,4.4,D,0
21.23611,105.57605,330.66,0.39,0.36,2023-06-10,0607,SNPP,SNPP,l,2,300.34,5.18,D,0
21.25704,105.49113,330.43,0.39,0.36,2023-06-10,0607,SNPP,SNPP,l,2,301.12,3.79,D,0
21.331,105.83972,330.77,0.39,0.36,2023-06-10,0607,SNPP,SNPP,l,2,301.9,5.23,D,0
21.42125,106.40199,342.89,0.38,0.36,2023-06-10,0607,SNPP,SNPP,n,2,292.05,4.52,D,0
21.33374,105.83541,334.95,0.39,0.36,2023-06-10,0607,SNPP,SNPP,l,2,304.11,5.23,D,0
21.33315,105.83169,332.87,0.39,0.36,2023-06-10,0607,SNPP,SNPP,l,2,303.53,4.1,D,0
20.99175,105.89917,308.7,0.38,0.36,2023-06-10,1836,SNPP,SNPP,n,2,290.84,0.86,N,3
20.40269,105.89967,299.89,0.38,0.36,2023-06-10,1836,SNPP,SNPP,n,2,272.92,0.52,N,2
20.86362,105.21906,336.39,0.44,0.46,2023-06-11,0548,SNPP,SNPP,n,2,284.51,4.31,D,0
20.93833,105.38174,334.89,0.43,0.46,2023-06-11,0548,SNPP,SNPP,n,2,279.85,3.12,D,0
21.88564,105.95079,339.84,0.38,0.43,2023-06-11,0548,SNPP,SNPP,n,2,286.17,6.44,D,0
21.41636,106.44183,353.24,0.36,0.57,2023-06-12,0529,SNPP,SNPP,n,2,290.3,4.1,D,0
21.41565,106.4385,332.34,0.36,0.57,2023-06-12,0529,SNPP,SNPP,n,2,288.95,4.1,D,0
20.93297,106.17243,330.64,0.39,0.36,2023-06-15,0613,SNPP,SNPP,n,2,297.09,4.43,D,0
20.97874,106.39322,330.46,0.4,0.37,2023-06-15,0613,SNPP,SNPP,n,2,298.54,4.34,D,0
20.9821,106.39268,331.71,0.4,0.37,2023-06-15,0613,SNPP,SNPP,n,2,299.03,4.53,D,0
20.94463,106.02813,331.12,0.39,0.36,2023-06-15,0613,SNPP,SNPP,n,2,297.56,4.56,D,0
20.95852,106.02967,332.79,0.39,0.36,2023-06-15,0613,SNPP,SNPP,n,2,297.43,5.17,D,0
21.24218,106.14106,330.7,0.39,0.36,2023-06-15,0613,SNPP,SNPP,n,2,297.12,5.41,D,0
21.33291,105.83358,331.46,0.39,0.36,2023-06-15,0613,SNPP,SNPP,n,2,300.23,8.47,D,0
21.5596,105.86882,301.24,0.39,0.37,2023-06-15,1842,SNPP,SNPP,n,2,272.21,0.91,N,2
21.01785,106.53148,308.3,0.6,0.53,2023-06-19,1907,SNPP,SNPP,n,2,284.46,1.73,N,2
20.33676,105.92688,330.63,0.42,0.38,2023-06-20,0619,SNPP,SNPP,l,2,302.24,6.69,D,0
20.34021,105.92634,333.9,0.42,0.38,2023-06-20,0619,SNPP,SNPP,n,2,303.43,7.28,D,0
20.34201,105.91373,330.3,0.42,0.38,2023-06-20,0619,SNPP,SNPP,l,2,300.83,4.93,D,2
20.34033,105.91058,307.34,0.45,0.39,2023-06-20,1848,SNPP,SNPP,n,2,286.94,2.45,N,2
20.40451,105.89792,304.45,0.4,0.37,2023-06-21,1829,SNPP,SNPP,n,2,285.84,2.54,N,2
20.40056,105.90118,309.22,0.4,0.37,2023-06-21,1829,SNPP,SNPP,n,2,287.99,1.73,N,2
20.34022,105.91079,309.24,0.4,0.37,2023-06-21,1829,SNPP,SNPP,n,2,289.8,0.66,N,2
21.01849,106.52991,299.68,0.38,0.43,2023-06-25,1854,SNPP,SNPP,n,2,282.43,1.46,N,2
20.40751,105.89943,312.99,0.38,0.36,2023-06-26,1836,SNPP,SNPP,n,2,291.79,2.01,N,2
21.01651,106.52893,310.42,0.51,0.41,2023-06-27,1817,SNPP,SNPP,n,2,291.54,3.52,N,2
21.01519,106.53881,306.12,0.51,0.41,2023-06-27,1817,SNPP,SNPP,n,2,291.09,2.24,N,2
20.40733,105.89896,299.64,0.54,0.42,2023-06-27,1817,SNPP,SNPP,n,2,284.74,2.95,N,2
20.40432,105.90054,309.41,0.36,0.57,2023-06-28,1758,SNPP,SNPP,n,2,282.15,0.93,N,2
21.01743,106.52985,302.75,0.48,0.48,2023-06-30,1901,SNPP,SNPP,n,2,273.8,1.5,N,2
20.3404,105.913,309.18,0.45,0.47,2023-06-30,1901,SNPP,SNPP,n,2,290.02,2.66,N,2
20.44474,106.315,330.3,0.39,0.36,2023-07-01,0612,SNPP,SNPP,n,2,298.95,4.43,D,0
20.44366,106.30749,331.6,0.39,0.36,2023-07-01,0612,SNPP,SNPP,n,2,300.17,6.17,D,0
21.15516,106.23757,336.04,0.39,0.37,2023-07-01,0613,SNPP,SNPP,n,2,294.8,3.69,D,0
21.24822,106.17967,333.17,0.39,0.36,2023-07-01,0613,SNPP,SNPP,n,2,296.51,6.7,D,0
21.01957,106.52909,323.91,0.41,0.37,2023-07-01,1842,SNPP,SNPP,n,2,285.35,2.56,N,2
21.02004,106.52955,312.83,0.41,0.37,2023-07-01,1842,SNPP,SNPP,n,2,285.05,2,N,2
21.01662,106.5289,321.08,0.41,0.37,2023-07-01,1842,SNPP,SNPP,n,2,285.31,2,N,2
21.01463,106.54077,307.79,0.41,0.37,2023-07-01,1842,SNPP,SNPP,n,2,285.16,1.78,N,2
20.40691,105.9008,315.23,0.4,0.37,2023-07-01,1842,SNPP,SNPP,n,2,292.6,1.37,N,2
20.40354,105.90015,313.82,0.4,0.37,2023-07-01,1842,SNPP,SNPP,n,2,292.52,1.22,N,2
20.67007,105.93382,330.18,0.49,0.4,2023-07-02,0554,SNPP,SNPP,n,2,295.4,3.74,D,0
21.01172,105.24916,333.76,0.53,0.42,2023-07-02,0554,SNPP,SNPP,n,2,292.31,2.88,D,0
21.01398,105.25127,335.21,0.53,0.42,2023-07-02,0554,SNPP,SNPP,n,2,292.43,6.74,D,0
21.01429,106.53928,304.28,0.43,0.38,2023-07-02,1823,SNPP,SNPP,n,2,271.49,0.95,N,2
21.01815,106.52585,307.6,0.53,0.67,2023-07-04,1745,SNPP,SNPP,n,2,285.57,1.82,N,2
21.01772,106.53111,303.38,0.53,0.67,2023-07-04,1745,SNPP,SNPP,n,2,285.07,1.82,N,2
21.02035,106.53024,306.02,0.53,0.67,2023-07-04,1745,SNPP,SNPP,n,2,284.98,1.68,N,2
20.40732,105.89682,304.48,0.57,0.69,2023-07-04,1745,SNPP,SNPP,n,2,286.56,3.13,N,2
21.01746,106.52792,304.55,0.6,0.7,2023-07-04,1926,SNPP,SNPP,n,2,279.89,1.54,N,2
21.01789,106.52818,304.82,0.6,0.7,2023-07-04,1926,SNPP,SNPP,n,2,280.01,1.67,N,2
20.42611,104.88467,340.51,0.43,0.46,2023-07-05,0638,SNPP,SNPP,n,2,293.27,17.32,D,0
21.42441,106.44403,342,0.56,0.51,2023-07-05,0638,SNPP,SNPP,n,2,291.52,12.31,D,0
20.3369,105.92558,331.45,0.42,0.38,2023-07-06,0619,SNPP,SNPP,l,2,303.39,5.71,D,0
20.34037,105.92503,333.14,0.42,0.38,2023-07-06,0619,SNPP,SNPP,l,2,304.71,5.54,D,0
20.40458,105.90268,332.96,0.42,0.38,2023-07-06,0619,SNPP,SNPP,n,2,302.66,5.24,D,2
20.40804,105.90214,331.22,0.42,0.38,2023-07-06,0619,SNPP,SNPP,l,2,301.25,3.45,D,2
20.63256,105.88939,332,0.42,0.38,2023-07-06,0619,SNPP,SNPP,l,2,302.49,3.44,D,0
20.63199,105.88534,330.14,0.42,0.38,2023-07-06,0619,SNPP,SNPP,l,2,302.09,4.81,D,0
20.85147,106.01487,330.54,0.43,0.38,2023-07-06,0619,SNPP,SNPP,l,2,301.76,3.74,D,0
20.92393,106.0684,332.3,0.43,0.38,2023-07-06,0619,SNPP,SNPP,n,2,302.29,6.86,D,0
20.91504,105.84743,330.29,0.42,0.38,2023-07-06,0619,SNPP,SNPP,l,2,300.92,3.2,D,0
21.00739,105.63507,332.63,0.42,0.37,2023-07-06,0619,SNPP,SNPP,n,2,300.76,5.12,D,0
20.99508,105.54704,335.24,0.41,0.37,2023-07-06,0619,SNPP,SNPP,n,2,297.47,3.96,D,0
21.0114,105.63855,331.02,0.42,0.37,2023-07-06,0619,SNPP,SNPP,n,2,300.55,3.34,D,0
21.01084,105.63452,333.23,0.42,0.37,2023-07-06,0619,SNPP,SNPP,n,2,301.31,3.34,D,0
21.02239,105.61633,334.64,0.42,0.37,2023-07-06,0619,SNPP,SNPP,n,2,301.89,7.78,D,0
21.08943,105.67615,331.05,0.42,0.38,2023-07-06,0619,SNPP,SNPP,n,2,300.79,4.3,D,0
21.20071,105.7542,331.32,0.42,0.38,2023-07-06,0619,SNPP,SNPP,n,2,301.31,3.79,D,0
21.20418,105.75366,330.38,0.42,0.38,2023-07-06,0619,SNPP,SNPP,l,2,300.87,3.79,D,0
21.32096,106.45597,331.92,0.45,0.39,2023-07-06,0619,SNPP,SNPP,n,2,293.66,1.9,D,0
21.33391,105.8343,336.03,0.43,0.38,2023-07-06,0619,SNPP,SNPP,n,2,304.48,5.39,D,0
21.33739,105.83376,332.06,0.43,0.38,2023-07-06,0619,SNPP,SNPP,l,2,302.29,5.39,D,0
21.30153,105.42216,335.75,0.41,0.37,2023-07-06,0619,SNPP,SNPP,n,2,300.35,3.76,D,0
21.01376,106.53829,309.07,0.48,0.4,2023-07-06,1848,SNPP,SNPP,n,2,292.13,2.96,N,2
20.40316,105.89955,308.21,0.46,0.39,2023-07-06,1848,SNPP,SNPP,n,2,292.13,1.62,N,2
20.24273,106.00498,334.48,0.42,0.38,2023-07-07,0600,SNPP,SNPP,l,2,301.4,6.95,D,0
20.24631,105.98351,333.87,0.42,0.38,2023-07-07,0600,SNPP,SNPP,l,2,301.15,6.35,D,0
20.24911,105.97884,334.15,0.42,0.38,2023-07-07,0600,SNPP,SNPP,l,2,301.23,6.36,D,0
20.25257,105.9782,331.98,0.42,0.38,2023-07-07,0600,SNPP,SNPP,l,2,300.88,6.48,D,0
20.2547,105.96946,331.34,0.42,0.38,2023-07-07,0600,SNPP,SNPP,l,2,300.98,6.77,D,0
20.25882,105.97285,332.26,0.42,0.38,2023-07-07,0600,SNPP,SNPP,l,2,301.24,3.4,D,0
20.26229,105.97221,333.33,0.42,0.38,2023-07-07,0600,SNPP,SNPP,l,2,301.58,3.4,D,0
20.26162,105.96817,331.8,0.42,0.38,2023-07-07,0600,SNPP,SNPP,l,2,300.96,6.14,D,0
20.32135,106.01976,330.04,0.42,0.38,2023-07-07,0600,SNPP,SNPP,l,2,300.03,2.35,D,0
20.60766,105.86846,330.89,0.42,0.38,2023-07-07,0600,SNPP,SNPP,l,2,302.3,4.09,D,0
20.68229,105.75794,330.57,0.43,0.38,2023-07-07,0600,SNPP,SNPP,l,2,301.43,4.09,D,0
20.78018,105.91158,331.88,0.42,0.38,2023-07-07,0600,SNPP,SNPP,l,2,302.13,4.65,D,0
20.78787,105.8935,333.48,0.42,0.38,2023-07-07,0600,SNPP,SNPP,l,2,302.73,4.68,D,0
20.82046,105.34801,332.51,0.44,0.39,2023-07-07,0600,SNPP,SNPP,l,2,301.42,7.99,D,0
20.957,105.73362,334.68,0.43,0.38,2023-07-07,0600,SNPP,SNPP,l,2,300.94,4.76,D,0
20.9518,105.61625,330.05,0.43,0.38,2023-07-07,0600,SNPP,SNPP,l,2,300.08,2.18,D,0
20.99872,105.7047,331.57,0.43,0.38,2023-07-07,0600,SNPP,SNPP,l,2,300.79,3.7,D,0
20.99111,105.6307,331.88,0.43,0.38,2023-07-07,0600,SNPP,SNPP,l,2,301.47,3.27,D,0
21.02035,105.61245,332.52,0.43,0.38,2023-07-07,0600,SNPP,SNPP,l,2,302.57,4.99,D,0
21.02452,105.61591,332.85,0.43,0.38,2023-07-07,0600,SNPP,SNPP,l,2,302.28,2.8,D,0
21.02869,105.61935,332.24,0.43,0.38,2023-07-07,0600,SNPP,SNPP,l,2,301.58,2.8,D,0
21.028,105.61524,332.63,0.43,0.38,2023-07-07,0600,SNPP,SNPP,l,2,301.92,2.8,D,0
21.03358,105.6057,330.43,0.43,0.38,2023-07-07,0600,SNPP,SNPP,l,2,300.7,5.52,D,0
21.03707,105.60504,332.74,0.43,0.38,2023-07-07,0600,SNPP,SNPP,l,2,301.22,2.59,D,0
21.04957,105.6154,330.5,0.43,0.38,2023-07-07,0600,SNPP,SNPP,l,2,300.39,2.68,D,0
21.05374,105.61885,330.71,0.43,0.38,2023-07-07,0600,SNPP,SNPP,l,2,301.34,3.03,D,0
21.05305,105.61475,330.71,0.43,0.38,2023-07-07,0600,SNPP,SNPP,l,2,301.24,3.11,D,0
21.05721,105.61819,331.86,0.43,0.38,2023-07-07,0600,SNPP,SNPP,l,2,301.66,3.03,D,0
21.0771,105.69473,332.41,0.43,0.38,2023-07-07,0600,SNPP,SNPP,l,2,301.19,5.54,D,0
21.07945,105.62246,331.86,0.43,0.38,2023-07-07,0600,SNPP,SNPP,l,2,301.52,3.41,D,0
21.08293,105.6218,332.13,0.43,0.38,2023-07-07,0600,SNPP,SNPP,l,2,301.63,2.99,D,0
21.10933,105.54079,330.1,0.43,0.38,2023-07-07,0600,SNPP,SNPP,l,2,300.44,5.07,D,0
21.12814,105.56703,330.74,0.43,0.38,2023-07-07,0600,SNPP,SNPP,l,2,300.16,2.66,D,0
21.12961,105.42559,331.67,0.44,0.38,2023-07-07,0600,SNPP,SNPP,l,2,302.63,3.15,D,0
21.11262,105.28146,330.46,0.44,0.38,2023-07-07,0600,SNPP,SNPP,l,2,301.82,7.05,D,0
21.23774,105.61471,330.89,0.43,0.38,2023-07-07,0600,SNPP,SNPP,l,2,301.37,2.34,D,0
21.23501,105.57711,331.41,0.43,0.38,2023-07-07,0600,SNPP,SNPP,l,2,302.2,6.67,D,0
21.25522,105.54778,331.34,0.43,0.38,2023-07-07,0600,SNPP,SNPP,l,2,301.07,4,D,0
21.25871,105.54711,332.43,0.43,0.38,2023-07-07,0600,SNPP,SNPP,l,2,300.81,2.38,D,0
21.2567,105.4921,331,0.43,0.38,2023-07-07,0600,SNPP,SNPP,l,2,301.72,2.8,D,0
21.25601,105.48795,331.95,0.43,0.38,2023-07-07,0600,SNPP,SNPP,l,2,301.33,2.8,D,0
21.27263,105.54446,330.13,0.43,0.38,2023-07-07,0600,SNPP,SNPP,l,2,300.54,3.37,D,0
21.33496,105.83514,333.91,0.42,0.38,2023-07-07,0600,SNPP,SNPP,l,2,303.37,8.25,D,0
21.33934,105.68086,330.49,0.42,0.38,2023-07-07,0600,SNPP,SNPP,l,2,298.69,5.82,D,0
21.39928,105.22068,330.09,0.44,0.38,2023-07-07,0600,SNPP,SNPP,l,2,299.37,5.37,D,0
21.68308,104.95281,344.05,0.45,0.39,2023-07-07,0600,SNPP,SNPP,l,2,298.36,4.74,D,0
21.87085,105.2401,324.51,0.43,0.38,2023-07-07,1829,SNPP,SNPP,n,2,293.61,3.39,N,0
21.48417,105.87138,309.87,0.41,0.37,2023-07-07,1829,SNPP,SNPP,n,2,293.36,3.83,N,0
20.40597,105.89896,314.16,0.4,0.37,2023-07-07,1830,SNPP,SNPP,n,2,294.05,4.77,N,2
20.40763,105.89987,307.81,0.45,0.47,2023-07-08,1811,SNPP,SNPP,n,2,290.62,1.7,N,2
20.40331,105.89936,310.26,0.45,0.47,2023-07-08,1811,SNPP,SNPP,n,2,290.3,1.7,N,2
20.32834,106.27714,332.78,0.42,0.45,2023-07-08,1811,SNPP,SNPP,n,2,293.43,7.65,N,0
20.32786,106.28122,334.75,0.42,0.45,2023-07-08,1811,SNPP,SNPP,n,2,294.74,7.35,N,0
20.32366,106.28063,337.86,0.42,0.45,2023-07-08,1811,SNPP,SNPP,n,2,292.87,7.35,N,0
20.32414,106.27655,307.8,0.42,0.45,2023-07-08,1811,SNPP,SNPP,n,2,292.68,7.65,N,0
20.3278,106.27845,340.21,0.42,0.45,2023-07-08,1811,SNPP,SNPP,n,2,295.25,17.68,N,0
20.32729,106.28252,311.24,0.42,0.45,2023-07-08,1811,SNPP,SNPP,n,2,293.49,8.66,N,0
20.3236,106.27787,310.26,0.42,0.45,2023-07-08,1811,SNPP,SNPP,n,2,292.71,3.9,N,0
20.40467,105.89766,306.44,0.45,0.63,2023-07-09,1752,SNPP,SNPP,n,2,284.64,1.39,N,2
20.40596,105.90022,303.71,0.45,0.63,2023-07-09,1752,SNPP,SNPP,n,2,284.26,1.18,N,2
20.16737,105.09256,340.76,0.56,0.51,2023-07-10,0644,SNPP,SNPP,n,2,294.55,6.85,D,0
20.54999,105.59178,341.27,0.61,0.53,2023-07-10,0644,SNPP,SNPP,n,2,292.54,10.59,D,0
20.54932,105.58559,331.76,0.61,0.53,2023-07-10,0644,SNPP,SNPP,n,2,291.17,10.59,D,0
21.33381,105.83501,331.17,0.32,0.55,2023-07-10,0644,SNPP,SNPP,n,2,297.64,4.95,D,0
21.01768,106.52974,316.08,0.38,0.59,2023-07-10,1913,SNPP,SNPP,n,2,290.5,2.65,N,2
20.39849,105.90217,306.42,0.36,0.57,2023-07-10,1913,SNPP,SNPP,n,2,289.89,1.4,N,2
20.18584,105.30955,331.62,0.46,0.39,2023-07-11,0625,SNPP,SNPP,n,2,294.62,2.06,D,0
20.31106,105.4674,336.75,0.47,0.4,2023-07-11,0625,SNPP,SNPP,n,2,297.59,4.78,D,0
20.62693,105.94465,331.03,0.5,0.41,2023-07-11,0625,SNPP,SNPP,n,2,297.63,2.79,D,0
21.02112,105.61561,331.68,0.48,0.4,2023-07-11,0625,SNPP,SNPP,l,2,301.79,7.12,D,0
21.02278,105.61671,331.87,0.48,0.4,2023-07-11,0625,SNPP,SNPP,n,2,301.52,7.3,D,0
21.02219,105.61203,330.58,0.48,0.4,2023-07-11,0625,SNPP,SNPP,l,2,301.06,5.82,D,0
21.12831,105.42349,330.16,0.48,0.4,2023-07-11,0625,SNPP,SNPP,l,2,301.71,4.24,D,0
21.3336,105.83247,331.17,0.5,0.41,2023-07-11,0625,SNPP,SNPP,l,2,301.37,6.71,D,0
21.25868,104.95293,338,0.45,0.39,2023-07-11,0625,SNPP,SNPP,n,2,296.21,3.07,D,0
21.26036,104.95369,338.26,0.45,0.39,2023-07-11,0625,SNPP,SNPP,n,2,295.68,4.36,D,0
21.55913,105.8685,310.06,0.52,0.42,2023-07-11,1854,SNPP,SNPP,n,2,288.73,2.75,N,2
20.34195,105.91267,305.66,0.55,0.43,2023-07-11,1855,SNPP,SNPP,n,2,287.95,2.27,N,2
20.11059,105.22712,334.56,0.4,0.37,2023-07-12,0606,SNPP,SNPP,n,2,296.63,12.27,D,0
20.24623,105.97158,336.99,0.39,0.36,2023-07-12,0606,SNPP,SNPP,l,2,303.85,7.48,D,0
20.26011,105.97295,335.87,0.39,0.36,2023-07-12,0606,SNPP,SNPP,l,2,303.46,7.54,D,0
20.68372,105.7566,331.96,0.39,0.36,2023-07-12,0606,SNPP,SNPP,l,2,302.4,4.72,D,0
20.95906,106.44537,330.03,0.38,0.36,2023-07-12,0606,SNPP,SNPP,l,2,299.73,3.07,D,0
20.92377,106.1487,335.41,0.39,0.36,2023-07-12,0606,SNPP,SNPP,l,2,302.23,3.78,D,0
21.02509,105.61917,334.15,0.39,0.36,2023-07-12,0606,SNPP,SNPP,l,2,303.97,7.51,D,0
21.05481,105.62125,332.06,0.39,0.36,2023-07-12,0606,SNPP,SNPP,l,2,302.98,7,D,0
21.20161,105.99651,339.85,0.39,0.36,2023-07-12,0606,SNPP,SNPP,l,2,301.32,9.77,D,0
21.12923,105.42638,331.84,0.39,0.36,2023-07-12,0606,SNPP,SNPP,l,2,302.99,3.08,D,0
21.23593,105.58101,330.18,0.39,0.36,2023-07-12,0606,SNPP,SNPP,l,2,301.62,6.42,D,0
21.33226,105.38232,337.4,0.39,0.36,2023-07-12,0607,SNPP,SNPP,l,2,301.58,6.48,D,0
21.33501,105.37795,333.45,0.39,0.36,2023-07-12,0607,SNPP,SNPP,l,2,301.36,7.35,D,0
21.46307,105.88945,334.43,0.39,0.36,2023-07-12,0607,SNPP,SNPP,l,2,302.57,11.69,D,0
21.39982,105.22224,331.65,0.4,0.37,2023-07-12,0607,SNPP,SNPP,l,2,300.89,3.94,D,0
20.40736,105.9005,310.52,0.38,0.36,2023-07-12,1836,SNPP,SNPP,n,2,287.88,1.78,N,2
20.40406,105.89991,310.3,0.38,0.36,2023-07-12,1836,SNPP,SNPP,n,2,288.98,3.85,N,2
20.26962,106.34688,332.27,0.38,0.43,2023-07-13,0547,SNPP,SNPP,n,2,295.76,4.04,D,0
20.34264,105.92475,330.22,0.4,0.44,2023-07-13,0547,SNPP,SNPP,n,2,299.36,6.34,D,0
20.40487,106.14744,333.98,0.39,0.44,2023-07-13,0547,SNPP,SNPP,n,2,299.08,4.92,D,0
20.44335,106.31232,330.26,0.57,0.43,2023-07-13,0547,SNPP,SNPP,n,2,300.12,5.58,D,0
20.44235,106.30687,331.78,0.57,0.43,2023-07-13,0547,SNPP,SNPP,n,2,300.53,5.99,D,0
20.42022,106.1404,330.67,0.39,0.44,2023-07-13,0547,SNPP,SNPP,n,2,298.89,2.74,D,0
20.42066,105.69055,337.81,0.42,0.45,2023-07-13,0547,SNPP,SNPP,n,2,294.65,3.52,D,0
20.63337,105.88877,331.55,0.4,0.44,2023-07-13,0548,SNPP,SNPP,n,2,299.04,6.69,D,0
20.78498,105.9162,330.66,0.4,0.44,2023-07-13,0548,SNPP,SNPP,n,2,298.15,4.13,D,0
20.98635,106.54874,333.47,0.54,0.42,2023-07-13,0548,SNPP,SNPP,n,2,298.52,5.35,D,0
20.92749,105.7551,331.25,0.4,0.44,2023-07-13,0548,SNPP,SNPP,n,2,298.54,3.48,D,0
20.9262,105.75515,330.4,0.4,0.44,2023-07-13,0548,SNPP,SNPP,n,2,298.25,3.27,D,0
21.09655,106.07899,331.62,0.38,0.43,2023-07-13,0548,SNPP,SNPP,n,2,298.56,2.63,D,0
21.17447,105.96285,343.87,0.39,0.44,2023-07-13,0548,SNPP,SNPP,n,2,295.91,2.3,D,0
21.33528,105.83625,331.96,0.39,0.44,2023-07-13,0548,SNPP,SNPP,n,2,300.49,6.15,D,0
21.33458,105.8325,334.23,0.39,0.44,2023-07-13,0548,SNPP,SNPP,n,2,301.56,4.98,D,0
21.01736,106.52717,312.92,0.51,0.41,2023-07-13,1817,SNPP,SNPP,n,2,292.27,2.71,N,2
21.01671,106.53207,317.3,0.51,0.41,2023-07-13,1817,SNPP,SNPP,n,2,292.04,2.71,N,2
20.40729,105.90145,309.48,0.54,0.42,2023-07-13,1817,SNPP,SNPP,n,2,289.55,3.86,N,2
20.40339,105.90091,309.93,0.54,0.42,2023-07-13,1817,SNPP,SNPP,n,2,290.1,5.65,N,2
21.51048,106.24165,347.68,0.36,0.57,2023-07-14,0529,SNPP,SNPP,n,2,287,5.4,D,0
21.81222,106.25301,354.32,0.36,0.57,2023-07-14,0529,SNPP,SNPP,n,2,289.16,5.6,D,0
21.89823,106.0707,330.29,0.36,0.58,2023-07-14,0529,SNPP,SNPP,n,2,288.78,2.54,D,0
21.93735,105.58709,334.26,0.39,0.59,2023-07-14,0529,SNPP,SNPP,n,2,287.45,2.12,D,0
21.91305,105.42381,340.14,0.4,0.6,2023-07-14,0529,SNPP,SNPP,n,2,283.55,5,D,0
20.52981,105.86482,306.52,0.36,0.57,2023-07-14,1758,SNPP,SNPP,n,2,281.54,0.93,N,2
20.40425,105.9001,304.92,0.36,0.57,2023-07-14,1758,SNPP,SNPP,n,2,277.52,1.52,N,2
20.24777,106.02693,298.93,0.35,0.57,2023-07-14,1758,SNPP,SNPP,n,2,275.82,0.82,N,0
20.24816,106.02771,302.12,0.35,0.57,2023-07-14,1758,SNPP,SNPP,n,2,275.96,2.11,N,0
21.01838,106.5279,310.91,0.48,0.65,2023-07-15,1919,SNPP,SNPP,n,2,283.86,1.8,N,2
20.91317,105.84154,308.72,0.44,0.62,2023-07-15,1919,SNPP,SNPP,n,2,275.52,1.67,N,0
20.92876,106.22722,330.7,0.39,0.36,2023-07-17,0613,SNPP,SNPP,n,2,295.93,4.56,D,0
21.08568,106.71175,334.91,0.4,0.37,2023-07-17,0613,SNPP,SNPP,n,2,286.11,2.83,D,0
21.25074,106.59814,334.93,0.4,0.37,2023-07-17,0613,SNPP,SNPP,n,2,283.22,3.21,D,0
21.01105,106.53974,300.55,0.52,0.67,2023-07-20,1745,SNPP,SNPP,n,2,276.4,1.31,N,2
20.35486,106.10358,332.2,0.43,0.38,2023-07-22,0619,SNPP,SNPP,n,2,300.87,3.84,D,0
20.3414,105.92611,333.66,0.42,0.38,2023-07-22,0619,SNPP,SNPP,n,2,301.33,5.07,D,0
21.00764,105.63101,330.46,0.42,0.38,2023-07-22,0619,SNPP,SNPP,n,2,298.93,4.83,D,0
21.7,105.87907,306.31,0.44,0.39,2023-07-22,1848,SNPP,SNPP,n,2,291.15,1.8,N,0
21.55968,105.87047,306.43,0.44,0.39,2023-07-22,1848,SNPP,SNPP,n,2,289.19,2.51,N,2
21.01898,106.52878,315.44,0.48,0.4,2023-07-22,1848,SNPP,SNPP,n,2,295.06,3.74,N,2
20.48095,105.88235,311.56,0.46,0.39,2023-07-22,1848,SNPP,SNPP,n,2,294.14,1.31,N,0
20.40252,105.90064,309.92,0.46,0.39,2023-07-22,1848,SNPP,SNPP,n,2,294.53,3.36,N,2
20.39894,105.89993,308.88,0.46,0.39,2023-07-22,1848,SNPP,SNPP,n,2,294.17,2.72,N,2
20.34132,105.91122,308.71,0.46,0.39,2023-07-22,1848,SNPP,SNPP,n,2,294.03,2.61,N,2
20.8209,105.34757,332.67,0.44,0.38,2023-07-23,0600,SNPP,SNPP,l,2,303.48,9.42,D,0
20.99025,105.62832,331.39,0.43,0.38,2023-07-23,0600,SNPP,SNPP,l,2,303.06,2.89,D,0
21.02149,105.61456,334.64,0.43,0.38,2023-07-23,0600,SNPP,SNPP,l,2,305.7,7.41,D,0
21.02565,105.618,332.89,0.43,0.38,2023-07-23,0600,SNPP,SNPP,l,2,304.31,6.36,D,0
21.02427,105.60981,331.81,0.43,0.38,2023-07-23,0600,SNPP,SNPP,l,2,303.1,3.5,D,0
21.02844,105.61325,331,0.43,0.38,2023-07-23,0600,SNPP,SNPP,l,2,303.15,3.5,D,0
21.05064,105.61749,332.92,0.43,0.38,2023-07-23,0600,SNPP,SNPP,l,2,304.81,3.45,D,0
21.0548,105.62093,332.27,0.43,0.38,2023-07-23,0600,SNPP,SNPP,l,2,303.97,4.51,D,0
21.05412,105.61684,332.57,0.43,0.38,2023-07-23,0600,SNPP,SNPP,l,2,304.38,5.55,D,0
21.09519,105.58372,330.99,0.43,0.38,2023-07-23,0600,SNPP,SNPP,l,2,303.28,2.81,D,0
21.25395,105.49176,330.79,0.43,0.38,2023-07-23,0600,SNPP,SNPP,l,2,304.19,2.64,D,0
21.25743,105.4911,331.95,0.43,0.38,2023-07-23,0600,SNPP,SNPP,l,2,304.28,3.31,D,0
21.33201,105.83327,334.45,0.42,0.38,2023-07-23,0600,SNPP,SNPP,l,2,306.96,4.24,D,0
21.3361,105.83664,330.36,0.42,0.38,2023-07-23,0600,SNPP,SNPP,l,2,304.89,4.75,D,0
21.33544,105.83263,335.81,0.42,0.38,2023-07-23,0600,SNPP,SNPP,l,2,306.86,5.28,D,0
21.3326,105.37909,337.11,0.43,0.38,2023-07-23,0600,SNPP,SNPP,l,2,302.03,4.03,D,0
21.40001,105.22021,330.32,0.44,0.38,2023-07-23,0600,SNPP,SNPP,l,2,303.04,6.08,D,0
21.56283,105.86762,315.05,0.41,0.37,2023-07-23,1829,SNPP,SNPP,n,2,291.98,1.59,N,0
21.01778,106.53041,317.33,0.39,0.36,2023-07-23,1829,SNPP,SNPP,n,2,291.22,2.72,N,2
20.40763,105.90081,313.61,0.4,0.37,2023-07-23,1830,SNPP,SNPP,n,2,294.28,1.63,N,2
20.40426,105.90026,312.4,0.4,0.37,2023-07-23,1830,SNPP,SNPP,n,2,294.64,1.63,N,2
20.40033,105.9035,309.42,0.4,0.37,2023-07-23,1830,SNPP,SNPP,n,2,294.1,1.8,N,2
21.30361,106.72472,352.49,0.43,0.46,2023-07-24,0541,SNPP,SNPP,n,2,286.95,8.65,D,0
21.70306,105.16645,333.63,0.53,0.5,2023-07-24,0542,SNPP,SNPP,n,2,293.61,4.07,D,0
21.01405,106.53819,307.4,0.41,0.45,2023-07-24,1810,SNPP,SNPP,n,2,291.14,2.79,N,2
20.99112,105.89913,309.03,0.45,0.47,2023-07-24,1810,SNPP,SNPP,n,2,291.98,0.86,N,0
20.52988,105.86744,308.35,0.45,0.47,2023-07-24,1811,SNPP,SNPP,n,2,293.22,0.86,N,2
20.40594,105.9006,312.21,0.44,0.46,2023-07-24,1811,SNPP,SNPP,n,2,292.35,2.06,N,2
20.40163,105.90009,312.59,0.44,0.46,2023-07-24,1811,SNPP,SNPP,n,2,292.05,2.06,N,2
21.70864,105.97818,342.55,0.46,0.64,2023-07-25,0523,SNPP,SNPP,n,2,291.97,4.3,D,0
21.70664,105.97696,337.46,0.46,0.64,2023-07-25,0523,SNPP,SNPP,n,2,291.86,4.92,D,0
21.0171,106.53007,315.5,0.41,0.61,2023-07-25,1752,SNPP,SNPP,n,2,291.26,4.15,N,2
20.53025,105.86552,308.3,0.45,0.63,2023-07-25,1752,SNPP,SNPP,n,2,290.91,2.32,N,2
20.40434,105.89946,311.68,0.45,0.63,2023-07-25,1752,SNPP,SNPP,n,2,287.34,1.94,N,2
21.01863,106.52915,295.15,0.39,0.36,2023-07-28,1836,SNPP,SNPP,n,2,252.65,0.9,N,2
20.14668,105.874,302.68,0.38,0.36,2023-07-28,1836,SNPP,SNPP,n,2,279.1,0.63,N,0
21.0193,106.52914,295.78,0.48,0.65,2023-07-31,1919,SNPP,SNPP,n,2,269,0.68,N,2
21.5807,105.24184,333.23,0.38,0.43,2023-08-01,0632,SNPP,SNPP,n,2,290.63,2.23,D,0
20.7998,106.69166,328.82,0.4,0.37,2023-08-02,0613,SNPP,SNPP,n,2,294.39,2.83,D,0
20.99016,105.97852,330.01,0.39,0.36,2023-08-02,0613,SNPP,SNPP,n,2,289.15,5.83,D,0
21.01961,106.52735,302.88,0.42,0.37,2023-08-02,1842,SNPP,SNPP,n,2,276.3,0.62,N,2
21.01893,106.53134,301.18,0.42,0.37,2023-08-02,1842,SNPP,SNPP,n,2,276.98,0.62,N,2
20.4066,105.89936,304.41,0.4,0.37,2023-08-02,1842,SNPP,SNPP,n,2,273.8,0.6,N,2
20.40322,105.89871,301.33,0.4,0.37,2023-08-02,1842,SNPP,SNPP,n,2,273.25,0.6,N,2
21.01883,106.53133,307.23,0.48,0.4,2023-08-07,1848,SNPP,SNPP,n,2,286.71,2.31,N,2
21.02049,106.52876,308.7,0.39,0.36,2023-08-08,1829,SNPP,SNPP,n,2,286.98,1.2,N,2
21.01214,106.53884,304.14,0.39,0.36,2023-08-08,1829,SNPP,SNPP,n,2,288.3,1.07,N,2
21.80145,106.01096,340.42,0.46,0.47,2023-08-09,0542,SNPP,SNPP,n,2,289.44,6.65,D,0
21.80732,105.73479,327.81,0.66,0.73,2023-08-10,0703,SNPP,SNPP,n,2,282.41,3.58,D,0
21.56132,105.8711,302.3,0.53,0.42,2023-08-12,1854,SNPP,SNPP,n,2,282.15,0.38,N,0
21.01138,105.78158,334.29,0.39,0.36,2023-08-13,0606,SNPP,SNPP,l,2,297.61,4.76,D,0
21.02689,105.61815,331.39,0.39,0.36,2023-08-13,0606,SNPP,SNPP,l,2,298.21,6.4,D,0
21.83919,105.20695,306.85,0.39,0.36,2023-08-13,1835,SNPP,SNPP,n,2,291.03,1.83,N,0
21.55824,105.86835,306.01,0.38,0.36,2023-08-13,1835,SNPP,SNPP,n,2,285.97,1.25,N,2
21.21205,105.93668,324.31,0.38,0.36,2023-08-13,1836,SNPP,SNPP,n,2,283.42,2.25,N,0
20.52949,105.86423,305.86,0.38,0.36,2023-08-13,1836,SNPP,SNPP,n,2,291.5,1.16,N,2
20.4014,105.90158,299.4,0.38,0.36,2023-08-13,1836,SNPP,SNPP,n,2,285.05,1.02,N,2
20.48216,105.6995,354.08,0.41,0.45,2023-08-14,0547,SNPP,SNPP,n,2,276.32,9.9,D,0
20.49733,105.64359,340.66,0.41,0.45,2023-08-14,0547,SNPP,SNPP,n,2,276.19,8.56,D,0
21.43885,105.89311,329.49,0.38,0.44,2023-08-14,0548,SNPP,SNPP,n,2,298.81,6.2,D,0
21.46271,105.88814,330.99,0.38,0.44,2023-08-14,0548,SNPP,SNPP,n,2,297.79,7.01,D,0
20.34659,105.9099,307.16,0.35,0.57,2023-08-15,1758,SNPP,SNPP,n,2,286.74,2.58,N,0
20.34755,105.91105,311.17,0.35,0.57,2023-08-15,1758,SNPP,SNPP,n,2,287.07,1.74,N,2
21.56003,105.86646,302.99,0.43,0.62,2023-08-16,1919,SNPP,SNPP,n,2,283.34,0.54,N,2
21.01713,106.52705,306.11,0.48,0.65,2023-08-16,1919,SNPP,SNPP,n,2,285.98,1.6,N,2
20.14353,105.15395,332.02,0.55,0.42,2023-08-17,0631,SNPP,SNPP,n,2,296.85,7.09,D,0
20.14286,105.1487,333.56,0.55,0.42,2023-08-17,0631,SNPP,SNPP,n,2,297.82,6.26,D,0
20.44074,105.71233,340.3,0.4,0.44,2023-08-17,0631,SNPP,SNPP,n,2,296.93,4.75,D,0
20.43992,105.71198,333.02,0.4,0.44,2023-08-17,0631,SNPP,SNPP,n,2,296.29,4.86,D,0
20.44853,105.71476,351.41,0.4,0.44,2023-08-17,0631,SNPP,SNPP,n,2,298.49,31.26,D,0
20.53744,105.52512,340.17,0.39,0.44,2023-08-17,0631,SNPP,SNPP,n,2,294.24,5.32,D,0
20.92437,105.29411,335.92,0.57,0.43,2023-08-17,0631,SNPP,SNPP,n,2,296.04,5.13,D,0
20.96123,105.31528,341.78,0.57,0.43,2023-08-17,0631,SNPP,SNPP,n,2,294.14,5.66,D,0
21.62874,106.07615,343.76,0.43,0.46,2023-08-17,0632,SNPP,SNPP,n,2,289.19,7.35,D,0
21.64813,106.0946,337.53,0.43,0.46,2023-08-17,0632,SNPP,SNPP,n,2,289.94,2.45,D,0
21.84854,105.26053,330.76,0.39,0.44,2023-08-17,0632,SNPP,SNPP,n,2,293.29,2.16,D,0
21.56167,105.86756,312.38,0.43,0.46,2023-08-17,1900,SNPP,SNPP,n,2,289.03,1.98,N,2
21.01935,106.5306,318.83,0.49,0.48,2023-08-17,1901,SNPP,SNPP,n,2,291.13,4.15,N,2
20.40184,105.89985,308.89,0.46,0.47,2023-08-17,1901,SNPP,SNPP,n,2,293.38,4.27,N,2
20.34769,105.91272,306.54,0.45,0.39,2023-08-19,1823,SNPP,SNPP,n,2,282.11,0.98,N,2
21.01977,106.52949,303.79,0.52,0.67,2023-08-21,1745,SNPP,SNPP,n,2,272.28,0.61,N,2
21.0156,106.52902,299.52,0.52,0.67,2023-08-21,1745,SNPP,SNPP,n,2,274.15,1.64,N,2
20.40147,105.90088,305.88,0.57,0.52,2023-08-22,1907,SNPP,SNPP,n,2,283.92,1.49,N,2
20.1525,105.46006,329.85,0.41,0.37,2023-08-23,0619,SNPP,SNPP,n,2,285.15,4.07,D,0
20.46552,105.14026,335.01,0.4,0.37,2023-08-23,0619,SNPP,SNPP,n,2,288.27,3.83,D,0
20.55219,105.25796,334.62,0.41,0.37,2023-08-23,0619,SNPP,SNPP,n,2,289.6,2.08,D,0
21.01765,106.53094,310.49,0.39,0.36,2023-08-24,1829,SNPP,SNPP,n,2,276.06,0.98,N,2
20.40201,105.9016,306.22,0.44,0.46,2023-08-25,1810,SNPP,SNPP,n,2,280.13,0.76,N,2
20.39772,105.90104,304.67,0.44,0.46,2023-08-25,1810,SNPP,SNPP,n,2,280.29,0.76,N,2
20.39959,105.90341,305.45,0.44,0.46,2023-08-25,1811,SNPP,SNPP,n,2,280.99,1.18,N,2
20.34619,105.91322,308.98,0.44,0.46,2023-08-25,1811,SNPP,SNPP,n,2,285,2.22,N,2
20.39961,105.90188,299.87,0.36,0.58,2023-08-27,1913,SNPP,SNPP,n,2,267.93,0.64,N,2
20.39878,105.9024,301.03,0.55,0.43,2023-08-28,1854,SNPP,SNPP,n,2,282.53,2.6,N,2
20.40275,105.90186,305.2,0.38,0.36,2023-08-29,1836,SNPP,SNPP,n,2,282.6,1.09,N,2
21.26517,105.48819,329.75,0.41,0.45,2023-08-30,0548,SNPP,SNPP,n,2,299.04,3.06,D,0
21.3338,105.8349,331.1,0.39,0.44,2023-08-30,0548,SNPP,SNPP,l,2,303.61,7.84,D,0
21.46121,105.8888,332.56,0.38,0.44,2023-08-30,0548,SNPP,SNPP,n,2,301.52,2.44,D,0
21.46587,105.8917,329.86,0.38,0.44,2023-08-30,0548,SNPP,SNPP,l,2,300.21,2.44,D,0
21.46519,105.88799,328.9,0.38,0.44,2023-08-30,0548,SNPP,SNPP,l,2,299.4,2.44,D,0
21.48103,105.86165,329.12,0.39,0.44,2023-08-30,0548,SNPP,SNPP,l,2,300.72,3.6,D,0
21.62903,106.07923,332.04,0.56,0.43,2023-08-30,0548,SNPP,SNPP,n,2,294.69,5.93,D,0
21.03945,106.58675,305.75,0.5,0.41,2023-08-30,1817,SNPP,SNPP,n,2,291.85,3.51,N,2
21.02,106.5294,312.33,0.5,0.41,2023-08-30,1817,SNPP,SNPP,n,2,292.36,2.19,N,2
21.01623,106.52883,306.38,0.5,0.41,2023-08-30,1817,SNPP,SNPP,n,2,292.09,2.19,N,2
21.01561,106.53369,307.38,0.5,0.41,2023-08-30,1817,SNPP,SNPP,n,2,292.43,2,N,2
21.01499,106.53854,306.71,0.5,0.41,2023-08-30,1817,SNPP,SNPP,n,2,292.27,2,N,2
21.02057,106.52774,308.64,0.5,0.41,2023-08-30,1817,SNPP,SNPP,n,2,291.47,2.65,N,2
21.0168,106.52718,305.82,0.5,0.41,2023-08-30,1817,SNPP,SNPP,n,2,291.44,2.65,N,2
20.53121,105.86778,307.11,0.54,0.42,2023-08-30,1817,SNPP,SNPP,n,2,291.28,1.58,N,2
20.40397,105.90025,309.88,0.53,0.42,2023-08-30,1817,SNPP,SNPP,n,2,291.71,1.43,N,2
20.40009,105.8997,307.55,0.53,0.42,2023-08-30,1817,SNPP,SNPP,n,2,291.23,1.43,N,2
20.34709,105.91267,306.05,0.53,0.42,2023-08-30,1817,SNPP,SNPP,n,2,291.19,1.67,N,2
20.27653,105.2473,328.61,0.44,0.62,2023-08-31,0528,SNPP,SNPP,n,2,292.09,4.01,D,0
20.27682,105.24538,338.82,0.44,0.62,2023-08-31,0528,SNPP,SNPP,n,2,292.64,3.99,D,0
21.34755,106.83796,353.2,0.33,0.55,2023-08-31,0529,SNPP,SNPP,n,2,292.83,8.71,D,0
21.34695,106.83509,345.17,0.33,0.55,2023-08-31,0529,SNPP,SNPP,n,2,292.13,5.41,D,0
21.5485,106.65688,348.68,0.34,0.56,2023-08-31,0529,SNPP,SNPP,n,2,291.74,3.19,D,0
21.65098,106.13695,335.55,0.36,0.57,2023-08-31,0529,SNPP,SNPP,n,2,291.76,2.68,D,0
21.91339,105.3367,340.68,0.4,0.6,2023-08-31,0529,SNPP,SNPP,n,2,292.64,4.04,D,0
21.26632,105.01358,334.93,0.74,0.76,2023-08-31,0709,SNPP,SNPP,n,2,290.29,5.98,D,0
21.88033,104.89138,328.62,0.73,0.76,2023-08-31,0709,SNPP,SNPP,n,2,289.87,4.41,D,0
20.44206,106.30965,332.13,0.43,0.62,2023-09-01,0650,SNPP,SNPP,n,2,291.2,5.17,D,0
20.54535,105.51772,331.37,0.39,0.59,2023-09-01,0650,SNPP,SNPP,n,2,291.46,4.03,D,0
20.92942,105.10893,334.51,0.37,0.58,2023-09-01,0650,SNPP,SNPP,n,2,291.67,2.27,D,0
21.32513,106.76646,333.7,0.48,0.64,2023-09-01,0650,SNPP,SNPP,n,2,288.84,5.92,D,0
21.72862,106.70566,339.3,0.48,0.64,2023-09-01,0650,SNPP,SNPP,n,2,287.46,9.12,D,0
21.64475,105.26182,332.12,0.38,0.59,2023-09-01,0650,SNPP,SNPP,n,2,292.99,4.02,D,0
21.81129,105.66536,335.15,0.41,0.61,2023-09-01,0650,SNPP,SNPP,n,2,291.51,4.42,D,0
21.80814,105.66456,335.07,0.41,0.61,2023-09-01,0650,SNPP,SNPP,n,2,291.29,4.22,D,0
21.90237,105.82349,334.49,0.42,0.61,2023-09-01,0650,SNPP,SNPP,n,2,290.8,7.57,D,0
21.90203,105.81963,354.62,0.42,0.61,2023-09-01,0650,SNPP,SNPP,n,2,290.64,7.57,D,0
21.89253,105.17679,337.33,0.38,0.59,2023-09-01,0650,SNPP,SNPP,n,2,293.66,3.23,D,0
20.53945,105.59567,341.44,0.39,0.44,2023-09-02,0631,SNPP,SNPP,n,2,295.59,11.25,D,0
20.53896,105.59176,339.84,0.39,0.44,2023-09-02,0631,SNPP,SNPP,n,2,294.87,7.1,D,0
20.53926,105.59513,342.31,0.39,0.44,2023-09-02,0631,SNPP,SNPP,n,2,295.85,12,D,0
20.93033,105.11002,340.29,0.56,0.43,2023-09-02,0631,SNPP,SNPP,n,2,299.59,20.18,D,0
21.23385,105.96937,330.21,0.42,0.45,2023-09-02,0631,SNPP,SNPP,n,2,297.29,2.46,D,0
21.33379,105.83428,330.16,0.41,0.45,2023-09-02,0631,SNPP,SNPP,l,2,303.11,6.53,D,0
21.73107,106.20486,335.4,0.44,0.46,2023-09-02,0632,SNPP,SNPP,n,2,292.55,2.05,D,0
21.7389,105.8695,367,0.42,0.45,2023-09-02,0632,SNPP,SNPP,h,2,295.11,8.14,D,0
21.83495,105.33739,340.27,0.39,0.44,2023-09-02,0632,SNPP,SNPP,n,2,294.68,5.95,D,0
21.83447,105.33341,340.14,0.39,0.44,2023-09-02,0632,SNPP,SNPP,n,2,295.51,5.95,D,0
20.39998,105.89969,306.8,0.46,0.47,2023-09-02,1901,SNPP,SNPP,n,2,287.76,2.36,N,2
20.39868,105.90071,306.89,0.46,0.47,2023-09-02,1901,SNPP,SNPP,n,2,287.17,2.04,N,2
21.01708,106.52923,308.74,0.52,0.5,2023-09-05,1804,SNPP,SNPP,n,2,290.64,2.74,N,2
21.01787,106.52753,306.61,0.52,0.5,2023-09-05,1804,SNPP,SNPP,n,2,290.34,2.69,N,2
20.59948,105.31731,332.1,0.47,0.48,2023-09-07,0637,SNPP,SNPP,n,2,290.99,1.98,D,0
21.01662,106.53007,330.56,0.57,0.52,2023-09-07,0638,SNPP,SNPP,n,2,295.77,3.9,D,2
21.02794,105.33624,337.04,0.48,0.48,2023-09-07,0638,SNPP,SNPP,n,2,291.99,2.75,D,0
21.76294,106.31973,333.99,0.56,0.52,2023-09-07,0638,SNPP,SNPP,n,2,295.46,4.33,D,0
21.01923,106.5306,338.67,0.46,0.39,2023-09-08,0619,SNPP,SNPP,n,2,298.27,5,D,2
21.12501,106.6551,334.37,0.46,0.39,2023-09-08,0619,SNPP,SNPP,n,2,293.07,2.15,D,0
21.59701,106.17879,334.1,0.45,0.39,2023-09-08,0619,SNPP,SNPP,n,2,290.45,3.86,D,0
21.64109,106.12856,340.41,0.44,0.39,2023-09-08,0619,SNPP,SNPP,n,2,290.31,5.31,D,0
21.92604,105.08624,331.57,0.41,0.37,2023-09-08,0619,SNPP,SNPP,n,2,293.43,3.98,D,0
21.33406,105.83366,332.07,0.42,0.37,2023-09-09,0600,SNPP,SNPP,l,2,301.04,10.71,D,0
21.00981,106.54538,298.74,0.39,0.36,2023-09-09,1829,SNPP,SNPP,n,2,283.78,0.69,N,0
20.39889,105.90067,309.31,0.4,0.37,2023-09-09,1829,SNPP,SNPP,n,2,283.46,0.72,N,2
20.34751,105.91228,308.21,0.4,0.37,2023-09-09,1829,SNPP,SNPP,n,2,280.5,0.92,N,2
21.24221,106.13715,328.32,0.47,0.47,2023-09-10,0541,SNPP,SNPP,n,2,295.11,2.65,D,0
21.24741,106.14061,328.68,0.47,0.47,2023-09-10,0541,SNPP,SNPP,n,2,294.64,2.65,D,0
21.24654,106.13615,329.35,0.47,0.47,2023-09-10,0541,SNPP,SNPP,n,2,294.59,2.65,D,0
21.40189,104.91755,331.6,0.58,0.7,2023-09-11,0703,SNPP,SNPP,n,2,285.43,5.91,D,0
21.41495,105.76665,342.68,0.76,0.77,2023-09-17,0510,SNPP,SNPP,n,2,282.76,10.28,D,0
21.41161,105.76669,340.44,0.75,0.77,2023-09-17,0510,SNPP,SNPP,n,2,282.65,5.67,D,0
21.75652,106.28071,342.09,0.4,0.37,2023-09-19,0612,SNPP,SNPP,n,2,289.66,5.45,D,0
21.78681,106.2994,332.95,0.4,0.37,2023-09-19,0612,SNPP,SNPP,n,2,292.33,5.74,D,0
21.75989,105.83872,335.93,0.39,0.36,2023-09-19,0612,SNPP,SNPP,n,2,296.63,30.8,D,0
21.03871,106.58945,306.57,0.42,0.38,2023-09-19,1841,SNPP,SNPP,n,2,293.18,2.39,N,2
20.52925,105.86611,306.81,0.4,0.37,2023-09-19,1842,SNPP,SNPP,n,2,292.7,2.16,N,2
20.48107,105.88116,305.1,0.4,0.37,2023-09-19,1842,SNPP,SNPP,n,2,292.34,1.27,N,0
20.47746,106.32106,330.4,0.47,0.4,2023-09-20,0553,SNPP,SNPP,n,2,295.43,4.25,D,0
20.95027,106.7572,332.1,0.44,0.39,2023-09-20,0553,SNPP,SNPP,n,2,297.09,2.28,D,0
20.99095,105.9798,331.15,0.48,0.4,2023-09-20,0553,SNPP,SNPP,n,2,297.84,5.59,D,0
21.03927,105.58921,330.25,0.5,0.41,2023-09-20,0553,SNPP,SNPP,n,2,296.23,2.28,D,0
21.15412,106.11932,330.01,0.47,0.4,2023-09-20,0553,SNPP,SNPP,n,2,299.27,8.01,D,0
21.23931,106.13638,332.65,0.47,0.4,2023-09-20,0553,SNPP,SNPP,n,2,300.18,7,D,0
21.24654,106.13492,332.43,0.47,0.4,2023-09-20,0553,SNPP,SNPP,n,2,299.31,6.95,D,0
21.65429,105.39854,330.91,0.5,0.41,2023-09-20,0554,SNPP,SNPP,n,2,293.51,6.42,D,0
21.55939,105.87113,308.43,0.46,0.39,2023-09-20,1822,SNPP,SNPP,n,2,292.76,2.12,N,0
21.21329,105.93597,308.92,0.46,0.39,2023-09-20,1822,SNPP,SNPP,n,2,293.26,0.7,N,0
21.21169,105.93767,309.17,0.46,0.39,2023-09-20,1822,SNPP,SNPP,n,2,293.43,2.52,N,0
20.40776,105.89962,313.44,0.45,0.39,2023-09-20,1823,SNPP,SNPP,n,2,294.5,2.61,N,2
20.34768,105.91209,313.34,0.45,0.39,2023-09-20,1823,SNPP,SNPP,n,2,294.42,2.54,N,2
20.34882,105.9141,311.26,0.45,0.39,2023-09-20,1823,SNPP,SNPP,n,2,294.19,2.48,N,2
20.53188,105.86652,308.97,0.56,0.52,2023-09-21,1804,SNPP,SNPP,n,2,292.87,2.83,N,2
20.40771,105.89944,308.64,0.56,0.51,2023-09-21,1804,SNPP,SNPP,n,2,292.63,2.27,N,2
20.40293,105.89892,309.28,0.56,0.51,2023-09-21,1804,SNPP,SNPP,n,2,292.52,2.27,N,2
20.40755,105.89819,310.64,0.56,0.51,2023-09-21,1804,SNPP,SNPP,n,2,292.53,3.5,N,2
21.36856,106.83212,332.54,0.6,0.71,2023-09-22,0656,SNPP,SNPP,n,2,287.5,11.03,D,0
21.36604,106.82739,331.8,0.6,0.71,2023-09-22,0656,SNPP,SNPP,n,2,287.32,7.63,D,0
21.56775,105.98862,331.14,0.54,0.68,2023-09-22,0656,SNPP,SNPP,n,2,290.76,3.98,D,0
21.83086,105.74327,337.65,0.52,0.67,2023-09-22,0656,SNPP,SNPP,n,2,292.1,4.47,D,0
20.52686,105.86575,305.27,0.57,0.69,2023-09-22,1745,SNPP,SNPP,n,2,288.84,1.94,N,0
20.3996,105.90002,306.32,0.57,0.69,2023-09-22,1745,SNPP,SNPP,n,2,289.11,2.64,N,2
20.40535,105.90111,304.87,0.56,0.69,2023-09-22,1745,SNPP,SNPP,n,2,289.36,1.15,N,2
20.3989,105.90057,305.04,0.56,0.69,2023-09-22,1745,SNPP,SNPP,n,2,289.14,1.15,N,2
20.34599,105.91171,304.01,0.56,0.69,2023-09-22,1745,SNPP,SNPP,n,2,288.89,1.74,N,2
20.12594,105.15239,336.26,0.45,0.47,2023-09-23,0637,SNPP,SNPP,n,2,297.03,5.63,D,0
20.12736,105.15392,338.49,0.45,0.47,2023-09-23,0637,SNPP,SNPP,n,2,297.38,5.21,D,0
20.24456,105.20535,350,0.46,0.47,2023-09-23,0637,SNPP,SNPP,n,2,295.34,9.03,D,0
20.81637,105.42652,342.07,0.48,0.48,2023-09-23,0637,SNPP,SNPP,n,2,296.44,5.99,D,0
20.8303,105.27203,343.36,0.47,0.48,2023-09-23,0637,SNPP,SNPP,n,2,295.92,17.12,D,0
21.29354,106.81352,338.91,0.59,0.53,2023-09-23,0637,SNPP,SNPP,n,2,289.33,10.52,D,0
21.47902,106.55106,340.92,0.57,0.52,2023-09-23,0637,SNPP,SNPP,n,2,297.56,5.47,D,0
21.93494,105.56722,342,0.5,0.49,2023-09-23,0638,SNPP,SNPP,n,2,295.39,7.63,D,0
21.92804,105.02615,341.71,0.47,0.47,2023-09-23,0638,SNPP,SNPP,n,2,295.25,6.08,D,0
21.92823,105.0275,339.81,0.47,0.47,2023-09-23,0638,SNPP,SNPP,n,2,295.42,4.61,D,0
20.40047,105.90215,306.15,0.57,0.52,2023-09-23,1907,SNPP,SNPP,n,2,292.92,1.75,N,2
21.05964,105.13685,334.85,0.41,0.37,2023-09-24,0618,SNPP,SNPP,n,2,299.59,2.58,D,0
21.38703,106.31873,334.72,0.45,0.39,2023-09-24,0618,SNPP,SNPP,n,2,290.54,3.21,D,0
21.72015,106.2142,336.21,0.45,0.39,2023-09-24,0619,SNPP,SNPP,n,2,299.14,3.75,D,0
21.63876,105.42342,334.37,0.42,0.37,2023-09-24,0619,SNPP,SNPP,n,2,297.78,3.46,D,0
21.78122,106.20885,334.59,0.45,0.39,2023-09-24,0619,SNPP,SNPP,n,2,300.36,5.37,D,0
21.7901,106.00723,340.54,0.44,0.38,2023-09-24,0619,SNPP,SNPP,n,2,301.57,13.29,D,0
21.83293,105.71529,331.94,0.43,0.38,2023-09-24,0619,SNPP,SNPP,n,2,297.78,3.81,D,0
21.93759,106.24448,345.08,0.45,0.39,2023-09-24,0619,SNPP,SNPP,n,2,294.19,8.34,D,0
21.93937,106.24504,336.96,0.45,0.39,2023-09-24,0619,SNPP,SNPP,n,2,296.26,10.17,D,0
21.56105,105.8689,308.16,0.44,0.39,2023-09-24,1847,SNPP,SNPP,n,2,290.7,2.07,N,2
21.6291,105.99059,342.8,0.41,0.37,2023-09-25,0600,SNPP,SNPP,n,2,292.1,12.1,D,0
21.84076,105.20569,305.2,0.43,0.38,2023-09-25,1829,SNPP,SNPP,n,2,291.83,0.87,N,2
21.02138,106.53039,308.82,0.39,0.36,2023-09-25,1829,SNPP,SNPP,n,2,289.75,0.89,N,2
21.01804,106.52981,310.07,0.39,0.36,2023-09-25,1829,SNPP,SNPP,n,2,291.3,0.89,N,2
21.04065,106.58849,301.1,0.38,0.59,2023-09-28,1912,SNPP,SNPP,n,2,283.48,0.5,N,2
21.01977,106.52914,310.91,0.38,0.59,2023-09-28,1912,SNPP,SNPP,n,2,284.83,1.08,N,2
20.81761,106.78106,332.19,0.38,0.36,2023-09-30,0606,SNPP,SNPP,n,2,300.5,2.04,D,0
21.48627,105.15475,306.03,0.39,0.36,2023-09-30,1835,SNPP,SNPP,n,2,290.4,1.33,N,0
20.5309,105.86478,311.67,0.38,0.36,2023-09-30,1835,SNPP,SNPP,n,2,292.83,1.22,N,2
20.40661,105.89972,318.19,0.38,0.36,2023-09-30,1835,SNPP,SNPP,n,2,293.64,1.23,N,2
20.40331,105.89913,310.31,0.38,0.36,2023-09-30,1835,SNPP,SNPP,n,2,292.92,1.23,N,2
20.39942,105.90221,317.11,0.38,0.36,2023-09-30,1835,SNPP,SNPP,n,2,293.69,1.64,N,2
20.34693,105.91174,308,0.38,0.36,2023-09-30,1835,SNPP,SNPP,n,2,292.73,1.39,N,2
20.81852,106.78136,330.88,0.53,0.42,2023-10-01,0547,SNPP,SNPP,n,2,300.68,4.5,D,0
21.69898,105.79987,332.95,0.39,0.44,2023-10-01,0547,SNPP,SNPP,n,2,295.31,2.18,D,0
21.02063,106.52997,307.26,0.51,0.41,2023-10-01,1816,SNPP,SNPP,n,2,294.78,0.89,N,2
20.9635,106.75568,307.61,0.49,0.41,2023-10-01,1816,SNPP,SNPP,n,2,295.32,1.06,N,0
20.40511,105.90128,312.32,0.54,0.42,2023-10-01,1816,SNPP,SNPP,n,2,295.68,3.2,N,2
20.40121,105.90074,315.87,0.54,0.42,2023-10-01,1816,SNPP,SNPP,n,2,295.52,3.13,N,2
20.34796,105.91389,309.19,0.54,0.42,2023-10-01,1816,SNPP,SNPP,n,2,294.97,2.75,N,2
21.21949,106.32915,334.28,0.36,0.57,2023-10-02,0528,SNPP,SNPP,n,2,293.66,2.2,D,0
21.2186,106.32835,338.69,0.36,0.57,2023-10-02,0528,SNPP,SNPP,n,2,293.93,2.56,D,0
20.41456,105.69541,328.66,0.79,0.78,2023-10-02,0708,SNPP,SNPP,n,2,290.15,1.72,D,0
21.65403,105.09376,329.86,0.74,0.76,2023-10-02,0709,SNPP,SNPP,n,2,290.5,5.8,D,0
21.21501,105.93719,307.61,0.36,0.57,2023-10-02,1757,SNPP,SNPP,n,2,292.57,1.37,N,0
20.52855,105.86482,312.61,0.36,0.57,2023-10-02,1757,SNPP,SNPP,n,2,293.89,1.51,N,0
20.53069,105.86631,316.96,0.36,0.57,2023-10-02,1757,SNPP,SNPP,n,2,294.3,1.84,N,2
20.40472,105.90076,318.43,0.36,0.57,2023-10-02,1757,SNPP,SNPP,n,2,294.64,2.42,N,2
20.34996,105.91156,306.6,0.35,0.57,2023-10-02,1757,SNPP,SNPP,n,2,294.04,1.19,N,2
20.39083,105.70264,339.51,0.39,0.59,2023-10-03,0649,SNPP,SNPP,n,2,294.71,2.3,D,0
21.14074,106.54257,330.66,0.45,0.63,2023-10-03,0650,SNPP,SNPP,n,2,292.79,4.05,D,0
21.34852,106.36872,329.52,0.44,0.63,2023-10-03,0650,SNPP,SNPP,n,2,296.19,2.64,D,0
21.44719,105.7734,332.81,0.41,0.6,2023-10-03,0650,SNPP,SNPP,n,2,295.94,3.66,D,0
21.63356,105.38596,334.73,0.39,0.59,2023-10-03,0650,SNPP,SNPP,n,2,293.67,2.95,D,0
21.90591,105.86636,340.28,0.42,0.61,2023-10-03,0650,SNPP,SNPP,n,2,292.81,4.44,D,0
20.53035,105.86428,305.32,0.72,0.76,2023-10-03,1738,SNPP,SNPP,n,2,291.31,1.74,N,2
21.61721,105.9439,304.44,0.43,0.62,2023-10-03,1919,SNPP,SNPP,n,2,291.7,0.61,N,0
20.40014,105.89989,306.23,0.45,0.63,2023-10-03,1919,SNPP,SNPP,n,2,292.55,1.51,N,2
20.24678,105.53268,333.45,0.57,0.43,2023-10-04,0631,SNPP,SNPP,n,2,299.21,3.22,D,0
20.41753,105.67669,340.61,0.39,0.44,2023-10-04,0631,SNPP,SNPP,n,2,297.09,3.39,D,0
20.57726,105.5358,332.54,0.38,0.44,2023-10-04,0631,SNPP,SNPP,n,2,298.87,3,D,0
21.2605,106.71901,340.66,0.46,0.47,2023-10-04,0631,SNPP,SNPP,n,2,293.77,6.69,D,0
21.26099,106.72014,350.12,0.46,0.47,2023-10-04,0631,SNPP,SNPP,n,2,295.8,9.66,D,0
21.22787,105.06108,331.35,0.55,0.43,2023-10-04,0631,SNPP,SNPP,n,2,297.56,4.01,D,0
21.52942,106.73419,332.16,0.47,0.47,2023-10-04,0631,SNPP,SNPP,n,2,297.16,2.49,D,0
21.76325,106.31683,338.09,0.44,0.46,2023-10-04,0631,SNPP,SNPP,n,2,297.6,4.14,D,0
21.56168,105.87008,306.39,0.43,0.46,2023-10-04,1900,SNPP,SNPP,n,2,293.14,1.73,N,2
20.40118,105.90198,311.25,0.45,0.47,2023-10-04,1900,SNPP,SNPP,n,2,295.74,1.38,N,2
20.15597,105.46126,330.54,0.38,0.36,2023-10-05,0612,SNPP,SNPP,n,2,297.81,4.4,D,0
20.12501,105.21121,331.7,0.38,0.36,2023-10-05,0612,SNPP,SNPP,n,2,297.39,4.38,D,0
20.24276,105.63454,336.49,0.39,0.36,2023-10-05,0612,SNPP,SNPP,n,2,298.62,4.16,D,0
20.40063,105.90291,332.11,0.39,0.36,2023-10-05,0612,SNPP,SNPP,l,2,304.49,3.68,D,2
20.40395,105.90237,333.49,0.39,0.36,2023-10-05,0612,SNPP,SNPP,l,2,304.79,3.64,D,2
20.40728,105.90181,334.11,0.39,0.36,2023-10-05,0612,SNPP,SNPP,n,2,303.57,3.64,D,2
20.32999,105.38232,332.81,0.38,0.36,2023-10-05,0612,SNPP,SNPP,n,2,297.29,2.39,D,0
20.44093,105.71851,330.89,0.39,0.36,2023-10-05,0612,SNPP,SNPP,n,2,297.54,2.56,D,0
20.48028,105.66277,337.55,0.39,0.36,2023-10-05,0612,SNPP,SNPP,n,2,298.22,3.47,D,0
20.92986,106.1908,332.67,0.39,0.36,2023-10-05,0612,SNPP,SNPP,l,2,304.13,2.98,D,0
20.8165,105.42384,339.06,0.38,0.36,2023-10-05,0612,SNPP,SNPP,n,2,298.71,4.26,D,0
21.01833,106.53175,334.19,0.4,0.37,2023-10-05,0612,SNPP,SNPP,n,2,303.23,5.45,D,2
21.28206,106.84678,346.01,0.41,0.37,2023-10-05,0612,SNPP,SNPP,n,2,298.92,10.45,D,0
21.37612,106.69995,339.37,0.41,0.37,2023-10-05,0612,SNPP,SNPP,n,2,299.48,2.78,D,0
21.32361,105.17412,333.06,0.38,0.36,2023-10-05,0612,SNPP,SNPP,n,2,298.42,3.68,D,0
21.02118,106.52804,306.21,0.42,0.37,2023-10-05,1841,SNPP,SNPP,n,2,293.16,1.37,N,2
21.01709,106.53135,308.01,0.42,0.37,2023-10-05,1841,SNPP,SNPP,n,2,293.76,1.37,N,2
20.40804,105.90135,315.14,0.4,0.37,2023-10-05,1841,SNPP,SNPP,n,2,295.37,1.89,N,2
20.40467,105.9007,312.16,0.4,0.37,2023-10-05,1841,SNPP,SNPP,n,2,295.59,1.14,N,2
20.4013,105.90006,308.1,0.4,0.37,2023-10-05,1841,SNPP,SNPP,n,2,294.56,1.14,N,2
20.40065,105.90392,308.43,0.4,0.37,2023-10-05,1841,SNPP,SNPP,n,2,294.98,1.14,N,2
20.34689,105.91069,307.56,0.4,0.37,2023-10-05,1841,SNPP,SNPP,n,2,294.3,1.72,N,2
21.56694,106.49316,305.95,0.41,0.37,2023-10-05,1841,SNPP,SNPP,n,2,292.5,1.2,N,0
20.11264,105.23866,332.47,0.54,0.42,2023-10-06,0553,SNPP,SNPP,n,2,295.85,4.4,D,0
20.90946,105.44247,329.86,0.52,0.41,2023-10-06,0553,SNPP,SNPP,n,2,295.85,2.6,D,0
21.24625,106.18559,338.2,0.47,0.4,2023-10-06,0553,SNPP,SNPP,n,2,298.16,4.01,D,0
21.85981,106.0508,333.69,0.47,0.4,2023-10-06,0553,SNPP,SNPP,n,2,291.72,2.12,D,0
20.53151,105.8646,307.38,0.45,0.39,2023-10-06,1822,SNPP,SNPP,n,2,290.34,1.48,N,2
21.19636,106.14325,328.11,0.54,0.68,2023-10-08,0656,SNPP,SNPP,n,2,287.93,4.43,D,0
21.3268,106.76778,339.27,0.59,0.7,2023-10-08,0656,SNPP,SNPP,n,2,286.55,6.16,D,0
21.335,106.81249,330.98,0.6,0.7,2023-10-08,0656,SNPP,SNPP,n,2,285.79,4.21,D,0
21.32497,106.58958,335.73,0.58,0.69,2023-10-08,0656,SNPP,SNPP,n,2,285.93,9.18,D,0
21.32459,106.58453,355.32,0.58,0.69,2023-10-08,0656,SNPP,SNPP,n,2,286.8,9.18,D,0
21.49652,106.3623,332.92,0.56,0.69,2023-10-08,0656,SNPP,SNPP,n,2,281.56,4.61,D,0
21.53474,106.6745,330.96,0.59,0.7,2023-10-08,0656,SNPP,SNPP,n,2,283.29,3.98,D,0
21.48446,105.87051,299.99,0.59,0.7,2023-10-08,1744,SNPP,SNPP,n,2,284.98,0.76,N,0
20.8613,106.58849,305.38,0.52,0.67,2023-10-08,1744,SNPP,SNPP,n,2,287.31,0.59,N,0
20.40895,105.89911,301.2,0.57,0.69,2023-10-08,1745,SNPP,SNPP,n,2,286.61,2.03,N,2
20.34934,105.90993,299.41,0.57,0.69,2023-10-08,1745,SNPP,SNPP,n,2,286.41,0.72,N,0
21.01972,106.53055,303.59,0.6,0.7,2023-10-08,1925,SNPP,SNPP,n,2,286.96,2.12,N,2
20.52454,105.49696,340.39,0.47,0.48,2023-10-09,0637,SNPP,SNPP,n,2,294.03,8.66,D,0
20.52897,105.49639,334.64,0.47,0.48,2023-10-09,0637,SNPP,SNPP,n,2,291.42,5.12,D,0
20.8158,105.43055,329.22,0.47,0.48,2023-10-09,0637,SNPP,SNPP,n,2,291.2,2.94,D,0
20.37228,106.26559,334.53,0.43,0.38,2023-10-10,0618,SNPP,SNPP,n,2,294.65,3.75,D,0
20.3723,106.26598,333.22,0.43,0.38,2023-10-10,0618,SNPP,SNPP,n,2,294.66,4.15,D,0
21.15042,106.32726,302.52,0.43,0.46,2023-10-12,1809,SNPP,SNPP,n,2,287.97,0.78,N,0
20.4065,105.9005,310.41,0.45,0.47,2023-10-12,1810,SNPP,SNPP,n,2,289.54,1.4,N,2
20.40218,105.89999,307.13,0.45,0.47,2023-10-12,1810,SNPP,SNPP,n,2,288.89,1.4,N,2
20.53059,105.86573,302.21,0.46,0.63,2023-10-13,1751,SNPP,SNPP,n,2,287.6,0.42,N,2
20.40431,105.89922,308.85,0.45,0.63,2023-10-13,1751,SNPP,SNPP,n,2,287.94,1.76,N,2
20.40635,105.89835,305.44,0.45,0.63,2023-10-13,1751,SNPP,SNPP,n,2,288,1.32,N,2
20.40005,105.90208,305.42,0.45,0.63,2023-10-13,1751,SNPP,SNPP,n,2,287.61,1.02,N,2
20.51428,105.73904,343.86,0.48,0.4,2023-10-15,0624,SNPP,SNPP,n,2,294.05,23.44,D,0
20.56182,105.58588,334.17,0.48,0.4,2023-10-15,0624,SNPP,SNPP,n,2,291.38,5.32,D,0
20.56119,105.58123,331.41,0.48,0.4,2023-10-15,0624,SNPP,SNPP,n,2,288.07,5.32,D,0
20.5605,105.58289,345,0.48,0.4,2023-10-15,0624,SNPP,SNPP,n,2,290.37,11.68,D,0
21.36822,106.83088,330.55,0.57,0.43,2023-10-15,0624,SNPP,SNPP,n,2,287.33,5.46,D,0
21.78217,105.05274,330.93,0.46,0.39,2023-10-15,0625,SNPP,SNPP,n,2,291.57,5.19,D,0
21.78235,105.0503,333.04,0.46,0.39,2023-10-15,0625,SNPP,SNPP,n,2,292.09,4.86,D,0
21.11117,105.95399,302.09,0.54,0.42,2023-10-15,1853,SNPP,SNPP,n,2,289.36,0.9,N,0
20.43856,105.5031,334.15,0.39,0.37,2023-10-16,0605,SNPP,SNPP,n,2,296.51,3.9,D,0
20.53259,105.5755,341.14,0.39,0.36,2023-10-16,0605,SNPP,SNPP,n,2,295.2,3.27,D,0
20.53458,105.57506,345.77,0.39,0.36,2023-10-16,0605,SNPP,SNPP,n,2,298.37,10.5,D,0
20.58725,105.53877,336.05,0.39,0.36,2023-10-16,0605,SNPP,SNPP,n,2,297.01,3.42,D,0
20.78981,106.1862,335,0.39,0.36,2023-10-16,0605,SNPP,SNPP,n,2,298.83,2.5,D,0
20.97553,106.20687,330.74,0.39,0.36,2023-10-16,0605,SNPP,SNPP,n,2,298.88,0.88,D,0
21.09625,106.37497,330.88,0.38,0.36,2023-10-16,0605,SNPP,SNPP,n,2,299.01,2.82,D,0
20.93176,105.1107,344.08,0.4,0.37,2023-10-16,0605,SNPP,SNPP,n,2,299.71,12.83,D,0
21.14463,106.31356,330.26,0.38,0.36,2023-10-16,0605,SNPP,SNPP,n,2,299.01,2.44,D,0
21.17458,106.13727,340.19,0.39,0.36,2023-10-16,0606,SNPP,SNPP,n,2,298.94,3.25,D,0
21.32208,106.21376,330.41,0.38,0.36,2023-10-16,0606,SNPP,SNPP,n,2,299.33,3.35,D,0
21.55931,105.86835,305.27,0.38,0.36,2023-10-16,1835,SNPP,SNPP,n,2,292.46,0.77,N,2
21.21349,105.93771,322.93,0.38,0.36,2023-10-16,1835,SNPP,SNPP,n,2,292.33,1.1,N,0
21.01789,106.53142,324.36,0.39,0.36,2023-10-16,1835,SNPP,SNPP,n,2,294.74,2.55,N,2
20.9645,106.75803,306.64,0.39,0.36,2023-10-16,1835,SNPP,SNPP,n,2,294.55,0.95,N,0
20.4064,105.89912,314.26,0.38,0.36,2023-10-16,1835,SNPP,SNPP,n,2,293.38,1.6,N,2
20.40252,105.9022,311.64,0.38,0.36,2023-10-16,1835,SNPP,SNPP,n,2,294.14,1.14,N,2
20.39921,105.90162,315.59,0.38,0.36,2023-10-16,1835,SNPP,SNPP,n,2,293.79,1.14,N,2
20.34719,105.91185,308.88,0.38,0.36,2023-10-16,1835,SNPP,SNPP,n,2,292.71,1.07,N,2
21.08613,105.92563,336.71,0.39,0.44,2023-10-17,0547,SNPP,SNPP,n,2,298.27,2.26,D,0
21.22743,106.66571,333.06,0.53,0.42,2023-10-17,0547,SNPP,SNPP,n,2,299.62,8.9,D,0
21.23416,106.68129,333.57,0.53,0.42,2023-10-17,0547,SNPP,SNPP,n,2,299.34,8.23,D,0
21.23802,106.68072,332.06,0.53,0.42,2023-10-17,0547,SNPP,SNPP,n,2,297.67,8.23,D,0
21.22944,106.66823,340.22,0.53,0.42,2023-10-17,0547,SNPP,SNPP,n,2,298.95,8.74,D,0
21.2353,106.67838,345.73,0.53,0.42,2023-10-17,0547,SNPP,SNPP,n,2,299.83,15.94,D,0
21.4808,104.9407,330.74,0.44,0.46,2023-10-17,0547,SNPP,SNPP,n,2,295.27,2.85,D,0
21.04018,106.58859,304.97,0.51,0.41,2023-10-17,1816,SNPP,SNPP,n,2,291.69,1.26,N,2
21.88769,104.85509,326.95,0.72,0.75,2023-10-18,0709,SNPP,SNPP,n,2,291.56,5.42,D,0
20.28761,105.56665,328.37,0.38,0.59,2023-10-19,0649,SNPP,SNPP,n,2,294.5,2.25,D,0
20.88191,105.11128,328.12,0.36,0.58,2023-10-19,0649,SNPP,SNPP,n,2,291.41,4.2,D,0
20.87944,105.11394,340.82,0.36,0.58,2023-10-19,0650,SNPP,SNPP,n,2,292,4.15,D,0
21.00489,105.22995,331,0.37,0.58,2023-10-19,0650,SNPP,SNPP,n,2,291.83,2.58,D,0
21.00719,105.23103,326.95,0.37,0.58,2023-10-19,0650,SNPP,SNPP,n,2,290.97,1.79,D,0
21.56902,104.90053,367,0.36,0.57,2023-10-19,0650,SNPP,SNPP,h,2,293.85,8.76,D,0
21.01804,106.52914,297.09,0.48,0.65,2023-10-19,1919,SNPP,SNPP,n,2,271.59,0.84,N,2
20.44758,105.44016,333.15,0.57,0.43,2023-10-20,0631,SNPP,SNPP,n,2,293.78,3.6,D,0
21.21983,106.15866,333.61,0.39,0.37,2023-10-21,0612,SNPP,SNPP,n,2,295.18,2.06,D,0
21.22373,106.16193,340.49,0.39,0.37,2023-10-21,0612,SNPP,SNPP,n,2,297.56,6.3,D,0
21.22318,106.15813,346.28,0.39,0.37,2023-10-21,0612,SNPP,SNPP,n,2,296.48,5.59,D,0
21.64179,105.94568,335.49,0.39,0.36,2023-10-21,0612,SNPP,SNPP,n,2,297.76,3.14,D,0
21.77472,106.21275,350.52,0.4,0.37,2023-10-21,0612,SNPP,SNPP,n,2,297.56,8.7,D,0
20.52864,105.86572,300.95,0.57,0.52,2023-10-23,1803,SNPP,SNPP,n,2,284.23,1.4,N,0
20.52942,105.86519,304.77,0.57,0.52,2023-10-23,1803,SNPP,SNPP,n,2,284.21,1.84,N,2
21.81383,105.7672,339.66,0.52,0.5,2023-10-25,0637,SNPP,SNPP,n,2,289.8,5.27,D,0
21.56175,105.86771,310.11,0.44,0.39,2023-10-26,1847,SNPP,SNPP,n,2,290.29,0.84,N,2
21.31799,105.41751,309.36,0.43,0.38,2023-10-26,1847,SNPP,SNPP,n,2,290.27,0.89,N,0
21.01973,106.53,308.17,0.48,0.4,2023-10-26,1847,SNPP,SNPP,n,2,291.91,1.66,N,2
21.01441,106.53845,305.17,0.48,0.4,2023-10-26,1847,SNPP,SNPP,n,2,291.46,1.63,N,2
20.52963,105.86626,306.65,0.46,0.39,2023-10-26,1847,SNPP,SNPP,n,2,291.16,0.81,N,2
20.40394,105.90132,305.49,0.46,0.39,2023-10-26,1848,SNPP,SNPP,n,2,291.47,1.6,N,2
20.40036,105.9006,310.32,0.46,0.39,2023-10-26,1848,SNPP,SNPP,n,2,291.44,0.95,N,2
20.12974,105.44537,333.99,0.44,0.39,2023-10-27,0559,SNPP,SNPP,n,2,294.99,6.08,D,0
20.51261,105.74262,332.55,0.43,0.38,2023-10-27,0559,SNPP,SNPP,n,2,293.43,8.73,D,0
21.01904,106.52905,313.79,0.39,0.36,2023-10-27,1828,SNPP,SNPP,n,2,288.12,1.23,N,2
21.01848,106.5328,300.93,0.39,0.36,2023-10-27,1828,SNPP,SNPP,n,2,285.46,1.23,N,2
20.99065,105.89777,306.98,0.4,0.37,2023-10-27,1828,SNPP,SNPP,n,2,290.4,1.05,N,0
20.40722,105.89861,313.43,0.4,0.37,2023-10-27,1829,SNPP,SNPP,n,2,283.08,1.66,N,2
20.40328,105.90184,308.21,0.4,0.37,2023-10-27,1829,SNPP,SNPP,n,2,281.99,1.33,N,2
20.39991,105.90129,303.78,0.4,0.37,2023-10-27,1829,SNPP,SNPP,n,2,277.03,0.78,N,2
20.42464,105.90126,300,0.36,0.57,2023-10-30,1913,SNPP,SNPP,n,2,282.45,0.55,N,0
20.40301,105.89966,297.92,0.36,0.57,2023-10-30,1913,SNPP,SNPP,n,2,281.61,0.51,N,2
20.40224,105.90325,298.49,0.36,0.57,2023-10-30,1913,SNPP,SNPP,n,2,281.58,0.51,N,2
21.71527,106.05728,339.79,0.52,0.42,2023-10-31,0625,SNPP,SNPP,n,2,293.52,7.78,D,0
21.71911,106.05672,346.58,0.52,0.42,2023-10-31,0625,SNPP,SNPP,n,2,294.01,7.78,D,0
21.71713,106.05927,334.43,0.52,0.42,2023-10-31,0625,SNPP,SNPP,n,2,295.83,12.76,D,0
21.64444,105.06841,328.19,0.47,0.39,2023-10-31,0625,SNPP,SNPP,n,2,296.84,2.48,D,0
21.6994,105.87917,301.56,0.53,0.42,2023-10-31,1853,SNPP,SNPP,n,2,290.47,0.96,N,0
21.70127,105.87772,302.14,0.53,0.42,2023-10-31,1853,SNPP,SNPP,n,2,290.46,1.04,N,0
21.03955,106.58801,303.51,0.39,0.44,2023-10-31,1854,SNPP,SNPP,n,2,291.78,0.49,N,2
21.01699,106.52965,303.49,0.39,0.44,2023-10-31,1854,SNPP,SNPP,n,2,292.17,0.87,N,2
21.0109,106.53997,304.69,0.39,0.44,2023-10-31,1854,SNPP,SNPP,n,2,291.15,1.79,N,2
20.22556,106.1653,334.97,0.39,0.36,2023-11-01,0605,SNPP,SNPP,n,2,298.81,2.34,D,0
20.27832,106.18221,332.71,0.39,0.36,2023-11-01,0605,SNPP,SNPP,n,2,298.96,3.05,D,0
20.37827,106.50068,332.38,0.38,0.36,2023-11-01,0605,SNPP,SNPP,n,2,298.38,0.77,D,0
20.47024,105.76022,333.8,0.39,0.36,2023-11-01,0605,SNPP,SNPP,n,2,296.48,3.38,D,0
21.03816,106.37008,330.28,0.38,0.36,2023-11-01,0606,SNPP,SNPP,n,2,301.43,1.24,D,0
21.00043,105.2178,337.82,0.4,0.37,2023-11-01,0606,SNPP,SNPP,n,2,296.94,5.79,D,0
21.27651,106.69238,328.23,0.38,0.36,2023-11-01,0606,SNPP,SNPP,n,2,299.04,2.07,D,0
21.2999,105.89518,332.09,0.39,0.36,2023-11-01,0606,SNPP,SNPP,n,2,298.99,1.84,D,0
21.45794,106.37241,338.41,0.38,0.36,2023-11-01,0606,SNPP,SNPP,n,2,301.43,6.13,D,0
21.52127,106.3197,341.02,0.38,0.36,2023-11-01,0606,SNPP,SNPP,n,2,297,4.01,D,0
21.50116,105.33727,334.54,0.39,0.36,2023-11-01,0606,SNPP,SNPP,n,2,296.55,2.76,D,0
21.61642,104.89359,331.05,0.4,0.37,2023-11-01,0606,SNPP,SNPP,n,2,295.89,5.17,D,0
21.86404,105.95125,330.01,0.38,0.36,2023-11-01,0606,SNPP,SNPP,n,2,296.61,2.82,D,0
21.86735,105.95067,330.49,0.38,0.36,2023-11-01,0606,SNPP,SNPP,n,2,295.03,2.42,D,0
21.87739,105.6852,331.14,0.39,0.36,2023-11-01,0606,SNPP,SNPP,n,2,294.86,4.05,D,0
21.02023,106.52798,311.58,0.51,0.41,2023-11-02,1816,SNPP,SNPP,n,2,291.99,1.66,N,2
20.53065,105.86606,306.6,0.54,0.42,2023-11-02,1816,SNPP,SNPP,n,2,292.33,1.34,N,2
20.40701,105.89809,313.98,0.54,0.42,2023-11-02,1816,SNPP,SNPP,n,2,292.55,2.25,N,2
20.40248,105.90263,308.29,0.54,0.42,2023-11-02,1816,SNPP,SNPP,n,2,292.72,1.28,N,2
20.39859,105.90209,308.44,0.54,0.42,2023-11-02,1816,SNPP,SNPP,n,2,292.27,1.28,N,2
20.34911,105.91429,307.69,0.54,0.42,2023-11-02,1816,SNPP,SNPP,n,2,292.19,0.9,N,0
20.14417,105.68961,328.2,0.41,0.61,2023-11-03,0528,SNPP,SNPP,n,2,291.01,1.44,D,0
21.00894,105.74454,329.05,0.39,0.6,2023-11-03,0528,SNPP,SNPP,n,2,292.7,3.14,D,0
21.59097,105.44862,329.33,0.4,0.6,2023-11-03,0528,SNPP,SNPP,n,2,290.04,2.89,D,0
21.59645,105.44732,334.6,0.4,0.6,2023-11-03,0528,SNPP,SNPP,n,2,288.37,2.89,D,0
21.59572,105.44528,337.89,0.4,0.6,2023-11-03,0528,SNPP,SNPP,n,2,288.99,2.51,D,0
20.15005,105.15435,331.78,0.73,0.76,2023-11-03,0708,SNPP,SNPP,n,2,287.7,5.28,D,0
20.40883,105.89835,300.99,0.35,0.57,2023-11-03,1757,SNPP,SNPP,n,2,288.98,2.44,N,2
20.40849,105.9017,304.61,0.35,0.57,2023-11-03,1757,SNPP,SNPP,n,2,289.32,1.24,N,2
20.4032,105.90116,309.66,0.35,0.57,2023-11-03,1757,SNPP,SNPP,n,2,289.46,1.24,N,2
20.3979,105.90058,300.31,0.35,0.57,2023-11-03,1757,SNPP,SNPP,n,2,288.75,1.24,N,2
20.34864,105.9118,302.98,0.35,0.57,2023-11-03,1757,SNPP,SNPP,n,2,288.65,1.15,N,2
20.34912,105.91386,300.48,0.35,0.57,2023-11-03,1757,SNPP,SNPP,n,2,288.19,1,N,0
20.14368,105.48598,344.96,0.38,0.59,2023-11-04,0649,SNPP,SNPP,n,2,290.09,3.36,D,0
20.14735,105.46691,346.36,0.38,0.59,2023-11-04,0649,SNPP,SNPP,n,2,289.04,3.41,D,0
21.04336,105.25069,329,0.37,0.58,2023-11-04,0650,SNPP,SNPP,n,2,288.15,1.91,D,0
21.04488,105.24995,330.71,0.38,0.58,2023-11-04,0650,SNPP,SNPP,n,2,288.77,1.49,D,0
21.28284,106.71645,339.69,0.47,0.64,2023-11-04,0650,SNPP,SNPP,n,2,287.53,5.19,D,0
21.28527,106.71727,338.66,0.47,0.64,2023-11-04,0650,SNPP,SNPP,n,2,287.59,4.6,D,0
21.65161,105.26865,340.05,0.38,0.59,2023-11-04,0650,SNPP,SNPP,n,2,291.13,5.67,D,0
21.86734,106.13866,332.18,0.44,0.62,2023-11-04,0650,SNPP,SNPP,n,2,287.21,2.64,D,0
21.86696,106.13839,333.32,0.44,0.62,2023-11-04,0650,SNPP,SNPP,n,2,287.12,2.57,D,0
21.92392,106.18703,330.34,0.44,0.62,2023-11-04,0650,SNPP,SNPP,n,2,287.83,3.23,D,0
21.0178,106.5299,306.98,0.66,0.73,2023-11-04,1738,SNPP,SNPP,n,2,286.9,2.83,N,2
21.01754,106.52837,305.58,0.66,0.73,2023-11-04,1738,SNPP,SNPP,n,2,287.27,2.72,N,2
21.00194,105.77785,298.49,0.43,0.62,2023-11-04,1919,SNPP,SNPP,n,2,287.11,0.55,N,0
20.39863,105.90367,300.31,0.45,0.63,2023-11-04,1919,SNPP,SNPP,n,2,288.19,1.36,N,0
20.39997,105.90224,302.54,0.45,0.63,2023-11-04,1919,SNPP,SNPP,n,2,288.17,1.3,N,2
20.23858,106.18215,344.56,0.42,0.45,2023-11-05,0631,SNPP,SNPP,n,2,296.1,3.25,D,0
20.23809,106.17812,330.45,0.42,0.45,2023-11-05,0631,SNPP,SNPP,n,2,295.86,3.25,D,0
20.18563,105.58331,339.47,0.39,0.44,2023-11-05,0631,SNPP,SNPP,n,2,295,3.74,D,0
20.18517,105.57948,332.67,0.39,0.44,2023-11-05,0631,SNPP,SNPP,n,2,294.76,3.74,D,0
20.26569,106.22411,335.78,0.42,0.45,2023-11-05,0631,SNPP,SNPP,n,2,295.09,3.76,D,0
20.26989,106.22356,344.14,0.42,0.45,2023-11-05,0631,SNPP,SNPP,n,2,293.29,3.76,D,0
20.26514,106.183,335.41,0.42,0.45,2023-11-05,0631,SNPP,SNPP,n,2,295.61,9.08,D,0
20.26467,106.17896,339.59,0.42,0.45,2023-11-05,0631,SNPP,SNPP,n,2,296.24,8.49,D,0
20.32747,105.94809,334.99,0.41,0.45,2023-11-05,0631,SNPP,SNPP,n,2,295.56,2.44,D,0
20.50012,105.49458,337.94,0.38,0.44,2023-11-05,0631,SNPP,SNPP,n,2,295.41,4.87,D,0
20.61597,105.60036,333.09,0.39,0.44,2023-11-05,0631,SNPP,SNPP,n,2,294.73,2.68,D,0
21.91131,105.30705,340.94,0.39,0.44,2023-11-05,0631,SNPP,SNPP,n,2,295.17,4.07,D,0
20.48268,105.88043,303.78,0.45,0.47,2023-11-05,1900,SNPP,SNPP,n,2,290.83,1.13,N,0
20.48077,105.88214,303.02,0.45,0.47,2023-11-05,1900,SNPP,SNPP,n,2,290.06,1.12,N,0
20.40124,105.90086,304.18,0.46,0.47,2023-11-05,1900,SNPP,SNPP,n,2,289.65,1.88,N,2
20.23707,106.18341,331.23,0.39,0.36,2023-11-06,0612,SNPP,SNPP,n,2,294.68,2.87,D,0
20.27264,106.21593,334.01,0.39,0.36,2023-11-06,0612,SNPP,SNPP,n,2,296.64,3.6,D,0
20.40816,105.89767,303.19,0.56,0.51,2023-11-08,1804,SNPP,SNPP,n,2,290.92,2.24,N,2
20.4028,105.90238,306.15,0.56,0.51,2023-11-08,1804,SNPP,SNPP,n,2,291.21,1.83,N,2
20.39804,105.90184,302.67,0.56,0.51,2023-11-08,1804,SNPP,SNPP,n,2,290.86,1.12,N,2
20.3487,105.91169,303.88,0.56,0.51,2023-11-08,1804,SNPP,SNPP,n,2,290.83,1.09,N,2
20.47137,106.53876,328.07,0.57,0.69,2023-11-09,0656,SNPP,SNPP,n,2,289.59,2.65,D,0
20.53099,105.86437,304.87,0.57,0.69,2023-11-09,1745,SNPP,SNPP,n,2,290.24,1.11,N,2
20.53085,105.86481,305.9,0.57,0.69,2023-11-09,1745,SNPP,SNPP,n,2,290.26,1.06,N,2
20.40318,105.90168,302.91,0.56,0.69,2023-11-09,1745,SNPP,SNPP,n,2,290.19,1.61,N,2
20.40258,105.9006,302.28,0.57,0.69,2023-11-09,1925,SNPP,SNPP,n,2,289.81,1.62,N,2
20.40011,105.90222,303.39,0.57,0.69,2023-11-09,1925,SNPP,SNPP,n,2,289.17,1.86,N,2
20.14457,105.46586,354.08,0.47,0.48,2023-11-10,0637,SNPP,SNPP,n,2,295.69,11.4,D,0
20.24413,106.23074,330.38,0.53,0.5,2023-11-10,0637,SNPP,SNPP,n,2,294.8,4.5,D,0
21.59029,106.202,330.96,0.55,0.51,2023-11-10,0637,SNPP,SNPP,n,2,295.19,4.08,D,0
21.59119,106.20419,332.96,0.55,0.51,2023-11-10,0637,SNPP,SNPP,n,2,295.05,5.08,D,0
20.26813,106.27226,333.58,0.44,0.38,2023-11-11,0618,SNPP,SNPP,n,2,297.04,3.29,D,0
20.15398,105.02905,330.09,0.4,0.37,2023-11-11,0618,SNPP,SNPP,n,2,293.52,2.14,D,0
20.49926,105.67796,344.91,0.42,0.38,2023-11-11,0618,SNPP,SNPP,n,2,297.16,7.63,D,0
20.81463,106.57439,333.66,0.45,0.39,2023-11-11,0618,SNPP,SNPP,n,2,298.23,3.24,D,0
20.95304,106.55893,336.42,0.46,0.39,2023-11-11,0618,SNPP,SNPP,n,2,296.62,3.55,D,0
21.01703,106.53257,332.14,0.45,0.39,2023-11-11,0618,SNPP,SNPP,n,2,300.46,2.06,D,0
21.08937,106.34943,334.62,0.45,0.39,2023-11-11,0618,SNPP,SNPP,n,2,299.45,3.57,D,0
21.2147,106.57521,343.18,0.46,0.39,2023-11-11,0618,SNPP,SNPP,n,2,299.32,25.56,D,0
21.216,106.57708,334.13,0.46,0.39,2023-11-11,0618,SNPP,SNPP,n,2,293.64,11.02,D,0
21.24927,106.52213,345.36,0.46,0.39,2023-11-11,0618,SNPP,SNPP,n,2,297.55,7.89,D,0
21.27685,106.70375,332.83,0.47,0.39,2023-11-11,0618,SNPP,SNPP,n,2,297.82,8.31,D,0
21.7519,105.93124,331.68,0.44,0.38,2023-11-11,0618,SNPP,SNPP,n,2,295.52,5.4,D,0
21.8024,106.04107,330.2,0.44,0.38,2023-11-11,0618,SNPP,SNPP,n,2,295.56,2.69,D,0
21.92764,106.17619,331.7,0.45,0.39,2023-11-11,0618,SNPP,SNPP,n,2,295.76,5.12,D,0
21.70134,105.88103,305.93,0.44,0.39,2023-11-11,1847,SNPP,SNPP,n,2,292.55,0.76,N,0
20.39923,105.90237,308.37,0.46,0.39,2023-11-11,1848,SNPP,SNPP,n,2,292.99,2.01,N,2
21.12181,106.45142,332.34,0.4,0.37,2023-11-12,0559,SNPP,SNPP,n,2,281.82,2.39,D,0
20.96075,105.20224,337.48,0.44,0.39,2023-11-12,0559,SNPP,SNPP,n,2,294.94,4.97,D,0
21.2323,104.98911,336.94,0.45,0.39,2023-11-12,0559,SNPP,SNPP,n,2,297.48,7.99,D,0
21.55841,105.86865,328.09,0.41,0.37,2023-11-12,0600,SNPP,SNPP,l,2,299.46,2.64,D,2
21.63668,106.13057,331.97,0.41,0.37,2023-11-12,0600,SNPP,SNPP,n,2,297.07,2.5,D,0
21.66215,106.09378,337,0.41,0.37,2023-11-12,0600,SNPP,SNPP,n,2,296.47,3.49,D,0
21.75365,106.2053,329.64,0.4,0.37,2023-11-12,0600,SNPP,SNPP,n,2,296.72,2.25,D,0
21.75703,106.20467,337.94,0.4,0.37,2023-11-12,0600,SNPP,SNPP,n,2,296.11,4.04,D,0
21.77312,106.21796,339.28,0.4,0.37,2023-11-12,0600,SNPP,SNPP,n,2,297.42,3.78,D,0
21.62265,105.00479,331.78,0.44,0.39,2023-11-12,0600,SNPP,SNPP,n,2,295.74,6.48,D,0
21.62158,105.0015,329.55,0.44,0.39,2023-11-12,0600,SNPP,SNPP,n,2,295.49,3.01,D,0
21.62513,105.00089,325.46,0.44,0.39,2023-11-12,0600,SNPP,SNPP,n,2,295.38,3.01,D,0
21.04061,106.58765,299.91,0.39,0.44,2023-11-16,1854,SNPP,SNPP,n,2,287.93,0.79,N,2
21.0186,106.52839,309.25,0.39,0.44,2023-11-16,1854,SNPP,SNPP,n,2,288.23,1.71,N,2
21.02159,106.52977,299.97,0.39,0.44,2023-11-16,1854,SNPP,SNPP,n,2,286.43,0.82,N,2
21.01759,106.5289,300.91,0.39,0.44,2023-11-16,1854,SNPP,SNPP,n,2,287.7,0.82,N,2
20.98879,105.89965,298.52,0.54,0.42,2023-11-16,1854,SNPP,SNPP,n,2,285.12,0.48,N,0
20.94538,105.83163,297.16,0.54,0.42,2023-11-16,1854,SNPP,SNPP,n,2,285.95,0.54,N,0
20.70617,106.78121,304.64,0.41,0.45,2023-11-16,1854,SNPP,SNPP,n,2,285.85,0.63,N,0
20.39932,105.9023,297.98,0.55,0.43,2023-11-16,1854,SNPP,SNPP,n,2,284.18,0.87,N,2
20.27243,106.26398,327.19,0.39,0.36,2023-11-17,0605,SNPP,SNPP,n,2,296.94,1.44,D,0
20.2234,105.60339,326.3,0.39,0.36,2023-11-17,0605,SNPP,SNPP,n,2,293.2,2.66,D,0
20.513,105.3154,339.4,0.4,0.37,2023-11-17,0606,SNPP,SNPP,n,2,296.14,5.75,D,0
20.70275,106.46799,329.34,0.38,0.36,2023-11-17,0606,SNPP,SNPP,n,2,296.87,1.25,D,0
20.92669,106.58419,346.24,0.38,0.36,2023-11-17,0606,SNPP,SNPP,n,2,296.93,4.51,D,0
20.96209,106.46082,332.54,0.38,0.36,2023-11-17,0606,SNPP,SNPP,n,2,297.82,4.14,D,0
21.0458,106.81307,337.34,0.38,0.36,2023-11-17,0606,SNPP,SNPP,n,2,299.04,4.5,D,0
21.09146,106.37756,327.51,0.38,0.36,2023-11-17,0606,SNPP,SNPP,n,2,295.36,2.57,D,0
21.56194,105.86927,326.99,0.39,0.36,2023-11-17,0606,SNPP,SNPP,n,2,298.26,1.59,D,2
21.56747,106.49232,301.89,0.39,0.36,2023-11-17,1835,SNPP,SNPP,n,2,285.58,0.65,N,0
21.22452,106.5185,307.93,0.39,0.36,2023-11-17,1835,SNPP,SNPP,n,2,285.22,1.04,N,0
21.22393,106.52219,297.14,0.39,0.36,2023-11-17,1835,SNPP,SNPP,n,2,284.88,0.68,N,0
21.03985,106.58841,303.52,0.39,0.36,2023-11-17,1835,SNPP,SNPP,n,2,289.73,0.86,N,2
20.96284,106.75462,299.85,0.39,0.36,2023-11-17,1835,SNPP,SNPP,n,2,288.53,0.65,N,0
20.99051,105.89858,323.18,0.38,0.36,2023-11-17,1835,SNPP,SNPP,n,2,286.59,1.87,N,0
20.53116,105.86761,299.27,0.38,0.36,2023-11-17,1835,SNPP,SNPP,n,2,288,0.29,N,2
20.46762,106.16161,296.03,0.39,0.36,2023-11-17,1835,SNPP,SNPP,n,2,284.46,0.11,N,0
20.40782,105.89901,317.72,0.38,0.36,2023-11-17,1835,SNPP,SNPP,n,2,289.23,1.51,N,2
20.40394,105.90209,310.82,0.38,0.36,2023-11-17,1835,SNPP,SNPP,n,2,289.67,1.16,N,2
20.40064,105.9015,310.63,0.38,0.36,2023-11-17,1835,SNPP,SNPP,n,2,289.02,1.49,N,2
20.36916,105.9072,297.83,0.38,0.36,2023-11-17,1835,SNPP,SNPP,n,2,287.04,0.41,N,0
20.34828,105.91087,300.18,0.38,0.36,2023-11-17,1835,SNPP,SNPP,n,2,287.39,0.6,N,2
20.25228,106.22864,327.06,0.38,0.44,2023-11-18,0547,SNPP,SNPP,n,2,297.46,1.53,D,0
20.23709,105.5362,325.57,0.42,0.45,2023-11-18,0547,SNPP,SNPP,n,2,290.47,2.12,D,0
20.40153,105.90271,325.16,0.4,0.44,2023-11-18,0547,SNPP,SNPP,l,2,299.66,4.11,D,2
20.90172,106.83754,326.21,0.52,0.42,2023-11-18,0547,SNPP,SNPP,n,2,296.91,2.95,D,0
21.01962,106.52897,326.3,0.54,0.42,2023-11-18,0547,SNPP,SNPP,l,2,300.8,3.88,D,2
21.11211,106.64325,327.15,0.53,0.42,2023-11-18,0547,SNPP,SNPP,n,2,296.98,3.57,D,0
21.22965,106.75811,337.26,0.52,0.42,2023-11-18,0547,SNPP,SNPP,n,2,297.35,27.9,D,0
21.30976,106.68813,337.29,0.52,0.42,2023-11-18,0547,SNPP,SNPP,n,2,295.16,10.23,D,0
21.47804,106.59098,344.51,0.53,0.42,2023-11-18,0547,SNPP,SNPP,n,2,294.57,6.68,D,0
21.54972,106.65991,332.32,0.52,0.42,2023-11-18,0547,SNPP,SNPP,n,2,298.5,2.61,D,0
21.23773,104.8651,335.85,0.45,0.47,2023-11-18,0547,SNPP,SNPP,n,2,290.77,3.98,D,0
21.24071,104.86543,328.75,0.45,0.47,2023-11-18,0547,SNPP,SNPP,n,2,288.74,3.05,D,0
21.71138,106.48141,326.04,0.53,0.42,2023-11-18,0547,SNPP,SNPP,n,2,293.33,4.76,D,0
21.70797,105.3735,350.04,0.41,0.45,2023-11-18,0547,SNPP,SNPP,n,2,292.8,5.88,D,0
21.88886,105.15679,339.08,0.42,0.45,2023-11-18,0547,SNPP,SNPP,n,2,292.58,4.82,D,0
21.44846,106.43807,297.12,0.52,0.41,2023-11-18,1816,SNPP,SNPP,n,2,284.39,0.97,N,0
21.01846,106.52977,302.91,0.5,0.41,2023-11-18,1816,SNPP,SNPP,n,2,288.68,1.76,N,2
21.01343,106.53893,300.34,0.5,0.41,2023-11-18,1816,SNPP,SNPP,n,2,287.75,1.86,N,2
20.96227,106.75608,302.85,0.49,0.4,2023-11-18,1816,SNPP,SNPP,n,2,287.89,0.76,N,0
20.53058,105.86756,302.05,0.54,0.42,2023-11-18,1816,SNPP,SNPP,n,2,287.17,0.71,N,2
20.40712,105.90063,307.8,0.54,0.42,2023-11-18,1816,SNPP,SNPP,n,2,286.37,1.66,N,2
20.40323,105.90012,303.26,0.54,0.42,2023-11-18,1816,SNPP,SNPP,n,2,286.21,1.26,N,2
20.39935,105.89954,299.85,0.54,0.42,2023-11-18,1816,SNPP,SNPP,n,2,285.3,1.26,N,2
20.3463,105.91254,296.15,0.53,0.42,2023-11-18,1816,SNPP,SNPP,n,2,284.78,0.51,N,2
21.0568,106.84941,341.62,0.33,0.56,2023-11-19,0528,SNPP,SNPP,n,2,294.49,12.55,D,0
21.05613,106.84619,354.57,0.33,0.56,2023-11-19,0528,SNPP,SNPP,n,2,294.75,12.65,D,0
21.23212,106.67309,367,0.34,0.56,2023-11-19,0528,SNPP,SNPP,h,2,292.63,5.38,D,0
20.1624,105.46043,325.46,0.76,0.77,2023-11-19,0708,SNPP,SNPP,n,2,287.13,2.46,D,0
21.9439,105.23638,335.82,0.77,0.77,2023-11-19,0709,SNPP,SNPP,n,2,285.54,9.88,D,0
21.93849,105.24004,334.24,0.77,0.77,2023-11-19,0709,SNPP,SNPP,n,2,285.99,9.75,D,0
21.56015,105.86854,297.27,0.37,0.58,2023-11-19,1757,SNPP,SNPP,n,2,286.44,0.66,N,2
21.23234,106.67584,311.3,0.32,0.55,2023-11-19,1757,SNPP,SNPP,n,2,286.99,1.5,N,0
21.23198,106.67925,303.96,0.32,0.55,2023-11-19,1757,SNPP,SNPP,n,2,286.42,0.91,N,0
21.01424,106.53548,299.81,0.33,0.55,2023-11-19,1757,SNPP,SNPP,n,2,289.43,0.87,N,0
20.53187,105.86494,304.34,0.36,0.57,2023-11-19,1757,SNPP,SNPP,n,2,288.45,0.84,N,2
20.42254,105.90165,300.61,0.35,0.57,2023-11-19,1757,SNPP,SNPP,n,2,289.07,0.74,N,0
20.40669,105.89973,315.59,0.35,0.57,2023-11-19,1757,SNPP,SNPP,n,2,289.24,1.32,N,2
20.4014,105.89919,305.43,0.35,0.57,2023-11-19,1757,SNPP,SNPP,n,2,288.83,1.28,N,2
20.40107,105.9025,302.52,0.35,0.57,2023-11-19,1757,SNPP,SNPP,n,2,289.4,0.94,N,2
20.34722,105.91347,299.7,0.35,0.57,2023-11-19,1757,SNPP,SNPP,n,2,288.01,0.86,N,2
20.44747,106.07528,332.81,0.76,0.77,2023-11-20,0509,SNPP,SNPP,n,2,292.25,4.39,D,0
21.1201,106.67847,339.4,0.67,0.74,2023-11-20,0509,SNPP,SNPP,n,2,291.44,8.29,D,0
21.1146,106.68213,337.16,0.67,0.74,2023-11-20,0509,SNPP,SNPP,n,2,292.05,11.32,D,0
21.20179,106.57008,342.72,0.68,0.74,2023-11-20,0509,SNPP,SNPP,n,2,291.3,8.35,D,0
21.20315,106.57052,338.5,0.68,0.74,2023-11-20,0509,SNPP,SNPP,n,2,290.9,6.71,D,0
21.73864,106.19453,339.36,0.7,0.75,2023-11-20,0509,SNPP,SNPP,n,2,291.36,5.2,D,0
21.73829,106.1925,332.38,0.7,0.75,2023-11-20,0509,SNPP,SNPP,n,2,291.44,7.2,D,0
20.14703,105.46986,336.87,0.38,0.59,2023-11-20,0649,SNPP,SNPP,n,2,294.31,3.38,D,0
20.15192,105.35274,340.44,0.37,0.58,2023-11-20,0649,SNPP,SNPP,n,2,296.32,3.29,D,0
20.50421,105.48116,352.6,0.38,0.59,2023-11-20,0649,SNPP,SNPP,n,2,296.83,6.47,D,0
20.75404,106.24289,335.62,0.43,0.62,2023-11-20,0650,SNPP,SNPP,n,2,295.84,5.41,D,0
20.75365,106.23864,331.73,0.43,0.62,2023-11-20,0650,SNPP,SNPP,n,2,295.15,3.56,D,0
20.71366,105.29614,343.23,0.37,0.58,2023-11-20,0650,SNPP,SNPP,n,2,294.42,3.74,D,0
20.71462,105.29462,335.16,0.38,0.58,2023-11-20,0650,SNPP,SNPP,n,2,293.94,3.42,D,0
21.09152,106.75723,343.43,0.47,0.64,2023-11-20,0650,SNPP,SNPP,n,2,295.77,6.38,D,0
21.11459,106.67697,331.99,0.47,0.64,2023-11-20,0650,SNPP,SNPP,n,2,295.34,4.11,D,0
21.1978,106.56144,334.97,0.46,0.63,2023-11-20,0650,SNPP,SNPP,n,2,292.19,3.11,D,0
21.22689,106.68729,339.69,0.47,0.64,2023-11-20,0650,SNPP,SNPP,n,2,293.73,6.5,D,0
21.22654,106.68335,326.28,0.47,0.64,2023-11-20,0650,SNPP,SNPP,n,2,292.28,5.96,D,0
21.22902,105.14387,326.19,0.37,0.58,2023-11-20,0650,SNPP,SNPP,n,2,292.5,2.12,D,0
21.50872,106.51237,347.67,0.46,0.63,2023-11-20,0650,SNPP,SNPP,n,2,296.15,4.91,D,0
21.60256,106.11581,367,0.43,0.62,2023-11-20,0650,SNPP,SNPP,h,2,295.31,8.15,D,0
21.60217,106.11142,354.86,0.43,0.62,2023-11-20,0650,SNPP,SNPP,n,2,294.48,8.15,D,0
21.50018,104.91468,334.36,0.36,0.58,2023-11-20,0650,SNPP,SNPP,n,2,292.61,2.01,D,0
21.74973,106.25683,367,0.44,0.63,2023-11-20,0650,SNPP,SNPP,h,2,296.25,6.48,D,0
21.74921,106.25755,367,0.44,0.63,2023-11-20,0650,SNPP,SNPP,h,2,297.56,8.35,D,0
21.66368,105.09686,339.79,0.37,0.58,2023-11-20,0650,SNPP,SNPP,n,2,294.96,3.47,D,0
21.94754,106.4482,355.46,0.46,0.64,2023-11-20,0650,SNPP,SNPP,n,2,295.57,10.03,D,0
21.92761,106.22192,345.29,0.44,0.63,2023-11-20,0650,SNPP,SNPP,n,2,295.57,4.46,D,0
21.83579,104.93758,348.82,0.37,0.58,2023-11-20,0650,SNPP,SNPP,n,2,296.26,6.23,D,0
21.91277,105.20909,332.78,0.38,0.59,2023-11-20,0650,SNPP,SNPP,n,2,293.22,3.79,D,0
21.91249,105.20604,344.19,0.38,0.59,2023-11-20,0650,SNPP,SNPP,n,2,294.16,3.79,D,0
20.40255,105.90014,303.56,0.71,0.75,2023-11-20,1738,SNPP,SNPP,n,2,289.44,1.42,N,2
21.70119,105.88106,297.42,0.43,0.62,2023-11-20,1918,SNPP,SNPP,n,2,287,0.51,N,0
21.03896,106.58797,299.14,0.49,0.65,2023-11-20,1919,SNPP,SNPP,n,2,288.07,0.73,N,2
21.0178,106.53143,300.21,0.48,0.65,2023-11-20,1919,SNPP,SNPP,n,2,289.67,1.26,N,2
21.00074,105.77607,301.54,0.43,0.62,2023-11-20,1919,SNPP,SNPP,n,2,287.04,0.3,N,0
20.40378,105.90156,301.47,0.45,0.63,2023-11-20,1919,SNPP,SNPP,n,2,289.88,1.14,N,2
20.39855,105.90297,304.95,0.46,0.63,2023-11-20,1919,SNPP,SNPP,n,2,289.79,1.7,N,0
20.19805,105.80359,335.26,0.4,0.44,2023-11-21,0631,SNPP,SNPP,n,2,294.15,1.72,D,0
20.41125,106.56352,329.73,0.44,0.46,2023-11-21,0631,SNPP,SNPP,n,2,297.46,1.87,D,0
20.40879,106.56422,329.98,0.44,0.46,2023-11-21,0631,SNPP,SNPP,n,2,296.78,2.35,D,0
20.32222,105.40697,331.18,0.57,0.43,2023-11-21,0631,SNPP,SNPP,n,2,296.33,9.11,D,0
20.32554,105.401,334.92,0.57,0.43,2023-11-21,0631,SNPP,SNPP,n,2,296.23,5.05,D,0
20.41964,105.82871,340.65,0.4,0.44,2023-11-21,0631,SNPP,SNPP,n,2,296.56,6.77,D,0
20.47398,105.73553,339.46,0.4,0.44,2023-11-21,0631,SNPP,SNPP,n,2,296.51,3.87,D,0
20.55168,105.39665,338.43,0.57,0.43,2023-11-21,0631,SNPP,SNPP,n,2,297.23,8.27,D,0
20.58728,105.58492,330.6,0.39,0.44,2023-11-21,0631,SNPP,SNPP,n,2,294.96,1.36,D,0
20.98373,105.42287,337.31,0.39,0.44,2023-11-21,0631,SNPP,SNPP,n,2,297.42,3.08,D,0
21.32075,106.68373,326.46,0.46,0.47,2023-11-21,0631,SNPP,SNPP,n,2,298.41,1.28,D,0
21.16426,105.24684,326.52,0.57,0.43,2023-11-21,0631,SNPP,SNPP,l,2,296.73,4.95,D,0
21.44501,106.41146,331.54,0.45,0.47,2023-11-21,0631,SNPP,SNPP,n,2,298.62,2.85,D,0
21.41925,106.12112,345.8,0.43,0.46,2023-11-21,0631,SNPP,SNPP,n,2,299.68,5.04,D,0
21.51334,106.23328,345.22,0.44,0.46,2023-11-21,0631,SNPP,SNPP,n,2,299.71,4.44,D,0
21.54548,106.21168,329.52,0.44,0.46,2023-11-21,0631,SNPP,SNPP,n,2,299.94,1.88,D,0
21.54435,106.21259,331,0.44,0.46,2023-11-21,0631,SNPP,SNPP,n,2,299.84,2.39,D,0
21.56384,106.23164,331.54,0.44,0.46,2023-11-21,0631,SNPP,SNPP,n,2,298.9,4.39,D,0
21.829,106.11459,326.17,0.43,0.46,2023-11-21,0631,SNPP,SNPP,l,2,298.16,3.63,D,0
21.01767,106.5311,318.13,0.49,0.48,2023-11-21,1900,SNPP,SNPP,n,2,292.25,2.61,N,2
20.40233,105.90179,307.37,0.46,0.47,2023-11-21,1900,SNPP,SNPP,n,2,290.94,1.82,N,2
20.15202,105.80967,327.19,0.39,0.36,2023-11-22,0612,SNPP,SNPP,n,2,290.36,2.81,D,0
21.02028,106.53187,326.54,0.4,0.37,2023-11-22,0612,SNPP,SNPP,n,2,295.05,2.09,D,2
21.36885,105.04208,325.26,0.38,0.36,2023-11-22,0612,SNPP,SNPP,n,2,294.76,1.46,D,0
21.0393,106.58911,301.18,0.42,0.38,2023-11-22,1841,SNPP,SNPP,n,2,291.04,0.69,N,2
21.018,106.52725,314.35,0.42,0.37,2023-11-22,1841,SNPP,SNPP,n,2,290.67,1.74,N,2
20.99068,105.89928,301.43,0.4,0.37,2023-11-22,1841,SNPP,SNPP,n,2,290.24,0.34,N,0
20.94637,105.83176,303.43,0.4,0.37,2023-11-22,1841,SNPP,SNPP,n,2,290.46,0.54,N,0
20.53038,105.86703,302.18,0.4,0.37,2023-11-22,1841,SNPP,SNPP,n,2,291.06,0.32,N,2
20.48263,105.88183,300.74,0.4,0.37,2023-11-22,1841,SNPP,SNPP,n,2,290.42,0.6,N,0
20.40896,105.90063,308.93,0.4,0.37,2023-11-22,1841,SNPP,SNPP,n,2,290.89,1,N,2
20.40558,105.89998,306.47,0.4,0.37,2023-11-22,1841,SNPP,SNPP,n,2,290.77,0.72,N,2
20.4022,105.89933,303.84,0.4,0.37,2023-11-22,1841,SNPP,SNPP,n,2,290.12,0.72,N,2
20.40155,105.90321,302.48,0.4,0.37,2023-11-22,1841,SNPP,SNPP,n,2,291.07,0.72,N,2
20.3472,105.91393,304.38,0.41,0.37,2023-11-22,1841,SNPP,SNPP,n,2,290.72,0.52,N,2
20.23137,105.70882,332.05,0.51,0.41,2023-11-23,0553,SNPP,SNPP,n,2,293.64,3.9,D,0
20.23126,105.70671,330.37,0.51,0.41,2023-11-23,0553,SNPP,SNPP,n,2,292.94,4.03,D,0
21.69047,106.41303,334.25,0.45,0.39,2023-11-23,0553,SNPP,SNPP,n,2,291.13,29.53,D,0
21.70489,105.91589,331.05,0.47,0.4,2023-11-23,0553,SNPP,SNPP,n,2,293.07,3.16,D,0
21.61262,105.24572,329.54,0.51,0.41,2023-11-23,0553,SNPP,SNPP,n,2,292.54,2.59,D,0
21.75425,105.34151,336.68,0.5,0.41,2023-11-23,0553,SNPP,SNPP,n,2,293.54,4.87,D,0
20.53068,105.86732,301.77,0.45,0.39,2023-11-23,1822,SNPP,SNPP,n,2,288.08,1.61,N,2
20.34876,105.9128,305.38,0.45,0.39,2023-11-23,1822,SNPP,SNPP,n,2,290.05,0.68,N,2
21.24803,106.43692,344.04,0.56,0.51,2023-11-24,0534,SNPP,SNPP,n,2,293.39,10.5,D,0
21.43493,106.40594,346.9,0.56,0.51,2023-11-24,0534,SNPP,SNPP,n,2,294.12,9.4,D,0
21.92641,106.19273,325.93,0.56,0.52,2023-11-24,0534,SNPP,SNPP,n,2,291.39,1.82,D,0
21.78154,105.34866,336.35,0.32,0.55,2023-11-24,0534,SNPP,SNPP,n,2,291.16,4.57,D,0
20.40563,105.89841,304.12,0.56,0.51,2023-11-24,1804,SNPP,SNPP,n,2,287.27,1.56,N,2
20.83885,105.29307,328.34,0.48,0.64,2023-11-25,0656,SNPP,SNPP,n,2,287.19,2.07,D,0
21.24105,104.85686,329.62,0.45,0.63,2023-11-25,0656,SNPP,SNPP,n,2,288.44,9.18,D,0
21.2395,104.85294,345.06,0.45,0.63,2023-11-25,0656,SNPP,SNPP,n,2,289.42,9.31,D,0
21.51315,106.12704,330.06,0.55,0.68,2023-11-25,0656,SNPP,SNPP,n,2,288,4.22,D,0
21.6172,105.09334,343.13,0.47,0.64,2023-11-25,0656,SNPP,SNPP,n,2,290.73,8.18,D,0
21.78772,106.78272,329.19,0.61,0.71,2023-11-25,0656,SNPP,SNPP,n,2,289.9,7.88,D,0
21.78585,106.78642,329.29,0.61,0.71,2023-11-25,0656,SNPP,SNPP,n,2,290.05,6.46,D,0
21.7583,104.88589,333.38,0.46,0.63,2023-11-25,0656,SNPP,SNPP,n,2,291.54,6.19,D,0
21.7579,104.88158,334.51,0.46,0.63,2023-11-25,0656,SNPP,SNPP,n,2,291.54,4.44,D,0
21.76166,104.88558,327.68,0.46,0.63,2023-11-25,0656,SNPP,SNPP,n,2,291.29,6.7,D,0
21.76129,104.88123,342.75,0.46,0.63,2023-11-25,0656,SNPP,SNPP,n,2,291.8,5.51,D,0
21.7845,104.87334,338.07,0.46,0.63,2023-11-25,0656,SNPP,SNPP,n,2,290.57,4.45,D,0
21.84195,105.26579,325.95,0.49,0.65,2023-11-25,0656,SNPP,SNPP,n,2,290.48,3.21,D,0
21.33317,106.59653,326.76,0.58,0.52,2023-11-26,0637,SNPP,SNPP,n,2,293.97,4.24,D,0
21.56097,105.86794,299.7,0.54,0.51,2023-11-26,1906,SNPP,SNPP,n,2,277.36,1.17,N,2
20.14084,105.46681,333.88,0.41,0.37,2023-11-27,0618,SNPP,SNPP,n,2,301.66,16.97,D,0
20.14481,105.47014,325.64,0.41,0.37,2023-11-27,0618,SNPP,SNPP,l,2,296.36,16.97,D,0
20.14425,105.46626,336.37,0.41,0.37,2023-11-27,0618,SNPP,SNPP,n,2,299.46,16.97,D,0
20.5228,105.66353,336.14,0.42,0.38,2023-11-27,0618,SNPP,SNPP,n,2,295.39,7.84,D,0
20.4799,105.3546,330.58,0.41,0.37,2023-11-27,0618,SNPP,SNPP,n,2,295.26,1.64,D,0
20.67628,104.87471,331.59,0.4,0.37,2023-11-27,0618,SNPP,SNPP,n,2,296.33,3.45,D,0
21.2818,106.6443,327.7,0.46,0.39,2023-11-27,0618,SNPP,SNPP,n,2,295.07,3.77,D,0
21.28604,106.64835,336.18,0.46,0.39,2023-11-27,0618,SNPP,SNPP,n,2,296.15,8.28,D,0
21.28213,106.64523,337.85,0.46,0.39,2023-11-27,0618,SNPP,SNPP,n,2,296.62,4.55,D,0
21.28576,106.64476,332.06,0.46,0.39,2023-11-27,0618,SNPP,SNPP,n,2,294.28,3.11,D,0
21.30847,106.7057,332.07,0.47,0.39,2023-11-27,0618,SNPP,SNPP,n,2,296.82,4.07,D,0
21.59096,106.12115,333.26,0.44,0.39,2023-11-27,0618,SNPP,SNPP,n,2,297.06,4.05,D,0
21.67211,104.89464,330.6,0.4,0.37,2023-11-27,0618,SNPP,SNPP,n,2,297.12,2.1,D,0
21.86117,106.12388,331.4,0.45,0.39,2023-11-27,0618,SNPP,SNPP,n,2,296.97,3.15,D,0
21.88061,105.39436,343.86,0.42,0.38,2023-11-27,0618,SNPP,SNPP,n,2,295.48,12.33,D,0
21.74197,106.38685,301.12,0.47,0.39,2023-11-27,1847,SNPP,SNPP,n,2,289.73,0.41,N,0
21.55956,105.8652,305.94,0.45,0.39,2023-11-27,1847,SNPP,SNPP,n,2,290.06,0.68,N,2
21.55882,105.86947,302.79,0.45,0.39,2023-11-27,1847,SNPP,SNPP,n,2,291.28,0.98,N,2
20.40688,105.89823,304.33,0.46,0.39,2023-11-27,1847,SNPP,SNPP,n,2,291.48,1.22,N,2
20.39893,105.90119,304.3,0.46,0.39,2023-11-27,1847,SNPP,SNPP,n,2,291.79,1.61,N,2
20.40129,105.90387,304.4,0.46,0.39,2023-11-27,1848,SNPP,SNPP,n,2,291.43,1.55,N,2
20.41467,105.66796,333.91,0.43,0.38,2023-11-28,0559,SNPP,SNPP,n,2,296.92,4.78,D,0
20.71898,105.58826,334.06,0.43,0.38,2023-11-28,0559,SNPP,SNPP,n,2,298.47,3.85,D,0
20.71963,105.58856,345.33,0.43,0.38,2023-11-28,0559,SNPP,SNPP,n,2,299.45,5.16,D,0
21.01963,106.53157,336.54,0.4,0.37,2023-11-28,0559,SNPP,SNPP,n,2,302.89,3.89,D,2
20.89647,105.30873,335.2,0.44,0.38,2023-11-28,0559,SNPP,SNPP,n,2,297.91,8.7,D,0
21.24904,106.82389,346.29,0.39,0.36,2023-11-28,0559,SNPP,SNPP,n,2,296.63,7.94,D,0
21.32098,106.40561,331.99,0.4,0.37,2023-11-28,0559,SNPP,SNPP,n,2,298.28,3.94,D,0
21.37499,106.39573,327.96,0.4,0.37,2023-11-28,0559,SNPP,SNPP,n,2,299.09,0.89,D,0
21.58679,106.32096,335.04,0.4,0.37,2023-11-28,0559,SNPP,SNPP,n,2,299.7,3.83,D,0
21.50647,105.44762,345.72,0.43,0.38,2023-11-28,0559,SNPP,SNPP,n,2,298.7,6.4,D,0
21.58373,105.47556,327.97,0.43,0.38,2023-11-28,0559,SNPP,SNPP,n,2,295.55,4.1,D,0
21.56611,106.49417,299.95,0.39,0.36,2023-11-28,1828,SNPP,SNPP,n,2,288.69,0.38,N,0
21.01943,106.53071,328.32,0.39,0.36,2023-11-28,1828,SNPP,SNPP,n,2,293.19,2.79,N,2
21.01441,106.54137,305.92,0.39,0.36,2023-11-28,1828,SNPP,SNPP,n,2,291.04,0.61,N,2
20.99193,105.89678,320.18,0.4,0.37,2023-11-28,1828,SNPP,SNPP,n,2,289.36,1.46,N,3
20.99136,105.90063,306.32,0.4,0.37,2023-11-28,1828,SNPP,SNPP,n,2,290.44,0.85,N,0
20.98798,105.90007,302.49,0.4,0.37,2023-11-28,1828,SNPP,SNPP,n,2,289.06,0.85,N,0
20.94491,105.83369,302.31,0.4,0.37,2023-11-28,1828,SNPP,SNPP,n,2,289.3,0.64,N,0
20.53173,105.8663,303.93,0.4,0.37,2023-11-28,1829,SNPP,SNPP,n,2,290.78,0.54,N,2
20.48109,105.88137,300.26,0.4,0.37,2023-11-28,1829,SNPP,SNPP,n,2,289.96,0.49,N,0
20.40818,105.90133,317.4,0.4,0.37,2023-11-28,1829,SNPP,SNPP,n,2,291.35,1.18,N,2
20.40481,105.90078,308.6,0.4,0.37,2023-11-28,1829,SNPP,SNPP,n,2,291.45,0.78,N,2
20.40144,105.90022,303.77,0.4,0.37,2023-11-28,1829,SNPP,SNPP,n,2,290.24,0.78,N,2
20.40087,105.90401,302.34,0.4,0.37,2023-11-28,1829,SNPP,SNPP,n,2,291.01,0.78,N,2
20.12305,105.42989,329,0.54,0.51,2023-11-29,0540,SNPP,SNPP,n,2,293.07,3.43,D,0
20.1812,105.58906,326.38,0.53,0.5,2023-11-29,0540,SNPP,SNPP,n,2,294.5,2.18,D,0
20.27909,105.41248,348.12,0.54,0.51,2023-11-29,0540,SNPP,SNPP,n,2,293.39,9.16,D,0
20.98753,105.42915,325.66,0.52,0.5,2023-11-29,0540,SNPP,SNPP,n,2,291.11,2.82,D,0
20.98719,105.43135,325.61,0.52,0.5,2023-11-29,0540,SNPP,SNPP,n,2,290.12,2.5,D,0
21.48702,106.25932,341.37,0.45,0.47,2023-11-29,0541,SNPP,SNPP,n,2,292.25,3.65,D,0
21.48517,106.26178,339.2,0.45,0.47,2023-11-29,0541,SNPP,SNPP,n,2,291.48,5.87,D,0
21.94836,106.28832,338.55,0.44,0.46,2023-11-29,0541,SNPP,SNPP,n,2,290.89,5.14,D,0
20.53126,105.86633,297.57,0.72,0.76,2023-12-06,1738,SNPP,SNPP,n,2,282.28,1.4,N,2
20.40788,105.8979,297.6,0.71,0.75,2023-12-06,1738,SNPP,SNPP,n,2,282.42,1.89,N,2
20.42429,105.90031,296.56,0.71,0.75,2023-12-06,1738,SNPP,SNPP,n,2,282.27,0.75,N,0
20.40314,105.89825,297.47,0.71,0.75,2023-12-06,1738,SNPP,SNPP,n,2,282.67,1.37,N,2
21.56009,105.86959,299.76,0.43,0.62,2023-12-06,1918,SNPP,SNPP,n,2,283.11,0.79,N,2
21.55837,105.86919,299.86,0.43,0.62,2023-12-06,1918,SNPP,SNPP,n,2,282.97,0.76,N,2
21.03875,106.58816,297.6,0.49,0.65,2023-12-06,1918,SNPP,SNPP,n,2,284.11,0.72,N,2
21.02102,106.52956,298.8,0.48,0.65,2023-12-06,1918,SNPP,SNPP,n,2,284.94,1.39,N,2
20.98992,105.8979,297.96,0.44,0.62,2023-12-06,1919,SNPP,SNPP,n,2,283.35,0.67,N,0
21.00485,105.77776,297.22,0.43,0.62,2023-12-06,1919,SNPP,SNPP,n,2,283.23,0.28,N,0
21.0882,106.70109,340.82,0.46,0.47,2023-12-07,0631,SNPP,SNPP,n,2,293.85,4.75,D,0
21.8537,106.81362,328.09,0.48,0.48,2023-12-07,0631,SNPP,SNPP,n,2,293.16,2.49,D,0
21.56596,106.49348,296.17,0.47,0.48,2023-12-07,1900,SNPP,SNPP,n,2,285.2,0.48,N,0
21.56127,105.86745,299.86,0.43,0.46,2023-12-07,1900,SNPP,SNPP,n,2,286.16,1.43,N,2
21.30289,106.1977,299.09,0.46,0.47,2023-12-07,1900,SNPP,SNPP,n,2,286.73,0.89,N,0
21.03788,106.5893,297.84,0.49,0.48,2023-12-07,1900,SNPP,SNPP,n,2,287.14,0.19,N,2
21.16697,105.91912,296.26,0.44,0.46,2023-12-07,1900,SNPP,SNPP,n,2,285.56,0.28,N,0
21.01944,106.52982,301.36,0.48,0.48,2023-12-07,1900,SNPP,SNPP,n,2,288.3,1.19,N,2
21.01322,106.53808,299.62,0.49,0.48,2023-12-07,1900,SNPP,SNPP,n,2,287.76,1.14,N,2
20.93128,106.09905,295.97,0.46,0.47,2023-12-07,1900,SNPP,SNPP,n,2,285.08,0.2,N,0
20.39923,105.89993,303.71,0.45,0.47,2023-12-07,1900,SNPP,SNPP,n,2,287.89,1.57,N,2
20.19044,105.28747,338.1,0.38,0.36,2023-12-08,0612,SNPP,SNPP,n,2,296.95,3.99,D,0
20.40651,105.90015,326.99,0.39,0.36,2023-12-08,0612,SNPP,SNPP,l,2,299.88,4.12,D,2
20.53501,105.87487,331.27,0.39,0.36,2023-12-08,0612,SNPP,SNPP,n,2,295.89,3.55,D,0
20.74376,106.40284,327.41,0.4,0.37,2023-12-08,0612,SNPP,SNPP,n,2,296.05,1.55,D,0
21.17903,106.76792,331.3,0.41,0.37,2023-12-08,0612,SNPP,SNPP,n,2,295.02,13.12,D,0
21.17848,106.76397,327.13,0.41,0.37,2023-12-08,0612,SNPP,SNPP,n,2,299.86,13.12,D,0
21.18189,106.76347,336.39,0.41,0.37,2023-12-08,0612,SNPP,SNPP,n,2,296.6,7.43,D,0
21.16635,104.96444,337.04,0.38,0.36,2023-12-08,0612,SNPP,SNPP,n,2,294.69,4.77,D,0
21.41383,106.41185,336.52,0.4,0.37,2023-12-08,0612,SNPP,SNPP,n,2,297.19,6.53,D,0
21.45253,106.40961,329.93,0.4,0.37,2023-12-08,0612,SNPP,SNPP,n,2,293,1.88,D,0
21.46076,106.32174,329.87,0.4,0.37,2023-12-08,0612,SNPP,SNPP,n,2,296.99,1.96,D,0
21.54546,106.67343,332.02,0.41,0.37,2023-12-08,0612,SNPP,SNPP,n,2,296.75,8.43,D,0
21.48841,106.27392,333.69,0.4,0.37,2023-12-08,0612,SNPP,SNPP,n,2,298.71,5.57,D,0
21.59107,106.8476,325.63,0.41,0.37,2023-12-08,0612,SNPP,SNPP,n,2,293.64,1.34,D,0
21.59019,106.8478,330.21,0.41,0.37,2023-12-08,0612,SNPP,SNPP,n,2,294.74,1.14,D,0
21.68097,106.4242,329.8,0.4,0.37,2023-12-08,0612,SNPP,SNPP,n,2,293.54,2.14,D,0
21.75142,106.25857,325.47,0.4,0.37,2023-12-08,0612,SNPP,SNPP,n,2,294.97,2.01,D,0
21.7548,106.25803,325.69,0.4,0.37,2023-12-08,0612,SNPP,SNPP,n,2,293.29,2.01,D,0
21.8525,105.30109,325.04,0.39,0.36,2023-12-08,0612,SNPP,SNPP,n,2,291.51,1.67,D,0
21.84952,104.96281,346.82,0.38,0.36,2023-12-08,0612,SNPP,SNPP,n,2,296.89,23.17,D,3
21.69925,105.88007,300.85,0.4,0.37,2023-12-08,1841,SNPP,SNPP,n,2,288.11,0.69,N,0
21.0189,106.52978,318.82,0.42,0.37,2023-12-08,1841,SNPP,SNPP,n,2,292.4,2.36,N,2
20.9629,106.75535,300.58,0.42,0.38,2023-12-08,1841,SNPP,SNPP,n,2,290.21,0.78,N,0
20.99169,105.89772,302.28,0.4,0.37,2023-12-08,1841,SNPP,SNPP,n,2,288.62,0.55,N,3
20.57092,106.17107,298.77,0.41,0.37,2023-12-08,1841,SNPP,SNPP,n,2,288.49,0.34,N,0
20.53139,105.86539,304.11,0.4,0.37,2023-12-08,1841,SNPP,SNPP,n,2,290.38,0.85,N,2
20.40606,105.90144,313.04,0.4,0.37,2023-12-08,1841,SNPP,SNPP,n,2,291.23,1.45,N,2
20.40268,105.9008,310.54,0.4,0.37,2023-12-08,1841,SNPP,SNPP,n,2,291.04,0.91,N,2
20.3993,105.90015,304.03,0.4,0.37,2023-12-08,1841,SNPP,SNPP,n,2,290.44,0.91,N,2
20.3483,105.91149,305.78,0.4,0.37,2023-12-08,1841,SNPP,SNPP,n,2,289.95,0.8,N,2
20.15723,105.48933,331.33,0.52,0.42,2023-12-09,0553,SNPP,SNPP,n,2,293.05,4.01,D,0
20.16779,105.34731,331.48,0.53,0.42,2023-12-09,0553,SNPP,SNPP,n,2,293.69,6.37,D,0
20.16615,105.35024,335.86,0.53,0.42,2023-12-09,0553,SNPP,SNPP,n,2,293.25,5,D,0
20.62395,105.53868,332.37,0.51,0.41,2023-12-09,0553,SNPP,SNPP,n,2,292.43,4.18,D,0
21.84052,104.88853,329.42,0.46,0.63,2023-12-11,0656,SNPP,SNPP,n,2,289.98,3.32,D,0
20.12622,105.5966,330.77,0.41,0.37,2023-12-13,0618,SNPP,SNPP,n,2,295.1,1.81,D,0
21.26942,105.56352,337.53,0.42,0.38,2023-12-13,0618,SNPP,SNPP,n,2,296.74,3.69,D,0
20.20335,105.42618,330.56,0.44,0.39,2023-12-14,0559,SNPP,SNPP,n,2,294.82,2.82,D,0
20.20264,105.42201,331.58,0.44,0.39,2023-12-14,0559,SNPP,SNPP,n,2,295.58,2.82,D,0
21.04139,105.07275,330.88,0.45,0.39,2023-12-14,0559,SNPP,SNPP,n,2,296.81,1.63,D,0
21.06432,105.16482,326.92,0.44,0.39,2023-12-14,0559,SNPP,SNPP,n,2,297.65,2.24,D,0
21.08304,104.95885,330.92,0.45,0.39,2023-12-14,0559,SNPP,SNPP,n,2,296.99,4.51,D,0
21.4242,106.40727,331.66,0.4,0.37,2023-12-14,0559,SNPP,SNPP,n,2,292.07,3.2,D,0
21.23901,104.87106,329.02,0.46,0.39,2023-12-14,0559,SNPP,SNPP,n,2,294.23,2.03,D,0
21.28252,104.85553,331.25,0.46,0.39,2023-12-14,0559,SNPP,SNPP,n,2,297.21,7.01,D,0
21.57268,105.36943,334.19,0.43,0.38,2023-12-14,0559,SNPP,SNPP,n,2,295.93,3.67,D,0
21.57374,105.36996,327.37,0.43,0.38,2023-12-14,0559,SNPP,SNPP,n,2,295.4,3.3,D,0
21.68482,105.25868,338.13,0.43,0.38,2023-12-14,0559,SNPP,SNPP,n,2,297.68,7.21,D,0
21.68831,105.25798,328.82,0.43,0.38,2023-12-14,0559,SNPP,SNPP,n,2,294.57,2.54,D,0
21.70244,105.32001,333.11,0.43,0.38,2023-12-14,0559,SNPP,SNPP,n,2,292.01,3.24,D,0
21.17606,105.93191,307.71,0.4,0.37,2023-12-14,1828,SNPP,SNPP,n,2,290.4,0.46,N,0
21.03907,106.58774,302.69,0.39,0.36,2023-12-14,1828,SNPP,SNPP,n,2,290.63,0.55,N,2
21.02034,106.53072,316.47,0.39,0.36,2023-12-14,1828,SNPP,SNPP,n,2,290.86,1.53,N,2
20.98913,105.89801,311.69,0.4,0.37,2023-12-14,1828,SNPP,SNPP,n,2,290.73,0.96,N,0
20.78493,106.63293,302.51,0.39,0.36,2023-12-14,1828,SNPP,SNPP,n,2,289.45,0.59,N,0
20.34853,105.91362,300.2,0.4,0.37,2023-12-14,1828,SNPP,SNPP,n,2,289.2,0.53,N,2
20.47261,105.66261,345.26,0.52,0.5,2023-12-15,0540,SNPP,SNPP,n,2,294.97,20.18,D,0
21.25215,106.55152,330.63,0.44,0.46,2023-12-15,0540,SNPP,SNPP,n,2,292.97,3.76,D,0
21.06672,105.05246,336.94,0.55,0.51,2023-12-15,0540,SNPP,SNPP,n,2,293.9,5.85,D,0
21.06276,105.05064,335.92,0.55,0.51,2023-12-15,0540,SNPP,SNPP,n,2,293.76,6.36,D,0
21.89213,105.09176,326.23,0.53,0.5,2023-12-15,0541,SNPP,SNPP,n,2,290.32,3.1,D,0
21.20377,106.84558,329.94,0.34,0.56,2023-12-21,0528,SNPP,SNPP,n,2,283.92,2.51,D,0
21.71373,106.47878,329.12,0.35,0.56,2023-12-21,0528,SNPP,SNPP,n,2,284.86,2.02,D,0
21.08553,106.76552,295.45,0.32,0.54,2023-12-21,1757,SNPP,SNPP,n,2,279.54,0.49,N,0
21.01971,106.60756,297.85,0.33,0.55,2023-12-21,1757,SNPP,SNPP,n,2,282.63,0.49,N,0
21.01724,106.52922,302.59,0.33,0.55,2023-12-21,1757,SNPP,SNPP,n,2,286.09,0.88,N,2
21.02048,106.53,296.72,0.33,0.55,2023-12-21,1757,SNPP,SNPP,n,2,284.32,0.91,N,2
21.86744,106.12637,325.47,0.71,0.75,2023-12-22,0509,SNPP,SNPP,n,2,279.32,5.05,D,0
21.86566,106.11914,328.43,0.71,0.75,2023-12-22,0509,SNPP,SNPP,n,2,280.72,5.05,D,0
21.86576,106.12507,343.25,0.71,0.75,2023-12-22,0509,SNPP,SNPP,n,2,280.21,8.54,D,0
21.86763,105.64397,327.31,0.75,0.77,2023-12-22,0509,SNPP,SNPP,n,2,280.05,3.38,D,0
21.94185,105.74464,353.5,0.74,0.76,2023-12-22,0509,SNPP,SNPP,n,2,281.19,28.61,D,0
21.94369,105.75175,356.29,0.74,0.76,2023-12-22,0509,SNPP,SNPP,l,2,284.56,45.38,D,0
20.10803,105.75719,326.68,0.39,0.59,2023-12-22,0649,SNPP,SNPP,n,2,287.67,18.24,D,0
20.10763,105.7532,353.61,0.39,0.59,2023-12-22,0649,SNPP,SNPP,n,2,295.48,24.43,D,0
20.47761,105.38754,346.74,0.37,0.58,2023-12-22,0649,SNPP,SNPP,n,2,291.66,2.73,D,0
20.48304,105.3869,331.91,0.37,0.58,2023-12-22,0649,SNPP,SNPP,n,2,287.56,2.73,D,0
20.72015,105.59178,352.56,0.39,0.59,2023-12-22,0649,SNPP,SNPP,n,2,291.99,5.49,D,0
20.91875,105.18442,338.67,0.37,0.58,2023-12-22,0649,SNPP,SNPP,n,2,286,3.37,D,0
20.91562,105.18655,335.68,0.37,0.58,2023-12-22,0649,SNPP,SNPP,n,2,287.05,3.73,D,0
21.2246,106.40217,335.79,0.44,0.63,2023-12-22,0649,SNPP,SNPP,n,2,286.86,6.61,D,0
21.22425,106.39826,355.28,0.44,0.63,2023-12-22,0649,SNPP,SNPP,n,2,288.73,6.61,D,0
21.21978,106.16151,334.07,0.43,0.62,2023-12-22,0649,SNPP,SNPP,n,2,289.63,2.64,D,0
21.2203,106.16105,334.18,0.43,0.62,2023-12-22,0649,SNPP,SNPP,n,2,289.87,2.25,D,0
21.70137,105.62284,350.98,0.4,0.6,2023-12-22,0649,SNPP,SNPP,n,2,294.8,14.68,D,0
21.70176,105.62696,356.87,0.4,0.6,2023-12-22,0649,SNPP,SNPP,l,2,289.88,14.68,D,0
21.70027,105.62697,353.03,0.4,0.6,2023-12-22,0650,SNPP,SNPP,n,2,289.45,14.15,D,0
21.69991,105.623,352.13,0.4,0.6,2023-12-22,0650,SNPP,SNPP,n,2,296.56,14.15,D,0
21.76049,105.98557,326.21,0.42,0.61,2023-12-22,0650,SNPP,SNPP,n,2,288.8,2,D,0
21.78241,106.16914,325.73,0.44,0.62,2023-12-22,0650,SNPP,SNPP,n,2,285.62,4.06,D,0
21.80589,105.26086,327.86,0.38,0.59,2023-12-22,0650,SNPP,SNPP,n,2,289.42,2.98,D,0
21.89532,106.12617,330.21,0.43,0.62,2023-12-22,0650,SNPP,SNPP,n,2,285.73,3,D,0
21.93089,105.59498,349.41,0.4,0.6,2023-12-22,0650,SNPP,SNPP,n,2,288.88,4.14,D,0
21.22232,106.15964,298.31,0.45,0.63,2023-12-22,1918,SNPP,SNPP,n,2,277.98,0.57,N,0
21.22282,106.16019,300.06,0.45,0.63,2023-12-22,1918,SNPP,SNPP,n,2,278,0.63,N,0
21.01769,106.53017,298.61,0.48,0.65,2023-12-22,1918,SNPP,SNPP,n,2,282.4,1.11,N,2
20.39929,105.90147,299.59,0.45,0.63,2023-12-22,1919,SNPP,SNPP,n,2,280.97,0.85,N,2
20.82949,105.47414,335.68,0.38,0.44,2023-12-23,0630,SNPP,SNPP,n,2,290.47,4.08,D,0
21.0842,106.62418,341.41,0.45,0.47,2023-12-23,0630,SNPP,SNPP,n,2,296.67,14.75,D,0
21.08371,106.62,341.05,0.45,0.47,2023-12-23,0630,SNPP,SNPP,n,2,293.93,16.14,D,0
21.08323,106.61591,352.12,0.45,0.47,2023-12-23,0630,SNPP,SNPP,n,2,294.62,16.14,D,0
21.12429,106.81344,329.26,0.47,0.48,2023-12-23,0630,SNPP,SNPP,n,2,289.42,1.98,D,0
21.12877,106.81409,342.84,0.47,0.48,2023-12-23,0630,SNPP,SNPP,n,2,292.37,4.68,D,0
21.23493,106.77106,346.82,0.47,0.47,2023-12-23,0630,SNPP,SNPP,n,2,292.89,7.38,D,0
21.23928,106.7701,355.01,0.47,0.47,2023-12-23,0630,SNPP,SNPP,n,2,299.76,24.91,D,0
21.28032,106.70061,339.85,0.46,0.47,2023-12-23,0630,SNPP,SNPP,n,2,291,5.59,D,0
21.28856,106.69515,329.28,0.46,0.47,2023-12-23,0630,SNPP,SNPP,n,2,292.37,3.39,D,0
21.28884,106.47227,333.2,0.45,0.47,2023-12-23,0630,SNPP,SNPP,n,2,293.06,3.79,D,0
21.16509,105.2446,331,0.57,0.43,2023-12-23,0631,SNPP,SNPP,n,2,294.35,13.42,D,0
21.40223,106.83045,330.36,0.47,0.48,2023-12-23,0631,SNPP,SNPP,n,2,294.81,2.58,D,0
21.28424,104.91891,332.73,0.54,0.42,2023-12-23,0631,SNPP,SNPP,n,2,289.81,2.94,D,0
21.50753,106.50027,326.48,0.45,0.47,2023-12-23,0631,SNPP,SNPP,n,2,291.17,2.38,D,0
21.51229,106.23373,329.58,0.44,0.46,2023-12-23,0631,SNPP,SNPP,n,2,291.58,3.14,D,0
21.46887,105.71745,340.1,0.4,0.45,2023-12-23,0631,SNPP,SNPP,n,2,293.01,8.1,D,0
21.50709,105.75654,333.75,0.41,0.45,2023-12-23,0631,SNPP,SNPP,n,2,290.45,3.13,D,0
21.59069,106.13775,331.59,0.43,0.46,2023-12-23,0631,SNPP,SNPP,n,2,291.5,3.67,D,0
21.59632,106.11176,338.85,0.43,0.46,2023-12-23,0631,SNPP,SNPP,n,2,291.28,5.25,D,0
21.6823,106.75486,336.39,0.47,0.48,2023-12-23,0631,SNPP,SNPP,n,2,292.91,25.83,D,0
21.62022,106.02263,339.73,0.42,0.45,2023-12-23,0631,SNPP,SNPP,n,2,292.23,5.28,D,0
21.64866,106.22884,333.34,0.44,0.46,2023-12-23,0631,SNPP,SNPP,n,2,291.96,3.02,D,0
21.60235,105.6953,344.21,0.4,0.45,2023-12-23,0631,SNPP,SNPP,n,2,293.67,6.16,D,0
21.55806,105.03931,327.29,0.56,0.43,2023-12-23,0631,SNPP,SNPP,n,2,289.21,9.16,D,0
21.5574,105.04336,346.07,0.56,0.43,2023-12-23,0631,SNPP,SNPP,n,2,294.66,26.09,D,0
21.56134,105.04275,340.16,0.56,0.43,2023-12-23,0631,SNPP,SNPP,n,2,291.67,26.09,D,0
21.71114,106.21751,325.3,0.44,0.46,2023-12-23,0631,SNPP,SNPP,n,2,291.46,2.98,D,0
21.71376,105.66024,341.95,0.4,0.45,2023-12-23,0631,SNPP,SNPP,n,2,301.59,51.97,D,0
21.78569,106.04877,338.12,0.43,0.46,2023-12-23,0631,SNPP,SNPP,n,2,289.85,4.42,D,0
21.8128,106.25046,340.54,0.44,0.46,2023-12-23,0631,SNPP,SNPP,n,2,289.52,2.95,D,0
21.85974,106.1316,339.45,0.43,0.46,2023-12-23,0631,SNPP,SNPP,n,2,290.26,36.21,D,0
21.8853,106.12885,336.19,0.43,0.46,2023-12-23,0631,SNPP,SNPP,n,2,290.41,7.48,D,0
21.92566,106.26364,336.48,0.44,0.46,2023-12-23,0631,SNPP,SNPP,n,2,290.49,5.47,D,0
21.92262,106.19819,345.34,0.44,0.46,2023-12-23,0631,SNPP,SNPP,n,2,290.45,6.39,D,0
21.92222,105.71764,350,0.41,0.45,2023-12-23,0631,SNPP,SNPP,n,2,293.35,8.56,D,0
21.84671,104.96548,340.39,0.56,0.43,2023-12-23,0631,SNPP,SNPP,n,2,296.93,26.07,D,3
20.74058,106.70492,331.56,0.4,0.37,2023-12-24,0611,SNPP,SNPP,n,2,291.45,2.7,D,0
21.08656,106.7649,330.57,0.41,0.37,2023-12-24,0612,SNPP,SNPP,n,2,286.45,4.73,D,0
21.08601,106.76102,329.38,0.41,0.37,2023-12-24,0612,SNPP,SNPP,n,2,289.49,4.73,D,0
21.0903,106.66846,347.7,0.4,0.37,2023-12-24,0612,SNPP,SNPP,n,2,289.1,6.15,D,0
21.09372,106.6681,345.36,0.4,0.37,2023-12-24,0612,SNPP,SNPP,n,2,285.35,6.15,D,0
21.29519,106.49332,333.6,0.4,0.37,2023-12-24,0612,SNPP,SNPP,n,2,286.49,2.48,D,0
20.11646,105.5032,327.08,0.52,0.42,2023-12-25,0553,SNPP,SNPP,n,2,294.39,3.01,D,0
20.16063,105.46329,330.86,0.53,0.42,2023-12-25,0553,SNPP,SNPP,n,2,293.62,4.15,D,0
20.35485,106.2334,330.19,0.48,0.4,2023-12-25,0553,SNPP,SNPP,n,2,297.2,3.25,D,0
20.18583,105.03865,333.69,0.55,0.43,2023-12-25,0553,SNPP,SNPP,n,2,288.16,6.63,D,0
20.80349,106.66699,335.75,0.45,0.39,2023-12-25,0553,SNPP,SNPP,n,2,297.05,4.5,D,0
20.88716,106.84139,334.25,0.44,0.39,2023-12-25,0553,SNPP,SNPP,n,2,292.85,3.27,D,0
20.79343,105.44364,340.12,0.52,0.41,2023-12-25,0553,SNPP,SNPP,n,2,297.66,39.41,D,0
20.92789,106.0584,326.7,0.48,0.4,2023-12-25,0553,SNPP,SNPP,n,2,296.45,2.34,D,0
20.96173,106.14584,336.78,0.47,0.4,2023-12-25,0553,SNPP,SNPP,n,2,295.04,2.97,D,0
20.96105,106.14279,327.63,0.47,0.4,2023-12-25,0553,SNPP,SNPP,n,2,294.81,1.76,D,0
21.08422,106.74446,347.15,0.44,0.39,2023-12-25,0553,SNPP,SNPP,n,2,296.89,7.38,D,0
20.81974,105.2244,330.02,0.53,0.42,2023-12-25,0553,SNPP,SNPP,n,2,289.58,6.13,D,0
21.18172,106.76583,331.14,0.44,0.39,2023-12-25,0553,SNPP,SNPP,n,2,296.23,3.46,D,0
21.24516,106.41739,332.67,0.46,0.39,2023-12-25,0553,SNPP,SNPP,n,2,292.32,2.36,D,0
21.50542,106.51685,331.47,0.45,0.39,2023-12-25,0553,SNPP,SNPP,n,2,292.25,3.77,D,0
21.48656,106.29946,347.39,0.46,0.39,2023-12-25,0553,SNPP,SNPP,n,2,297.12,11.5,D,0
21.4892,106.27168,325.75,0.46,0.39,2023-12-25,0553,SNPP,SNPP,n,2,293.72,2.92,D,0
21.67885,106.00256,336.08,0.47,0.4,2023-12-25,0553,SNPP,SNPP,n,2,294.4,6.6,D,0
21.7614,106.15496,326.09,0.46,0.39,2023-12-25,0553,SNPP,SNPP,l,2,296.1,9.95,D,0
21.65975,105.33739,330.46,0.51,0.41,2023-12-25,0553,SNPP,SNPP,n,2,291.41,2.27,D,0
21.89946,106.15144,335.65,0.46,0.39,2023-12-25,0553,SNPP,SNPP,n,2,303.58,52.33,D,0
21.9212,106.25644,331.37,0.46,0.39,2023-12-25,0553,SNPP,SNPP,n,2,295.52,11.22,D,0
21.79829,105.46126,332.76,0.5,0.41,2023-12-25,0553,SNPP,SNPP,n,2,295.75,7.9,D,0
21.93204,105.58405,338.33,0.49,0.4,2023-12-25,0553,SNPP,SNPP,n,2,292.61,5.87,D,0
21.82281,104.92084,330.26,0.53,0.42,2023-12-25,0553,SNPP,SNPP,n,2,292.41,5.17,D,0
21.84016,105.20611,295.19,0.5,0.41,2023-12-25,1822,SNPP,SNPP,n,2,283.52,0.35,N,0
20.99004,105.89793,297.65,0.46,0.39,2023-12-25,1822,SNPP,SNPP,n,2,284.09,0.49,N,0
20.53061,105.86462,300.11,0.45,0.39,2023-12-25,1822,SNPP,SNPP,n,2,284.87,0.77,N,2
20.40684,105.90012,311.24,0.45,0.39,2023-12-25,1822,SNPP,SNPP,n,2,286.52,1.39,N,2
20.40326,105.89959,304.77,0.45,0.39,2023-12-25,1822,SNPP,SNPP,n,2,285.65,1.39,N,2
20.3991,105.90331,307.75,0.45,0.39,2023-12-25,1822,SNPP,SNPP,n,2,286.39,1.45,N,0
20.40151,105.9006,311.28,0.45,0.39,2023-12-25,1822,SNPP,SNPP,n,2,285.97,1.22,N,2
20.39793,105.90005,300.51,0.45,0.39,2023-12-25,1822,SNPP,SNPP,n,2,284.7,1.22,N,2
20.34847,105.91423,303.91,0.45,0.39,2023-12-25,1822,SNPP,SNPP,n,2,285.16,1.02,N,2
20.14231,105.4707,335.74,0.34,0.56,2023-12-26,0534,SNPP,SNPP,n,2,291.52,2.68,D,0
20.13945,105.47314,331.41,0.34,0.56,2023-12-26,0534,SNPP,SNPP,n,2,290.54,2.98,D,0
20.91168,105.14398,333.65,0.34,0.56,2023-12-26,0534,SNPP,SNPP,n,2,291.07,3.04,D,0
21.20961,106.40067,332.59,0.57,0.52,2023-12-26,0534,SNPP,SNPP,n,2,292.45,7.95,D,0
21.21073,106.4035,341.92,0.57,0.52,2023-12-26,0534,SNPP,SNPP,n,2,292.98,6.05,D,0
21.23713,106.41187,329.75,0.56,0.52,2023-12-26,0534,SNPP,SNPP,n,2,289.29,5.2,D,0
21.23597,106.4062,331.27,0.57,0.52,2023-12-26,0534,SNPP,SNPP,n,2,292.66,3.99,D,0
21.11249,105.03909,348.2,0.35,0.56,2023-12-26,0534,SNPP,SNPP,n,2,292.32,3.85,D,0
21.4148,105.29237,331.79,0.33,0.55,2023-12-26,0534,SNPP,SNPP,n,2,291.17,3.83,D,0
21.41276,105.29119,350.04,0.33,0.55,2023-12-26,0534,SNPP,SNPP,n,2,292.73,3.18,D,0
21.4656,105.44058,337.98,0.32,0.55,2023-12-26,0534,SNPP,SNPP,n,2,293.28,2.76,D,0
21.65835,106.07417,327.12,0.58,0.52,2023-12-26,0534,SNPP,SNPP,n,2,291.05,2.58,D,0
21.44432,104.93527,341.83,0.35,0.56,2023-12-26,0534,SNPP,SNPP,n,2,291.62,4.54,D,0
21.44503,104.93684,330.87,0.35,0.56,2023-12-26,0534,SNPP,SNPP,n,2,290.77,4.1,D,0
21.78962,106.21102,326.34,0.57,0.52,2023-12-26,0534,SNPP,SNPP,n,2,291.54,3.15,D,0
21.60449,105.26012,332.33,0.33,0.55,2023-12-26,0534,SNPP,SNPP,n,2,291.44,1.57,D,0
21.83501,106.16498,338.91,0.57,0.52,2023-12-26,0534,SNPP,SNPP,n,2,291.41,5.93,D,0
21.93483,105.30228,325.26,0.32,0.55,2023-12-26,0534,SNPP,SNPP,n,2,288.6,1.89,D,0
21.93415,105.29899,327.42,0.32,0.55,2023-12-26,0534,SNPP,SNPP,n,2,288.74,1.89,D,0
21.46535,106.21652,299.81,0.55,0.51,2023-12-26,1803,SNPP,SNPP,n,2,283.19,0.99,N,0
21.33863,105.7317,303.1,0.59,0.53,2023-12-26,1803,SNPP,SNPP,n,2,285.33,1.89,N,0
20.98819,105.89969,297.48,0.57,0.52,2023-12-26,1803,SNPP,SNPP,n,2,285.18,0.81,N,0
20.53224,105.86444,299.87,0.57,0.52,2023-12-26,1803,SNPP,SNPP,n,2,286.31,0.83,N,2
20.40735,105.89693,296.09,0.56,0.52,2023-12-26,1803,SNPP,SNPP,n,2,285.66,1.5,N,2
20.40198,105.90167,306.39,0.56,0.51,2023-12-26,1803,SNPP,SNPP,n,2,287.16,1.87,N,2
20.34774,105.91102,301.19,0.56,0.51,2023-12-26,1803,SNPP,SNPP,n,2,285.98,1.09,N,2
20.34747,105.9143,297.12,0.56,0.51,2023-12-26,1803,SNPP,SNPP,n,2,286.12,1.55,N,2
20.19795,105.53137,326.88,0.67,0.73,2023-12-27,0515,SNPP,SNPP,n,2,290.41,4.01,D,0
21.52728,106.72729,337.79,0.53,0.67,2023-12-27,0515,SNPP,SNPP,n,2,291,4.26,D,0
21.52675,106.72894,332.6,0.53,0.67,2023-12-27,0515,SNPP,SNPP,n,2,291.05,5.98,D,0
20.15191,105.45926,332.75,0.48,0.64,2023-12-27,0655,SNPP,SNPP,n,2,291.94,2.88,D,0
20.44478,105.69323,335.51,0.5,0.66,2023-12-27,0656,SNPP,SNPP,n,2,290.01,6.86,D,0
20.44432,105.68788,351.26,0.5,0.66,2023-12-27,0656,SNPP,SNPP,n,2,291.5,6.86,D,0
20.45049,105.68794,329.36,0.5,0.66,2023-12-27,0656,SNPP,SNPP,n,2,290.68,6.86,D,0
20.45923,105.71747,326.7,0.5,0.66,2023-12-27,0656,SNPP,SNPP,n,2,292.27,6.95,D,0
20.51163,105.54707,327.37,0.49,0.65,2023-12-27,0656,SNPP,SNPP,n,2,291.06,2.21,D,0
20.56043,105.3273,346.13,0.47,0.64,2023-12-27,0656,SNPP,SNPP,n,2,292.81,3.3,D,0
20.81707,105.43734,326.66,0.48,0.65,2023-12-27,0656,SNPP,SNPP,n,2,289.2,3.61,D,0
20.81214,105.43867,332.06,0.48,0.65,2023-12-27,0656,SNPP,SNPP,n,2,292.29,2.82,D,0
20.83733,105.44788,367,0.49,0.65,2023-12-27,0656,SNPP,SNPP,h,2,293.34,9.31,D,0
20.83688,105.44261,328,0.48,0.65,2023-12-27,0656,SNPP,SNPP,n,2,290.66,9.31,D,0
20.98162,105.20133,330.64,0.47,0.64,2023-12-27,0656,SNPP,SNPP,n,2,289.85,3.29,D,0
20.98414,105.20226,325.39,0.47,0.64,2023-12-27,0656,SNPP,SNPP,n,2,289.7,2.41,D,0
21.40876,106.43306,334.35,0.57,0.69,2023-12-27,0656,SNPP,SNPP,n,2,290.88,5.76,D,0
21.40935,106.43032,342.79,0.57,0.69,2023-12-27,0656,SNPP,SNPP,n,2,290.82,5.93,D,0
21.37323,105.727,328.9,0.51,0.66,2023-12-27,0656,SNPP,SNPP,n,2,290.18,2.14,D,0
21.36273,104.95943,367,0.46,0.63,2023-12-27,0656,SNPP,SNPP,h,2,306.6,116.9,D,0
21.36227,104.95429,337.08,0.46,0.63,2023-12-27,0656,SNPP,SNPP,n,2,291.06,44.82,D,0
21.46349,105.47751,329.12,0.49,0.65,2023-12-27,0656,SNPP,SNPP,n,2,291.56,2.46,D,0
21.46363,105.47802,337.18,0.49,0.65,2023-12-27,0656,SNPP,SNPP,n,2,292.34,4.44,D,0
21.56449,106.17271,328.08,0.55,0.68,2023-12-27,0656,SNPP,SNPP,n,2,290.08,4.62,D,0
21.72912,106.11943,328.1,0.55,0.68,2023-12-27,0656,SNPP,SNPP,n,2,290.2,2.72,D,0
21.68918,105.91064,331.04,0.53,0.67,2023-12-27,0656,SNPP,SNPP,n,2,290.39,2.97,D,0
21.73085,106.11801,332.71,0.55,0.68,2023-12-27,0656,SNPP,SNPP,n,2,290.32,3.71,D,0
21.82778,106.05168,346.94,0.54,0.68,2023-12-27,0656,SNPP,SNPP,n,2,289.89,5.85,D,0
21.82736,106.04671,325.16,0.54,0.68,2023-12-27,0656,SNPP,SNPP,n,2,289.69,5.85,D,0
21.8239,106.04873,355.04,0.54,0.68,2023-12-27,0656,SNPP,SNPP,n,2,291.86,11.41,D,0
21.84248,106.0415,367,0.54,0.68,2023-12-27,0656,SNPP,SNPP,h,2,291.02,9.37,D,0
21.84388,106.0592,326.75,0.54,0.68,2023-12-27,0656,SNPP,SNPP,n,2,289.8,3.05,D,0
21.88214,105.97993,341.9,0.54,0.68,2023-12-27,0656,SNPP,SNPP,n,2,291.46,7.75,D,0
21.88434,105.97559,343.62,0.54,0.68,2023-12-27,0656,SNPP,SNPP,n,2,291.79,6.78,D,0
21.91764,105.30262,330.69,0.49,0.65,2023-12-27,0656,SNPP,SNPP,n,2,289.8,2.28,D,0
20.53094,105.8652,301.38,0.57,0.69,2023-12-27,1744,SNPP,SNPP,n,2,287.44,0.99,N,2
20.40391,105.8971,298.77,0.57,0.69,2023-12-27,1744,SNPP,SNPP,n,2,287.35,1.78,N,2
21.00132,105.77499,297.79,0.54,0.68,2023-12-27,1925,SNPP,SNPP,n,2,284.73,0.78,N,0
20.34258,105.91215,298.57,0.57,0.69,2023-12-27,1925,SNPP,SNPP,n,2,286.69,0.82,N,2
20.44777,105.94735,331.49,0.51,0.49,2023-12-28,0637,SNPP,SNPP,n,2,295.52,2.92,D,0
20.71358,105.19521,337.72,0.46,0.47,2023-12-28,0637,SNPP,SNPP,n,2,291.61,4.14,D,0
20.83833,105.12389,330.16,0.46,0.47,2023-12-28,0637,SNPP,SNPP,n,2,293.65,4.04,D,0
21.04971,106.81285,333.67,0.59,0.53,2023-12-28,0637,SNPP,SNPP,n,2,294.5,7.18,D,0
21.16022,104.97623,339.77,0.45,0.47,2023-12-28,0637,SNPP,SNPP,n,2,294.85,11.9,D,0
21.67251,106.6726,341.8,0.59,0.53,2023-12-28,0637,SNPP,SNPP,n,2,296.56,6.59,D,0
21.56881,105.36027,339.57,0.48,0.48,2023-12-28,0637,SNPP,SNPP,n,2,296.14,7.65,D,0
21.57323,105.35928,334.05,0.48,0.48,2023-12-28,0637,SNPP,SNPP,n,2,294.43,6.19,D,0
21.63691,105.76109,339.56,0.51,0.5,2023-12-28,0637,SNPP,SNPP,n,2,296.15,7.79,D,0
21.57923,105.13749,334.6,0.47,0.48,2023-12-28,0637,SNPP,SNPP,n,2,294.35,2.8,D,0
21.58364,105.13695,331.07,0.47,0.48,2023-12-28,0637,SNPP,SNPP,n,2,292.29,3.06,D,0
21.60941,105.31955,340.01,0.48,0.48,2023-12-28,0637,SNPP,SNPP,n,2,297.52,5.6,D,0
21.58299,105.13784,333.67,0.47,0.48,2023-12-28,0637,SNPP,SNPP,n,2,293.12,4.02,D,0
21.61144,105.31571,339.66,0.48,0.48,2023-12-28,0637,SNPP,SNPP,n,2,297.42,8.78,D,0
21.57875,104.97886,325.17,0.46,0.47,2023-12-28,0637,SNPP,SNPP,n,2,294.28,1.53,D,0
21.74013,106.25584,327.72,0.55,0.51,2023-12-28,0637,SNPP,SNPP,n,2,296.76,4.22,D,0
21.82302,105.81236,328.5,0.52,0.5,2023-12-28,0637,SNPP,SNPP,n,2,294.76,5.57,D,0
21.82233,105.80615,331.46,0.52,0.5,2023-12-28,0637,SNPP,SNPP,n,2,296.33,4.29,D,0
21.90318,106.24333,339.91,0.56,0.51,2023-12-28,0637,SNPP,SNPP,n,2,298.89,19.29,D,0
21.90315,106.24179,349.48,0.56,0.51,2023-12-28,0637,SNPP,SNPP,n,2,297.99,16.09,D,0
21.94056,106.0043,332.72,0.54,0.51,2023-12-28,0637,SNPP,SNPP,n,2,294.49,3.89,D,0
20.99089,105.89669,298.84,0.55,0.51,2023-12-28,1906,SNPP,SNPP,n,2,283.84,0.34,N,0
21.40674,106.82822,331.73,0.47,0.4,2023-12-29,0618,SNPP,SNPP,n,2,290.3,2.88,D,0
21.01444,106.53998,299.05,0.41,0.45,2023-12-31,1809,SNPP,SNPP,n,2,288.87,2.15,N,2
20.35015,105.91116,299,0.44,0.46,2023-12-31,1810,SNPP,SNPP,n,2,286.9,0.64,N,2
20.34587,105.91055,299.03,0.44,0.46,2023-12-31,1810,SNPP,SNPP,n,2,288.15,1.19,N,2
21.32533,106.457,367,0.44,0.62,2024-01-01,0522,SNPP,SNPP,h,2,293.17,16.29,D,0
21.32442,106.45299,330.08,0.44,0.62,2024-01-01,0522,SNPP,SNPP,n,2,290.56,8.65,D,0
21.83419,106.11176,367,0.45,0.63,2024-01-01,0522,SNPP,SNPP,h,2,291.46,8.8,D,0
21.83294,106.10977,353.66,0.45,0.63,2024-01-01,0522,SNPP,SNPP,n,2,290.6,6.42,D,0
20.78966,105.43063,331.29,0.61,0.71,2024-01-01,0702,SNPP,SNPP,n,2,289.44,3.61,D,0
21.15981,104.97653,352.05,0.58,0.7,2024-01-01,0702,SNPP,SNPP,n,2,287.07,9.64,D,0
21.83207,105.84674,332.7,0.67,0.73,2024-01-01,0702,SNPP,SNPP,n,2,288.5,6.8,D,0
20.13497,105.16723,330.46,0.57,0.52,2024-01-02,0643,SNPP,SNPP,n,2,294.55,5.02,D,0
20.13654,105.13789,338.84,0.57,0.52,2024-01-02,0643,SNPP,SNPP,n,2,292.17,7.22,D,0
20.17937,105.43195,340.51,0.59,0.53,2024-01-02,0643,SNPP,SNPP,n,2,296.24,12.01,D,0
20.13419,105.1661,326.62,0.57,0.52,2024-01-02,0643,SNPP,SNPP,n,2,293.94,2.8,D,0
20.13597,105.13667,340.94,0.57,0.52,2024-01-02,0643,SNPP,SNPP,n,2,291.82,6.38,D,0
20.1767,105.43193,340.63,0.59,0.53,2024-01-02,0643,SNPP,SNPP,n,2,296.59,17.75,D,0
20.40361,105.67297,340.82,0.62,0.54,2024-01-02,0643,SNPP,SNPP,n,2,295.16,16.76,D,0
20.40429,105.67741,339.63,0.62,0.54,2024-01-02,0643,SNPP,SNPP,n,2,294.6,11.48,D,0
20.40364,105.67105,330.06,0.62,0.54,2024-01-02,0643,SNPP,SNPP,n,2,293.76,6.09,D,0
20.51807,105.55712,352.5,0.61,0.54,2024-01-02,0643,SNPP,SNPP,n,2,293.34,13.3,D,0
20.73777,105.19944,337.09,0.58,0.52,2024-01-02,0643,SNPP,SNPP,n,2,295.18,4.72,D,0
20.78186,105.37881,334.11,0.6,0.53,2024-01-02,0643,SNPP,SNPP,n,2,292.55,5.6,D,0
20.93724,105.21507,327.77,0.59,0.53,2024-01-02,0643,SNPP,SNPP,n,2,290.35,6.2,D,0
21.19739,106.74015,329.19,0.37,0.58,2024-01-02,0643,SNPP,SNPP,n,2,289.94,2.3,D,0
21.19399,106.70486,327.87,0.37,0.58,2024-01-02,0643,SNPP,SNPP,n,2,289.33,2.76,D,0
21.19363,106.70116,331.85,0.37,0.58,2024-01-02,0643,SNPP,SNPP,n,2,288.25,2.76,D,0
21.60803,106.55652,334.42,0.37,0.58,2024-01-02,0643,SNPP,SNPP,n,2,290.41,2.34,D,0
21.76951,105.98764,357.44,0.34,0.56,2024-01-02,0643,SNPP,SNPP,n,2,286.59,5.56,D,0
21.86769,106.07217,329.28,0.34,0.56,2024-01-02,0643,SNPP,SNPP,n,2,292.12,2.36,D,0
21.92664,105.4911,340.32,0.63,0.54,2024-01-02,0643,SNPP,SNPP,n,2,292.61,17.35,D,0
21.92601,105.48484,339.07,0.63,0.54,2024-01-02,0643,SNPP,SNPP,n,2,292.07,10.7,D,0
21.02019,106.53014,304.67,0.33,0.55,2024-01-06,1757,SNPP,SNPP,n,2,287.62,1.16,N,2
21.0141,106.53908,304.05,0.33,0.55,2024-01-06,1757,SNPP,SNPP,n,2,286.87,0.7,N,2
21.07853,106.7963,342.97,0.66,0.73,2024-01-07,0509,SNPP,SNPP,n,2,286.87,9.01,D,0
21.08006,106.79695,350.54,0.66,0.73,2024-01-07,0509,SNPP,SNPP,n,2,287.79,7.94,D,0
20.83922,106.54192,334.26,0.45,0.63,2024-01-07,0649,SNPP,SNPP,n,2,288.44,3.31,D,0
20.34422,105.91194,302.46,0.46,0.47,2024-01-08,1900,SNPP,SNPP,n,2,289.11,0.92,N,2
20.1646,105.54297,338.25,0.39,0.36,2024-01-09,0612,SNPP,SNPP,n,2,292.45,3.92,D,0
21.58469,105.61409,327.62,0.39,0.36,2024-01-09,0612,SNPP,SNPP,n,2,291.52,1.59,D,0
21.01913,106.53001,325.74,0.39,0.36,2024-01-15,1828,SNPP,SNPP,n,2,291.21,1.55,N,2
21.01579,106.52943,300.8,0.39,0.36,2024-01-15,1828,SNPP,SNPP,n,2,290.08,1.55,N,2
21.0141,106.54066,303.36,0.39,0.36,2024-01-15,1828,SNPP,SNPP,n,2,289.25,0.66,N,2
21.01077,106.54009,305.69,0.39,0.36,2024-01-15,1828,SNPP,SNPP,n,2,290.28,1.14,N,2
20.99076,105.89917,304.29,0.4,0.37,2024-01-15,1828,SNPP,SNPP,n,2,287.9,0.92,N,0
20.4014,105.89935,301.07,0.36,0.58,2024-01-18,1913,SNPP,SNPP,n,2,286.96,1.26,N,2
20.34364,105.91108,304.06,0.36,0.58,2024-01-18,1913,SNPP,SNPP,n,2,287.21,0.64,N,2
20.34477,105.91177,302.11,0.36,0.58,2024-01-18,1913,SNPP,SNPP,n,2,287.13,0.42,N,2
20.92933,105.29631,332.14,0.47,0.4,2024-01-19,0624,SNPP,SNPP,n,2,294.98,6.46,D,0
21.01789,106.52718,307.52,0.39,0.44,2024-01-19,1854,SNPP,SNPP,n,2,288.79,0.96,N,2
21.01719,106.53093,303.99,0.39,0.44,2024-01-19,1854,SNPP,SNPP,n,2,288.9,0.96,N,2
21.21802,105.20627,299.19,0.5,0.41,2024-01-19,1854,SNPP,SNPP,n,2,287.72,0.53,N,0
21.21716,105.21099,299.45,0.5,0.41,2024-01-19,1854,SNPP,SNPP,n,2,288.34,0.92,N,0
21.21431,105.2055,336.37,0.5,0.41,2024-01-19,1854,SNPP,SNPP,n,2,292.8,27.53,N,0
21.21344,105.21024,325.01,0.5,0.41,2024-01-19,1854,SNPP,SNPP,n,2,289.41,14.05,N,0
21.21061,105.20464,333.67,0.5,0.41,2024-01-19,1854,SNPP,SNPP,n,2,292.61,27.53,N,0
21.20974,105.20941,319.71,0.5,0.41,2024-01-19,1854,SNPP,SNPP,n,2,290.09,14.05,N,0
20.16221,105.10104,333.52,0.4,0.37,2024-01-20,0605,SNPP,SNPP,n,2,296.37,4.29,D,0
21.10915,106.75447,346.96,0.38,0.36,2024-01-20,0606,SNPP,SNPP,n,2,296.59,11.37,D,0
21.33278,106.73463,330.27,0.38,0.36,2024-01-20,0606,SNPP,SNPP,n,2,297.86,6.08,D,0
21.21177,105.20802,334.33,0.39,0.36,2024-01-20,0606,SNPP,SNPP,n,2,293.71,3.07,D,0
21.72709,106.65897,331.38,0.38,0.36,2024-01-20,0606,SNPP,SNPP,n,2,295.86,2.04,D,0
20.24417,105.59943,337.44,0.62,0.72,2024-02-02,0702,SNPP,SNPP,n,2,291.11,5.34,D,0
20.24741,105.59693,330.02,0.62,0.72,2024-02-02,0702,SNPP,SNPP,n,2,291.51,6.41,D,0
20.51894,105.53951,334.51,0.62,0.72,2024-02-02,0702,SNPP,SNPP,n,2,291.8,7.16,D,0
20.51844,105.53323,341.31,0.62,0.71,2024-02-02,0702,SNPP,SNPP,n,2,293.26,7.16,D,0
20.69481,105.2379,329.14,0.59,0.53,2024-02-03,0643,SNPP,SNPP,n,2,292.92,9.07,D,0
20.69972,105.23752,351.61,0.59,0.53,2024-02-03,0643,SNPP,SNPP,n,2,293.67,9.07,D,0
20.69733,105.23692,344.79,0.59,0.53,2024-02-03,0643,SNPP,SNPP,n,2,295.34,22.34,D,0
21.37133,104.97218,340.5,0.58,0.52,2024-02-03,0643,SNPP,SNPP,n,2,293.12,6.31,D,0
21.8701,104.94566,335.25,0.58,0.52,2024-02-03,0644,SNPP,SNPP,n,2,290.67,5.68,D,0
20.19712,105.54752,341.68,0.48,0.4,2024-02-04,0624,SNPP,SNPP,n,2,300.52,6.22,D,0
20.20444,105.54623,337.29,0.48,0.4,2024-02-04,0624,SNPP,SNPP,n,2,299.59,5.87,D,0
20.20382,105.54159,330.57,0.48,0.4,2024-02-04,0624,SNPP,SNPP,n,2,299.07,5.87,D,0
20.27755,105.42602,343.94,0.47,0.4,2024-02-04,0624,SNPP,SNPP,n,2,298.95,3.86,D,0
20.42785,105.10516,332.96,0.46,0.39,2024-02-04,0624,SNPP,SNPP,n,2,299.74,4.68,D,0
20.45776,105.0817,332.58,0.46,0.39,2024-02-04,0624,SNPP,SNPP,n,2,301.34,2.27,D,0
20.47187,104.99654,330.6,0.45,0.39,2024-02-04,0624,SNPP,SNPP,n,2,299.77,2.71,D,0
20.47327,104.997,332.12,0.45,0.39,2024-02-04,0624,SNPP,SNPP,n,2,300.44,4.57,D,0
21.28698,106.61885,347.42,0.56,0.43,2024-02-04,0624,SNPP,SNPP,n,2,299.35,11.15,D,0
21.1099,105.01626,333.67,0.46,0.39,2024-02-04,0624,SNPP,SNPP,n,2,299.04,3.75,D,0
21.37802,104.96629,333.55,0.46,0.39,2024-02-04,0625,SNPP,SNPP,n,2,300.1,12.74,D,0
21.7051,105.11068,332.32,0.47,0.4,2024-02-04,0625,SNPP,SNPP,n,2,298.33,3.24,D,0
21.88179,105.3555,334.22,0.49,0.4,2024-02-04,0625,SNPP,SNPP,n,2,294.93,3.24,D,0
21.87671,105.00475,331.57,0.47,0.4,2024-02-04,0625,SNPP,SNPP,n,2,297.67,5.81,D,0
21.94963,105.28072,328.07,0.48,0.4,2024-02-04,0625,SNPP,SNPP,n,2,293.75,2.72,D,0
21.94754,105.14851,331.45,0.48,0.4,2024-02-04,0625,SNPP,SNPP,n,2,297.83,2.79,D,0
20.14004,105.41566,341.58,0.4,0.37,2024-02-05,0605,SNPP,SNPP,n,2,304.62,23.11,D,0
20.17371,105.36752,331.43,0.4,0.37,2024-02-05,0605,SNPP,SNPP,n,2,298.32,1.51,D,0
20.17778,105.32806,329.96,0.4,0.37,2024-02-05,0605,SNPP,SNPP,n,2,302.53,2.14,D,0
20.57549,105.31844,334.8,0.4,0.37,2024-02-05,0606,SNPP,SNPP,n,2,300.49,2.9,D,0
20.82692,105.49329,336.21,0.39,0.36,2024-02-05,0606,SNPP,SNPP,n,2,297.24,2.9,D,0
20.90774,105.2748,333.45,0.39,0.37,2024-02-05,0606,SNPP,SNPP,n,2,296.84,1.46,D,0
21.17446,106.51543,333.08,0.38,0.36,2024-02-05,0606,SNPP,SNPP,n,2,296.27,3.05,D,0
21.2525,106.8314,339.98,0.39,0.36,2024-02-05,0606,SNPP,SNPP,n,2,295.81,9.64,D,0
21.25195,106.82771,344.23,0.39,0.36,2024-02-05,0606,SNPP,SNPP,n,2,298.73,10.58,D,0
21.2669,106.49928,335.21,0.38,0.36,2024-02-05,0606,SNPP,SNPP,n,2,299.2,4.87,D,0
21.36096,106.80892,332.43,0.39,0.36,2024-02-05,0606,SNPP,SNPP,n,2,300.54,2.63,D,0
21.3604,106.80522,331.3,0.39,0.36,2024-02-05,0606,SNPP,SNPP,n,2,300.39,2.63,D,0
21.09035,104.9524,343.74,0.4,0.37,2024-02-05,0606,SNPP,SNPP,n,2,302.32,10.81,D,0
21.15851,105.02583,332.66,0.4,0.37,2024-02-05,0606,SNPP,SNPP,n,2,300.69,24.28,D,0
21.1829,104.87632,332.25,0.4,0.37,2024-02-05,0606,SNPP,SNPP,n,2,297.69,2.67,D,0
21.37907,104.96258,336.26,0.4,0.37,2024-02-05,0606,SNPP,SNPP,n,2,298.63,3.19,D,0
21.66147,105.48193,333.7,0.39,0.36,2024-02-05,0606,SNPP,SNPP,n,2,298.17,2.93,D,0
21.62455,105.01154,330.23,0.4,0.37,2024-02-05,0606,SNPP,SNPP,n,2,297.17,2.03,D,0
21.66122,105.13363,337.85,0.39,0.36,2024-02-05,0606,SNPP,SNPP,n,2,299.01,3.31,D,0
21.7835,105.82745,330.51,0.39,0.36,2024-02-05,0606,SNPP,SNPP,n,2,294.02,3.38,D,0
21.87297,105.34019,330.45,0.39,0.36,2024-02-05,0606,SNPP,SNPP,n,2,296.92,2.23,D,0
21.61558,105.63007,333.95,0.39,0.44,2024-02-06,0547,SNPP,SNPP,n,2,293.87,3.92,D,0
21.68939,105.3747,333.28,0.41,0.45,2024-02-06,0547,SNPP,SNPP,n,2,294.58,3.19,D,0
20.70719,105.29181,340.68,0.43,0.46,2024-02-06,0547,SNPP,SNPP,n,2,296.9,5.13,D,0
20.7884,105.01222,356.81,0.73,0.76,2024-02-07,0708,SNPP,SNPP,n,2,287.96,41.13,D,0
20.78793,105.00596,354.84,0.73,0.76,2024-02-07,0708,SNPP,SNPP,n,2,290.35,34.35,D,0
20.78506,105.01215,347.79,0.73,0.76,2024-02-07,0708,SNPP,SNPP,n,2,287.83,13.89,D,0
20.78462,105.00579,344.06,0.73,0.76,2024-02-07,0708,SNPP,SNPP,n,2,288.4,13.89,D,0
20.79201,105.00915,353.47,0.73,0.76,2024-02-07,0708,SNPP,SNPP,n,2,288.57,13.89,D,0
20.7916,105.00329,351.1,0.73,0.76,2024-02-07,0708,SNPP,SNPP,n,2,289.57,13.89,D,0
21.70935,105.66779,338.32,0.39,0.36,2024-02-10,0612,SNPP,SNPP,n,2,285.29,6.07,D,0
20.22323,105.68565,325.97,0.51,0.41,2024-02-11,0553,SNPP,SNPP,n,2,291.46,2.41,D,0
21.64745,106.70451,337.68,0.44,0.38,2024-02-11,0553,SNPP,SNPP,n,2,292.36,2.89,D,0
21.61968,106.4101,331.31,0.45,0.39,2024-02-11,0553,SNPP,SNPP,n,2,296.65,5.61,D,0
21.62192,106.41125,332.12,0.45,0.39,2024-02-11,0553,SNPP,SNPP,n,2,294.69,4.87,D,0
21.64598,106.08044,329.68,0.46,0.39,2024-02-11,0553,SNPP,SNPP,n,2,291.33,2.85,D,0
21.72487,106.18591,330.58,0.46,0.39,2024-02-11,0553,SNPP,SNPP,n,2,291.3,4.93,D,0
21.74485,106.25854,327.22,0.45,0.39,2024-02-11,0553,SNPP,SNPP,n,2,293.22,2.06,D,0
21.74149,105.87251,325.46,0.47,0.4,2024-02-11,0553,SNPP,SNPP,n,2,291.42,2.54,D,0
21.84341,106.37111,346.2,0.45,0.39,2024-02-11,0553,SNPP,SNPP,n,2,295.15,15.51,D,0
21.84696,106.37045,336.37,0.45,0.39,2024-02-11,0553,SNPP,SNPP,n,2,289.04,33.07,D,0
21.82244,105.84414,328.14,0.47,0.4,2024-02-11,0553,SNPP,SNPP,n,2,293.47,1.55,D,0
21.91662,105.53155,341.12,0.49,0.4,2024-02-11,0553,SNPP,SNPP,n,2,293.26,6.81,D,0
21.22147,106.51729,309.4,0.43,0.38,2024-02-11,1822,SNPP,SNPP,n,2,285.85,1.35,N,0
21.03867,106.58686,299.97,0.43,0.38,2024-02-11,1822,SNPP,SNPP,n,2,286.82,0.86,N,2
21.01838,106.52888,318.58,0.43,0.38,2024-02-11,1822,SNPP,SNPP,n,2,290,1.99,N,2
21.01314,106.54067,306.35,0.43,0.38,2024-02-11,1822,SNPP,SNPP,n,2,288.11,0.89,N,2
21.00965,106.54012,302.75,0.43,0.38,2024-02-11,1822,SNPP,SNPP,n,2,286.38,0.89,N,2
20.48053,105.88023,298.18,0.45,0.39,2024-02-11,1822,SNPP,SNPP,n,2,285.94,0.57,N,0
20.40858,105.89952,306.41,0.45,0.39,2024-02-11,1822,SNPP,SNPP,n,2,286.95,0.83,N,2
20.40613,105.90012,311.33,0.45,0.39,2024-02-11,1822,SNPP,SNPP,n,2,287.86,1.33,N,2
20.40256,105.8996,306.9,0.45,0.39,2024-02-11,1822,SNPP,SNPP,n,2,287.26,1.33,N,2
20.3984,105.90329,303.97,0.45,0.39,2024-02-11,1822,SNPP,SNPP,n,2,287.39,0.57,N,2
21.07636,106.84634,337.89,0.53,0.5,2024-02-12,0534,SNPP,SNPP,n,2,294.38,37.67,D,0
21.0937,106.83721,331.02,0.53,0.5,2024-02-12,0534,SNPP,SNPP,n,2,293.02,3.45,D,0
21.23071,106.76926,343.18,0.53,0.5,2024-02-12,0534,SNPP,SNPP,n,2,295.18,6,D,0
21.2353,106.76826,341.33,0.53,0.5,2024-02-12,0534,SNPP,SNPP,n,2,293.13,6,D,0
21.43697,106.47311,337.96,0.55,0.51,2024-02-12,0534,SNPP,SNPP,n,2,292.87,4.45,D,0
21.73114,106.26596,341.82,0.56,0.51,2024-02-12,0534,SNPP,SNPP,n,2,297.48,23.92,D,0
21.75118,106.26804,339.15,0.56,0.51,2024-02-12,0534,SNPP,SNPP,n,2,294.73,4.86,D,0
21.75191,106.26516,339.62,0.56,0.51,2024-02-12,0534,SNPP,SNPP,n,2,293.54,5.67,D,0
21.70344,105.62115,333.65,0.61,0.54,2024-02-12,0534,SNPP,SNPP,n,2,293.2,5.88,D,0
21.8645,105.49685,348.96,0.62,0.54,2024-02-12,0534,SNPP,SNPP,n,2,295.28,18.75,D,0
21.86929,105.49515,333.83,0.62,0.54,2024-02-12,0534,SNPP,SNPP,n,2,291.15,5.69,D,0
21.05957,106.83133,304.56,0.49,0.49,2024-02-12,1803,SNPP,SNPP,n,2,286.61,1.19,N,0
21.0584,106.84167,301.31,0.49,0.49,2024-02-12,1803,SNPP,SNPP,n,2,286.39,1.23,N,0
21.01932,106.52876,302.42,0.51,0.5,2024-02-12,1803,SNPP,SNPP,n,2,289.5,1.24,N,2
21.00899,106.53757,300.72,0.51,0.5,2024-02-12,1803,SNPP,SNPP,n,2,286.93,1.95,N,2
20.40219,105.90146,300.96,0.55,0.51,2024-02-12,1804,SNPP,SNPP,n,2,287.75,0.77,N,2
20.12631,105.21799,347.08,0.46,0.64,2024-02-13,0656,SNPP,SNPP,n,2,293.43,6.9,D,0
20.34636,105.32433,329.43,0.47,0.64,2024-02-13,0656,SNPP,SNPP,n,2,290.99,2.43,D,0
20.45893,105.68939,353.45,0.5,0.66,2024-02-13,0656,SNPP,SNPP,n,2,290.98,12.01,D,0
21.47005,105.81815,326.47,0.52,0.67,2024-02-13,0656,SNPP,SNPP,n,2,284.59,2.91,D,0
21.71352,106.19019,341.69,0.45,0.39,2024-02-15,0618,SNPP,SNPP,n,2,293.49,4.7,D,0
21.71496,106.18694,332.74,0.45,0.39,2024-02-15,0618,SNPP,SNPP,n,2,291.03,2.5,D,0
21.04034,106.58965,302.36,0.39,0.36,2024-02-16,1828,SNPP,SNPP,n,2,290.53,0.69,N,2
21.02221,106.52898,312.93,0.39,0.36,2024-02-16,1828,SNPP,SNPP,n,2,288.91,1.91,N,0
21.01887,106.5284,327.34,0.39,0.36,2024-02-16,1828,SNPP,SNPP,n,2,291.39,1.91,N,2
21.0183,106.53215,325.56,0.39,0.36,2024-02-16,1828,SNPP,SNPP,n,2,290.78,1.91,N,2
21.01383,106.53905,303.79,0.39,0.36,2024-02-16,1828,SNPP,SNPP,n,2,291.7,1.23,N,2
20.46853,105.68804,325.75,0.63,0.72,2024-02-18,0702,SNPP,SNPP,n,2,286.65,4.35,D,0
20.59407,105.61623,339.6,0.62,0.54,2024-02-19,0643,SNPP,SNPP,n,2,297.09,11.57,D,0
20.70021,105.24227,340.56,0.59,0.53,2024-02-19,0643,SNPP,SNPP,n,2,298.8,7.14,D,0
20.70279,105.24149,338.06,0.59,0.53,2024-02-19,0643,SNPP,SNPP,n,2,298.85,3.9,D,0
20.98569,105.29921,338.7,0.6,0.53,2024-02-19,0643,SNPP,SNPP,n,2,297.85,7.33,D,0
21.04185,105.15388,347.12,0.59,0.53,2024-02-19,0643,SNPP,SNPP,n,2,300.06,8.17,D,0
21.18672,105.23756,333.48,0.6,0.53,2024-02-19,0643,SNPP,SNPP,n,2,297.27,4.97,D,0
21.31976,106.45278,367,0.36,0.57,2024-02-19,0643,SNPP,SNPP,h,2,300.99,11.41,D,0
20.28136,105.16924,334.05,0.58,0.52,2024-02-19,0643,SNPP,SNPP,n,2,297.42,2.61,D,0
21.69531,105.31905,339.98,0.61,0.54,2024-02-19,0643,SNPP,SNPP,n,2,297.67,5.95,D,0
21.6955,105.31808,340.36,0.61,0.54,2024-02-19,0643,SNPP,SNPP,n,2,297.99,6.14,D,0
21.93621,106.26419,340.44,0.35,0.57,2024-02-19,0643,SNPP,SNPP,n,2,297.03,2.96,D,0
21.90893,105.42543,336.07,0.63,0.54,2024-02-19,0643,SNPP,SNPP,n,2,298.09,5.49,D,0
21.90791,105.42284,340.55,0.63,0.54,2024-02-19,0643,SNPP,SNPP,n,2,296.76,3.33,D,0
21.15803,105.02585,332.76,0.46,0.39,2024-02-20,0624,SNPP,SNPP,n,2,300.91,4.61,D,0
20.27599,105.48382,334.72,0.47,0.4,2024-02-20,0624,SNPP,SNPP,n,2,294.97,6,D,0
20.56012,105.5819,330.98,0.48,0.4,2024-02-20,0624,SNPP,SNPP,n,2,300.77,3.9,D,0
20.82485,105.48579,333.3,0.48,0.4,2024-02-20,0624,SNPP,SNPP,n,2,297.37,2.85,D,0
20.86253,105.37246,342.73,0.47,0.4,2024-02-20,0624,SNPP,SNPP,n,2,300.46,20.81,D,0
21.03808,105.04595,330.16,0.46,0.39,2024-02-20,0624,SNPP,SNPP,n,2,301.82,1.78,D,0
21.20778,104.86921,331.16,0.45,0.39,2024-02-20,0624,SNPP,SNPP,n,2,296.6,1.91,D,0
21.37723,104.89048,330.32,0.46,0.39,2024-02-20,0624,SNPP,SNPP,n,2,297.28,2.97,D,0
21.45694,104.98537,338.25,0.46,0.39,2024-02-20,0624,SNPP,SNPP,n,2,298.21,10.98,D,0
21.57619,105.24182,332.98,0.48,0.4,2024-02-20,0625,SNPP,SNPP,n,2,299.06,3.39,D,0
21.77642,105.36111,336.4,0.48,0.4,2024-02-20,0625,SNPP,SNPP,n,2,297.15,4.28,D,0
21.88999,105.3222,332.7,0.48,0.4,2024-02-20,0625,SNPP,SNPP,n,2,297.4,4.73,D,0
21.93371,105.36842,330.65,0.49,0.4,2024-02-20,0625,SNPP,SNPP,n,2,296.68,4.34,D,0
20.49961,105.62277,332.53,0.39,0.36,2024-02-21,0605,SNPP,SNPP,n,2,299.44,4.61,D,0
20.51724,105.53891,341.74,0.39,0.36,2024-02-21,0605,SNPP,SNPP,n,2,306.96,46.81,D,0
20.6904,105.58834,340.6,0.39,0.36,2024-02-21,0605,SNPP,SNPP,n,2,303.01,9.48,D,0
20.8169,105.41951,346.22,0.39,0.36,2024-02-21,0605,SNPP,SNPP,n,2,298.68,5.17,D,0
20.80122,104.92635,333.6,0.4,0.37,2024-02-21,0605,SNPP,SNPP,n,2,296.64,2,D,0
20.91596,105.18842,334.71,0.4,0.37,2024-02-21,0605,SNPP,SNPP,n,2,295.69,2.21,D,0
20.16173,105.73634,348.92,0.39,0.36,2024-02-21,0605,SNPP,SNPP,n,2,303.65,22.98,D,0
20.13772,105.49857,331.54,0.39,0.37,2024-02-21,0605,SNPP,SNPP,n,2,297.24,2.19,D,0
20.12223,105.31531,341.72,0.4,0.37,2024-02-21,0605,SNPP,SNPP,n,2,296.94,4.15,D,0
21.23725,106.65039,344.41,0.38,0.36,2024-02-21,0606,SNPP,SNPP,n,2,299.95,10.83,D,0
21.02568,104.97269,333.81,0.4,0.37,2024-02-21,0606,SNPP,SNPP,n,2,299.28,3.98,D,0
21.14347,105.0293,343.03,0.4,0.37,2024-02-21,0606,SNPP,SNPP,n,2,299.44,8.96,D,0
21.27025,104.95116,334.51,0.4,0.37,2024-02-21,0606,SNPP,SNPP,n,2,298.1,3.64,D,0
21.28616,104.96399,334.79,0.4,0.37,2024-02-21,0606,SNPP,SNPP,n,2,295.79,5.16,D,0
21.89427,105.3794,332.53,0.39,0.36,2024-02-21,0606,SNPP,SNPP,n,2,299.49,7.36,D,0
21.89367,105.37564,332.41,0.39,0.36,2024-02-21,0606,SNPP,SNPP,n,2,294.01,7.36,D,0
21.67616,105.28342,332.73,0.39,0.36,2024-02-21,0606,SNPP,SNPP,n,2,297.58,2.3,D,0
21.89423,105.02209,331.9,0.39,0.37,2024-02-21,0606,SNPP,SNPP,n,2,294.41,1.67,D,0
20.59579,105.32065,342.41,0.43,0.46,2024-02-22,0547,SNPP,SNPP,n,2,297.01,8.29,D,0
20.85807,105.42123,329.93,0.42,0.45,2024-02-22,0547,SNPP,SNPP,n,2,295.31,3.74,D,0
21.77743,105.39594,334.08,0.41,0.45,2024-02-22,0547,SNPP,SNPP,n,2,286.22,3.92,D,0
21.93102,105.36529,330.59,0.4,0.45,2024-02-22,0547,SNPP,SNPP,n,2,279.64,3.4,D,0
20.15263,105.43375,342.7,0.54,0.51,2024-03-04,0540,SNPP,SNPP,n,2,296.88,5.8,D,0
20.14941,105.43185,339.78,0.54,0.51,2024-03-04,0540,SNPP,SNPP,n,2,296.97,10.19,D,0
21.27172,106.43581,335.97,0.44,0.63,2024-03-05,0521,SNPP,SNPP,n,2,300.19,5.11,D,0
21.27085,106.43193,330.93,0.44,0.63,2024-03-05,0521,SNPP,SNPP,n,2,299.53,4.51,D,0
20.9992,104.95908,334.44,0.56,0.68,2024-03-05,0521,SNPP,SNPP,n,2,302.15,4.16,D,0
20.99606,104.95993,331.69,0.56,0.68,2024-03-05,0522,SNPP,SNPP,n,2,301.96,3.04,D,0
21.66224,106.69469,353.44,0.42,0.61,2024-03-05,0522,SNPP,SNPP,n,2,303.06,6.19,D,0
21.71866,105.50655,346.8,0.5,0.65,2024-03-05,0522,SNPP,SNPP,n,2,298.49,4.83,D,0
21.85657,105.27384,331.79,0.51,0.66,2024-03-05,0522,SNPP,SNPP,n,2,297.56,5.92,D,0
20.19923,105.54779,335.8,0.61,0.71,2024-03-05,0702,SNPP,SNPP,n,2,302.09,7.26,D,0
20.21682,105.51738,338.05,0.61,0.71,2024-03-05,0702,SNPP,SNPP,n,2,302.53,4.69,D,0
20.3345,105.28212,341.84,0.59,0.7,2024-03-05,0702,SNPP,SNPP,n,2,303.94,5.56,D,0
20.33365,105.2828,333.19,0.59,0.7,2024-03-05,0702,SNPP,SNPP,l,2,303.77,4.77,D,0
20.51177,105.71656,332.98,0.63,0.72,2024-03-05,0702,SNPP,SNPP,n,2,299.98,6.74,D,0
21.87966,105.90866,335.35,0.67,0.74,2024-03-05,0702,SNPP,SNPP,n,2,301.56,9.18,D,0
21.84993,105.49519,339.71,0.63,0.72,2024-03-05,0702,SNPP,SNPP,n,2,303.49,6.37,D,0
21.86271,105.48489,350.98,0.63,0.72,2024-03-05,0702,SNPP,SNPP,n,2,303.51,11.43,D,0
21.87672,105.22604,338.86,0.61,0.71,2024-03-05,0702,SNPP,SNPP,n,2,300.66,5.25,D,0
20.8556,105.18308,347.51,0.59,0.7,2024-03-05,0702,SNPP,SNPP,n,2,302.72,6.46,D,0
20.85439,105.18475,343.75,0.59,0.7,2024-03-05,0702,SNPP,SNPP,n,2,302.02,8.56,D,0
21.22771,106.6741,336.38,0.74,0.76,2024-03-05,0702,SNPP,SNPP,n,2,301.89,6.22,D,0
21.49319,106.48643,331.62,0.72,0.76,2024-03-05,0702,SNPP,SNPP,n,2,299.62,3.72,D,0
21.57108,106.7195,344.53,0.75,0.77,2024-03-05,0702,SNPP,SNPP,n,2,301.03,11.33,D,0
21.5704,106.70988,341.57,0.75,0.77,2024-03-05,0702,SNPP,SNPP,n,2,300.98,11.33,D,0
21.58715,106.54254,367,0.73,0.76,2024-03-05,0702,SNPP,SNPP,h,2,303.01,13.31,D,0
21.56636,106.72483,333.31,0.75,0.77,2024-03-05,0702,SNPP,SNPP,n,2,301.49,5.69,D,0
21.57306,106.71655,367,0.75,0.77,2024-03-05,0702,SNPP,SNPP,h,2,302.71,20.23,D,0
21.59028,106.5412,354.82,0.73,0.76,2024-03-05,0702,SNPP,SNPP,n,2,301.15,13.41,D,0
21.71693,106.70734,352.47,0.75,0.77,2024-03-05,0702,SNPP,SNPP,n,2,303.26,13.73,D,0
21.71968,106.7069,350.57,0.75,0.77,2024-03-05,0702,SNPP,SNPP,n,2,303.16,10.26,D,0
21.7698,105.37029,339.02,0.62,0.71,2024-03-05,0702,SNPP,SNPP,n,2,300.84,3.69,D,0
20.40412,105.90015,310.04,0.45,0.63,2024-03-05,1751,SNPP,SNPP,n,2,295.95,0.96,N,2
20.40539,105.89803,312.49,0.45,0.63,2024-03-05,1751,SNPP,SNPP,n,2,295.96,1.63,N,2
21.92815,106.21256,332.5,0.35,0.57,2024-03-06,0643,SNPP,SNPP,n,2,293.19,3.76,D,0
21.86946,105.50941,340.28,0.63,0.54,2024-03-06,0643,SNPP,SNPP,n,2,300.25,6.27,D,0
21.87451,105.50914,330.14,0.63,0.54,2024-03-06,0643,SNPP,SNPP,n,2,296.83,6.27,D,0
21.90899,105.59741,331.5,0.32,0.54,2024-03-06,0643,SNPP,SNPP,n,2,296.87,1.66,D,0
21.91404,105.59676,333.18,0.32,0.54,2024-03-06,0643,SNPP,SNPP,n,2,295.46,1.66,D,0
21.8772,105.0535,344.1,0.59,0.53,2024-03-06,0643,SNPP,SNPP,n,2,298.4,15.73,D,0
21.93882,105.58903,335.83,0.32,0.54,2024-03-06,0643,SNPP,SNPP,n,2,296,2.14,D,0
21.93271,105.43408,331.8,0.62,0.54,2024-03-06,0643,SNPP,SNPP,n,2,299.02,5.91,D,0
21.93303,105.38953,344.65,0.62,0.54,2024-03-06,0643,SNPP,SNPP,n,2,298.04,10.83,D,0
21.90436,105.12186,332.97,0.59,0.53,2024-03-06,0643,SNPP,SNPP,n,2,296.9,3.89,D,0
21.88475,105.15155,331.92,0.6,0.53,2024-03-06,0643,SNPP,SNPP,n,2,297.49,2.97,D,0
21.87542,105.0575,336.2,0.59,0.53,2024-03-06,0643,SNPP,SNPP,n,2,296.14,8.96,D,0
21.87482,105.05151,340.38,0.59,0.53,2024-03-06,0643,SNPP,SNPP,n,2,297.68,6.06,D,0
21.93253,105.43206,332.9,0.62,0.54,2024-03-06,0643,SNPP,SNPP,n,2,298.73,5.15,D,0
21.9332,105.38771,339.75,0.62,0.54,2024-03-06,0643,SNPP,SNPP,n,2,297.61,5.33,D,0
21.8949,104.95778,335.37,0.58,0.52,2024-03-06,0643,SNPP,SNPP,n,2,296.96,6.17,D,0
21.12638,106.78814,340.13,0.37,0.58,2024-03-06,0643,SNPP,SNPP,n,2,292.61,4.85,D,0
20.97074,105.17379,346.05,0.58,0.52,2024-03-06,0643,SNPP,SNPP,n,2,295.67,8.85,D,0
21.14977,106.63542,351.37,0.36,0.58,2024-03-06,0643,SNPP,SNPP,n,2,295.69,13.06,D,0
21.14946,106.63218,357.67,0.36,0.58,2024-03-06,0643,SNPP,SNPP,n,2,297.27,10.18,D,0
21.15574,106.641,330.85,0.36,0.58,2024-03-06,0643,SNPP,SNPP,n,2,297.26,3.13,D,0
21.01066,105.04266,332.69,0.57,0.52,2024-03-06,0643,SNPP,SNPP,n,2,293.11,3.51,D,0
21.19395,106.7523,348.02,0.37,0.58,2024-03-06,0643,SNPP,SNPP,n,2,295.61,4.13,D,0
21.19622,106.75335,328.55,0.37,0.58,2024-03-06,0643,SNPP,SNPP,n,2,295.53,2.36,D,0
21.19583,106.74917,330.78,0.37,0.58,2024-03-06,0643,SNPP,SNPP,n,2,294.39,2.36,D,0
21.22339,106.63718,345.13,0.36,0.58,2024-03-06,0643,SNPP,SNPP,n,2,296.27,6.44,D,0
21.38593,106.34347,332.49,0.35,0.57,2024-03-06,0643,SNPP,SNPP,n,2,296.4,1.93,D,0
21.57477,106.00275,367,0.33,0.56,2024-03-06,0643,SNPP,SNPP,h,2,298.72,9.78,D,0
21.57992,106.00202,329.53,0.33,0.56,2024-03-06,0643,SNPP,SNPP,n,2,296.56,2.13,D,0
21.65213,106.70173,329.88,0.37,0.58,2024-03-06,0643,SNPP,SNPP,n,2,296.42,3.6,D,0
21.64507,106.62646,338.89,0.37,0.58,2024-03-06,0643,SNPP,SNPP,n,2,295.27,2.95,D,0
21.65727,106.69817,367,0.37,0.58,2024-03-06,0643,SNPP,SNPP,h,2,297.77,7.15,D,0
21.65757,106.70139,342.79,0.37,0.58,2024-03-06,0643,SNPP,SNPP,n,2,295.45,15.58,D,0
21.65041,106.62533,352.97,0.37,0.58,2024-03-06,0643,SNPP,SNPP,n,2,295.14,4.5,D,0
21.66271,106.69791,343.6,0.37,0.58,2024-03-06,0643,SNPP,SNPP,n,2,294.65,7.15,D,0
21.62174,106.26935,330.79,0.35,0.57,2024-03-06,0643,SNPP,SNPP,n,2,297.32,3.48,D,0
21.61959,106.19274,330.82,0.34,0.56,2024-03-06,0643,SNPP,SNPP,n,2,296.47,1.48,D,0
21.51331,106.35509,367,0.35,0.57,2024-03-06,0643,SNPP,SNPP,h,2,298.51,17.09,D,0
21.51298,106.35165,353.03,0.35,0.57,2024-03-06,0643,SNPP,SNPP,n,2,297.89,12.59,D,0
21.55986,106.7301,367,0.37,0.58,2024-03-06,0643,SNPP,SNPP,h,2,302.33,21.1,D,0
21.55869,106.71775,338.32,0.37,0.58,2024-03-06,0643,SNPP,SNPP,n,2,296,4.63,D,0
21.56455,106.72184,341.81,0.37,0.58,2024-03-06,0643,SNPP,SNPP,n,2,295.3,16.97,D,0
21.56413,106.71737,348.52,0.37,0.58,2024-03-06,0643,SNPP,SNPP,n,2,298.82,16.97,D,0
21.58723,106.73,348.66,0.37,0.58,2024-03-06,0643,SNPP,SNPP,n,2,298.39,4.09,D,0
21.60656,106.75988,336.35,0.38,0.58,2024-03-06,0643,SNPP,SNPP,n,2,296.09,2.23,D,0
21.73634,106.72312,335.02,0.37,0.58,2024-03-06,0643,SNPP,SNPP,n,2,295.52,3.29,D,0
21.63989,105.79897,334.2,0.33,0.55,2024-03-06,0643,SNPP,SNPP,n,2,296.2,1.81,D,0
21.73215,106.72376,345.04,0.37,0.58,2024-03-06,0643,SNPP,SNPP,n,2,297.24,5.05,D,0
21.76254,106.69698,348.98,0.37,0.58,2024-03-06,0643,SNPP,SNPP,n,2,296.43,4.26,D,0
21.72892,106.28615,367,0.35,0.57,2024-03-06,0643,SNPP,SNPP,h,2,297.97,9.94,D,0
21.76802,106.69695,337.82,0.37,0.58,2024-03-06,0643,SNPP,SNPP,n,2,293.83,4.26,D,0
21.70727,106.00961,330.3,0.34,0.56,2024-03-06,0643,SNPP,SNPP,n,2,294.76,2.78,D,0
21.72906,106.17803,336.05,0.35,0.56,2024-03-06,0643,SNPP,SNPP,n,2,295.39,2.85,D,0
21.7464,106.3013,347.91,0.35,0.57,2024-03-06,0643,SNPP,SNPP,n,2,297.42,4.75,D,0
21.74605,106.29765,334.65,0.35,0.57,2024-03-06,0643,SNPP,SNPP,n,2,296.3,4.75,D,0
21.75367,106.32101,329.35,0.35,0.57,2024-03-06,0643,SNPP,SNPP,n,2,295.41,1.68,D,0
21.75199,106.30382,327.85,0.35,0.57,2024-03-06,0643,SNPP,SNPP,n,2,295.22,3.99,D,0
21.75925,106.3234,350.55,0.35,0.57,2024-03-06,0643,SNPP,SNPP,n,2,295.93,9.39,D,0
21.75892,106.32011,350.22,0.35,0.57,2024-03-06,0643,SNPP,SNPP,n,2,296.18,7.18,D,0
21.73993,106.12725,354.96,0.34,0.56,2024-03-06,0643,SNPP,SNPP,n,2,296.9,6.18,D,0
21.77079,106.33199,331.63,0.35,0.57,2024-03-06,0643,SNPP,SNPP,n,2,295.06,1.75,D,0
21.76552,106.27859,330.01,0.35,0.57,2024-03-06,0643,SNPP,SNPP,n,2,295.16,1.38,D,0
21.74871,106.10943,333.04,0.34,0.56,2024-03-06,0643,SNPP,SNPP,n,2,296.79,3.05,D,0
21.76469,106.21661,367,0.35,0.57,2024-03-06,0643,SNPP,SNPP,h,2,297.04,10.58,D,0
21.76437,106.21331,354.55,0.35,0.56,2024-03-06,0643,SNPP,SNPP,n,2,297.04,10.58,D,0
21.76318,105.94161,328.96,0.33,0.56,2024-03-06,0643,SNPP,SNPP,n,2,295.11,1.96,D,0
21.72156,105.39852,338.3,0.61,0.54,2024-03-06,0643,SNPP,SNPP,n,2,295.88,5.6,D,0
21.75968,105.94076,335.05,0.33,0.56,2024-03-06,0643,SNPP,SNPP,n,2,295.69,2.12,D,0
21.75843,105.81965,330.14,0.33,0.55,2024-03-06,0643,SNPP,SNPP,n,2,296.14,1.84,D,0
21.72192,105.39644,341.55,0.61,0.54,2024-03-06,0643,SNPP,SNPP,n,2,296.01,7.04,D,0
21.77746,105.85538,367,0.33,0.55,2024-03-06,0643,SNPP,SNPP,h,2,296.07,5.71,D,0
21.77773,105.85814,350.41,0.33,0.55,2024-03-06,0643,SNPP,SNPP,n,2,295.74,5.71,D,0
21.77204,105.79993,353.8,0.33,0.55,2024-03-06,0643,SNPP,SNPP,n,2,299.35,5.85,D,0
21.80286,106.0088,367,0.34,0.56,2024-03-06,0643,SNPP,SNPP,h,2,297.5,7.69,D,0
21.84019,106.06769,367,0.34,0.56,2024-03-06,0643,SNPP,SNPP,h,2,301.55,38.88,D,0
21.83988,106.06458,342.13,0.34,0.56,2024-03-06,0643,SNPP,SNPP,n,2,296.85,23.41,D,0
21.82441,105.8574,350.51,0.33,0.55,2024-03-06,0643,SNPP,SNPP,n,2,297.78,20.73,D,0
21.82413,105.8546,339.59,0.33,0.55,2024-03-06,0643,SNPP,SNPP,n,2,305.66,20.73,D,0
21.82911,105.85255,367,0.33,0.55,2024-03-06,0643,SNPP,SNPP,h,2,296.13,11.28,D,0
21.82116,105.7233,338.36,0.32,0.55,2024-03-06,0643,SNPP,SNPP,n,2,298.06,1.99,D,0
21.83498,105.80809,342.09,0.33,0.55,2024-03-06,0643,SNPP,SNPP,n,2,295.67,2.66,D,0
21.86546,105.95368,367,0.33,0.56,2024-03-06,0643,SNPP,SNPP,h,2,296.84,9.48,D,0
21.8669,105.96777,347.2,0.34,0.56,2024-03-06,0643,SNPP,SNPP,n,2,295.48,4.3,D,0
21.84719,105.77569,349.67,0.33,0.55,2024-03-06,0643,SNPP,SNPP,n,2,296.82,5.33,D,0
21.85258,105.7778,367,0.33,0.55,2024-03-06,0643,SNPP,SNPP,h,2,295.75,19.55,D,0
21.85212,105.77345,345.08,0.33,0.55,2024-03-06,0643,SNPP,SNPP,n,2,298.76,19.55,D,0
21.90483,106.23711,337.82,0.35,0.57,2024-03-06,0643,SNPP,SNPP,n,2,293.04,5.85,D,0
21.90277,106.21678,344.61,0.35,0.57,2024-03-06,0643,SNPP,SNPP,n,2,295.5,3.99,D,0
21.901,106.19933,339.66,0.35,0.57,2024-03-06,0643,SNPP,SNPP,n,2,295.24,2.48,D,0
21.86666,105.95505,367,0.34,0.56,2024-03-06,0643,SNPP,SNPP,h,2,294.64,10.68,D,0
21.84957,105.7762,367,0.33,0.55,2024-03-06,0643,SNPP,SNPP,h,2,305.17,38.39,D,0
21.86766,105.96563,332.55,0.34,0.56,2024-03-06,0643,SNPP,SNPP,n,2,294.78,3.37,D,0
21.86628,105.95111,348.71,0.34,0.56,2024-03-06,0643,SNPP,SNPP,n,2,292.63,7,D,0
21.89225,106.17017,330.62,0.35,0.56,2024-03-06,0643,SNPP,SNPP,n,2,295.49,1.87,D,0
21.90401,106.23875,349.97,0.35,0.57,2024-03-06,0643,SNPP,SNPP,n,2,293.95,5.1,D,0
21.90177,106.21495,329.52,0.35,0.57,2024-03-06,0643,SNPP,SNPP,n,2,294.65,2.78,D,0
21.90443,106.18674,367,0.35,0.57,2024-03-06,0643,SNPP,SNPP,h,2,296.09,9.16,D,0
21.85543,105.67712,348.89,0.32,0.55,2024-03-06,0643,SNPP,SNPP,n,2,296.27,5.33,D,0
21.91299,106.22109,332.67,0.35,0.57,2024-03-06,0643,SNPP,SNPP,n,2,295.51,2.33,D,0
21.88445,105.8155,342.62,0.33,0.55,2024-03-06,0643,SNPP,SNPP,n,2,295.63,3.8,D,0
20.13741,105.57122,333.56,0.6,0.53,2024-03-06,0643,SNPP,SNPP,n,2,297.24,5.63,D,0
20.25379,105.62827,334.44,0.61,0.53,2024-03-06,0643,SNPP,SNPP,n,2,293.17,3.94,D,0
20.24644,105.51677,352.08,0.6,0.53,2024-03-06,0643,SNPP,SNPP,n,2,298.05,15.85,D,0
20.2496,105.62701,337.13,0.61,0.53,2024-03-06,0643,SNPP,SNPP,n,2,294.01,5.98,D,0
20.24798,105.5145,341.7,0.6,0.53,2024-03-06,0643,SNPP,SNPP,n,2,298.92,16.82,D,0
21.63674,106.68039,331.09,0.56,0.43,2024-03-07,0624,SNPP,SNPP,n,2,289.68,3.67,D,0
21.75594,106.2952,331.47,0.54,0.42,2024-03-07,0624,SNPP,SNPP,n,2,289.17,5.19,D,0
21.91207,106.24433,339.77,0.54,0.42,2024-03-07,0624,SNPP,SNPP,n,2,290.96,8.17,D,0
21.91594,106.2123,331.12,0.53,0.42,2024-03-07,0624,SNPP,SNPP,n,2,286.72,4.25,D,0
21.91528,106.20705,334.88,0.53,0.42,2024-03-07,0624,SNPP,SNPP,n,2,287.44,41.56,D,0
21.91982,106.21181,340.49,0.53,0.42,2024-03-07,0624,SNPP,SNPP,n,2,287.78,4.25,D,0
21.91915,106.20651,356.02,0.53,0.42,2024-03-07,0624,SNPP,SNPP,n,2,294.88,41.56,D,0
21.92371,106.2113,342.53,0.53,0.42,2024-03-07,0624,SNPP,SNPP,n,2,287.31,9.06,D,0
21.92303,106.20601,356.65,0.53,0.42,2024-03-07,0624,SNPP,SNPP,n,2,290.28,31.06,D,0
21.92236,106.20067,350.41,0.53,0.42,2024-03-07,0624,SNPP,SNPP,n,2,297.42,31.06,D,0
21.92693,106.20556,334.55,0.53,0.42,2024-03-07,0624,SNPP,SNPP,n,2,287.6,31.06,D,0
21.32474,105.684,367,0.4,0.6,2024-03-11,0649,SNPP,SNPP,h,2,291.7,10.49,D,0
21.32436,105.68004,336.01,0.4,0.6,2024-03-11,0649,SNPP,SNPP,n,2,290.91,6.56,D,0
20.15266,105.57558,330.01,0.38,0.59,2024-03-11,0649,SNPP,SNPP,n,2,289.84,1.98,D,0
20.31106,105.48698,330.11,0.38,0.59,2024-03-11,0649,SNPP,SNPP,n,2,289.98,5.33,D,0
20.33574,105.40164,333.4,0.38,0.58,2024-03-11,0649,SNPP,SNPP,n,2,291.36,3.47,D,0
20.40423,105.89797,298.85,0.71,0.75,2024-03-11,1738,SNPP,SNPP,n,2,285.63,1.4,N,2
21.03873,106.58775,296.7,0.49,0.65,2024-03-11,1918,SNPP,SNPP,n,2,285.86,0.51,N,2
21.02106,106.52908,299.93,0.48,0.65,2024-03-11,1918,SNPP,SNPP,n,2,286.82,0.88,N,2
21.01745,106.53123,299.7,0.48,0.65,2024-03-11,1918,SNPP,SNPP,n,2,286.24,1.44,N,2
20.78038,106.62856,301.91,0.49,0.65,2024-03-11,1918,SNPP,SNPP,n,2,285.42,0.94,N,0
20.86654,105.83071,298.57,0.44,0.62,2024-03-11,1918,SNPP,SNPP,n,2,284.89,0.43,N,0
20.42366,105.18233,346.37,0.55,0.43,2024-03-12,0630,SNPP,SNPP,n,2,295.42,12.49,D,0
20.42214,105.17989,332.83,0.55,0.43,2024-03-12,0630,SNPP,SNPP,n,2,295.27,8.28,D,0
21.1409,106.58117,335.86,0.45,0.47,2024-03-12,0631,SNPP,SNPP,n,2,295.24,4.01,D,0
21.52524,106.68024,336.41,0.47,0.47,2024-03-12,0631,SNPP,SNPP,n,2,292.17,3.53,D,0
21.60131,106.6038,340.31,0.46,0.47,2024-03-12,0631,SNPP,SNPP,n,2,296.58,7.24,D,0
21.63993,106.63049,329.68,0.46,0.47,2024-03-12,0631,SNPP,SNPP,n,2,293.66,3.63,D,0
21.63734,106.13504,340.08,0.43,0.46,2024-03-12,0631,SNPP,SNPP,n,2,294.98,3.48,D,0
21.63527,106.04169,349.32,0.43,0.46,2024-03-12,0631,SNPP,SNPP,n,2,295.59,12,D,0
21.72501,106.10988,339.1,0.43,0.46,2024-03-12,0631,SNPP,SNPP,n,2,295.41,7.3,D,0
21.72441,106.11063,342.04,0.43,0.46,2024-03-12,0631,SNPP,SNPP,n,2,295.92,5.43,D,0
21.72865,106.11002,333.1,0.43,0.46,2024-03-12,0631,SNPP,SNPP,n,2,292.04,5.43,D,0
21.74715,106.15894,338.6,0.44,0.46,2024-03-12,0631,SNPP,SNPP,n,2,292.94,3.44,D,0
21.76317,106.26207,332.64,0.44,0.46,2024-03-12,0631,SNPP,SNPP,n,2,294.88,1.87,D,0
21.77993,106.33305,328.73,0.45,0.47,2024-03-12,0631,SNPP,SNPP,n,2,293.94,1.6,D,0
21.78379,106.3285,331.11,0.45,0.47,2024-03-12,0631,SNPP,SNPP,n,2,295.02,2.01,D,0
21.78813,106.32819,329.1,0.45,0.47,2024-03-12,0631,SNPP,SNPP,n,2,293.12,2.01,D,0
21.77887,106.1713,339.52,0.44,0.46,2024-03-12,0631,SNPP,SNPP,n,2,294.48,4.25,D,0
21.76942,106.01553,339.55,0.43,0.46,2024-03-12,0631,SNPP,SNPP,n,2,295.13,5.15,D,0
21.73042,105.51022,346.14,0.4,0.44,2024-03-12,0631,SNPP,SNPP,n,2,295.8,8.27,D,0
21.83279,105.75421,342.89,0.41,0.45,2024-03-12,0631,SNPP,SNPP,n,2,294.12,4.2,D,0
21.82257,105.63161,333.66,0.41,0.45,2024-03-12,0631,SNPP,SNPP,n,2,294.35,2.96,D,0
21.86769,105.38689,340.35,0.39,0.44,2024-03-12,0631,SNPP,SNPP,n,2,290.1,3.37,D,0
21.01872,106.52807,303.97,0.52,0.5,2024-03-15,1803,SNPP,SNPP,n,2,292.58,2,N,2
21.02894,105.11831,326.18,0.59,0.7,2024-03-21,0702,SNPP,SNPP,n,2,287.48,2.34,D,0
21.48246,105.23998,332.29,0.61,0.71,2024-03-21,0702,SNPP,SNPP,n,2,289.49,3.62,D,0
21.48912,105.23964,326.67,0.61,0.71,2024-03-21,0702,SNPP,SNPP,n,2,289.13,3.36,D,0
21.48653,105.23776,332.54,0.61,0.71,2024-03-21,0702,SNPP,SNPP,n,2,289.41,9.66,D,0
21.62675,105.36966,326.54,0.62,0.72,2024-03-21,0702,SNPP,SNPP,n,2,289.68,2.77,D,0
20.52999,105.86683,297.36,0.45,0.63,2024-03-21,1751,SNPP,SNPP,n,2,284.11,0.35,N,2
20.45224,105.88479,300.43,0.45,0.63,2024-03-21,1751,SNPP,SNPP,n,2,288.16,0.63,N,0
20.40362,105.90084,301.97,0.44,0.63,2024-03-21,1751,SNPP,SNPP,n,2,288.66,1.16,N,2
20.40459,105.89943,310.96,0.44,0.63,2024-03-21,1751,SNPP,SNPP,n,2,288.59,1.89,N,2
20.29424,105.11713,329.48,0.57,0.52,2024-03-22,0643,SNPP,SNPP,n,2,292,5.05,D,0
20.44721,105.60116,330.14,0.48,0.4,2024-03-23,0624,SNPP,SNPP,n,2,299.28,2.87,D,0
20.49777,105.32738,343.81,0.47,0.4,2024-03-23,0624,SNPP,SNPP,n,2,300.69,6.74,D,0
20.67412,105.57661,343.42,0.49,0.4,2024-03-23,0624,SNPP,SNPP,n,2,299.85,6.67,D,0
20.68445,105.59829,333.02,0.49,0.4,2024-03-23,0624,SNPP,SNPP,n,2,299.35,3.4,D,0
20.70996,105.19318,335.38,0.47,0.39,2024-03-23,0624,SNPP,SNPP,n,2,300.62,4.61,D,0
21.6619,104.98244,330.91,0.47,0.39,2024-03-23,0625,SNPP,SNPP,n,2,298.1,3.96,D,0
21.66184,104.98355,331.59,0.47,0.39,2024-03-23,0625,SNPP,SNPP,n,2,296.42,2.9,D,0
20.46395,105.13397,344.72,0.4,0.37,2024-03-24,0606,SNPP,SNPP,n,2,299.25,5.87,D,0
20.4679,105.13701,338.17,0.4,0.37,2024-03-24,0606,SNPP,SNPP,n,2,302.69,37.37,D,0
20.77469,104.85152,333.42,0.4,0.37,2024-03-24,0606,SNPP,SNPP,n,2,298.7,3.97,D,0
20.84953,105.27502,340.73,0.39,0.36,2024-03-24,0606,SNPP,SNPP,n,2,301.51,18.93,D,0
20.21199,105.62652,331.49,0.41,0.45,2024-03-25,0547,SNPP,SNPP,n,2,301.39,2.05,D,0
20.10062,104.87022,341.63,0.46,0.47,2024-03-25,0547,SNPP,SNPP,n,2,305.53,8.6,D,0
20.15426,105.13167,336.56,0.44,0.46,2024-03-25,0547,SNPP,SNPP,n,2,297.98,3.96,D,0
20.35991,105.39395,335.33,0.42,0.46,2024-03-25,0547,SNPP,SNPP,n,2,301.65,5.22,D,0
20.36929,104.87602,340.23,0.46,0.47,2024-03-25,0547,SNPP,SNPP,n,2,299.91,8.3,D,0
21.6892,105.31513,339.21,0.41,0.45,2024-03-25,0547,SNPP,SNPP,n,2,298.27,2.67,D,0
21.74655,105.38039,344.41,0.4,0.44,2024-03-25,0547,SNPP,SNPP,n,2,299.25,4.71,D,0
21.79605,105.37399,346.41,0.4,0.44,2024-03-25,0547,SNPP,SNPP,n,2,300.22,7.16,D,0
21.01433,106.53712,299.27,0.5,0.41,2024-03-25,1816,SNPP,SNPP,n,2,285.75,0.69,N,2
21.00993,106.54137,303.42,0.5,0.41,2024-03-25,1816,SNPP,SNPP,n,2,285.61,1.12,N,2
20.4869,105.42971,338.41,0.39,0.44,2024-03-28,0631,SNPP,SNPP,n,2,290.99,2.15,D,0
21.01853,106.52887,324.77,0.43,0.38,2024-03-30,1822,SNPP,SNPP,n,2,295.18,2.59,N,2
21.01389,106.5365,304.2,0.43,0.38,2024-03-30,1822,SNPP,SNPP,n,2,294.04,1.61,N,2
21.0133,106.54059,306.61,0.43,0.38,2024-03-30,1822,SNPP,SNPP,n,2,293.87,0.95,N,2
21.00983,106.54002,307.53,0.43,0.38,2024-03-30,1822,SNPP,SNPP,n,2,293.98,1.17,N,2
20.45441,105.88744,304.95,0.45,0.39,2024-03-30,1822,SNPP,SNPP,n,2,294.11,0.79,N,0
20.4017,105.90092,311.12,0.44,0.39,2024-03-30,1822,SNPP,SNPP,n,2,294.47,1.66,N,2
21.30019,106.44032,334.56,0.55,0.51,2024-03-31,0534,SNPP,SNPP,n,2,292.74,3.51,D,0
20.95524,105.23352,356.19,0.33,0.55,2024-03-31,0534,SNPP,SNPP,n,2,291.65,5.8,D,0
20.96026,105.23218,353.01,0.33,0.55,2024-03-31,0534,SNPP,SNPP,n,2,289.85,5.8,D,0
20.53154,105.86394,306.3,0.55,0.51,2024-03-31,1804,SNPP,SNPP,n,2,295.22,1.47,N,2
20.40145,105.8999,308.23,0.55,0.51,2024-03-31,1804,SNPP,SNPP,n,2,295.82,1.92,N,2
20.22115,105.82794,338.35,0.51,0.66,2024-04-01,0656,SNPP,SNPP,n,2,303.53,2.31,D,0
20.21943,105.8287,338.68,0.51,0.66,2024-04-01,0656,SNPP,SNPP,n,2,302.94,3.88,D,0
21.75178,106.10493,343.71,0.56,0.69,2024-04-01,0656,SNPP,SNPP,n,2,297.64,8.97,D,0
21.81954,106.12754,331.19,0.56,0.69,2024-04-01,0656,SNPP,SNPP,n,2,297.84,3.62,D,0
21.92353,105.71055,331.76,0.53,0.67,2024-04-01,0656,SNPP,SNPP,n,2,296.25,4.27,D,0
21.28669,106.84065,338.81,0.61,0.71,2024-04-01,0656,SNPP,SNPP,n,2,297.3,10.15,D,0
21.01702,106.53113,305.1,0.61,0.71,2024-04-01,1925,SNPP,SNPP,n,2,292.38,1.8,N,2
20.97256,104.98601,337.65,0.46,0.47,2024-04-02,0637,SNPP,SNPP,n,2,301.04,5.25,D,0
21.1566,106.50891,333.08,0.58,0.52,2024-04-02,0637,SNPP,SNPP,n,2,297.62,4.71,D,0
20.52095,105.71977,333.57,0.5,0.49,2024-04-02,0637,SNPP,SNPP,n,2,301.02,2.73,D,0
21.8957,105.87141,333.51,0.54,0.5,2024-04-02,0637,SNPP,SNPP,n,2,297.06,5.85,D,0
21.9191,105.99734,341.33,0.55,0.51,2024-04-02,0637,SNPP,SNPP,n,2,293.24,16.58,D,0
21.91853,105.99216,336.81,0.55,0.51,2024-04-02,0637,SNPP,SNPP,n,2,293.8,16.58,D,0
21.8699,105.51474,339.37,0.51,0.49,2024-04-02,0637,SNPP,SNPP,n,2,299.15,6.76,D,0
21.8683,106.51016,340.55,0.59,0.53,2024-04-02,0637,SNPP,SNPP,n,2,298.06,7.19,D,0
21.87316,106.50938,337.62,0.59,0.53,2024-04-02,0637,SNPP,SNPP,n,2,296.79,7.07,D,0
21.83159,106.12776,330.83,0.55,0.51,2024-04-02,0637,SNPP,SNPP,n,2,296.77,7.34,D,0
21.8346,106.11134,354.92,0.55,0.51,2024-04-02,0637,SNPP,SNPP,n,2,299.88,34.57,D,0
21.89248,105.86878,334.46,0.54,0.51,2024-04-02,0637,SNPP,SNPP,n,2,298.41,6.28,D,0
21.91494,105.99487,337.89,0.55,0.51,2024-04-02,0637,SNPP,SNPP,n,2,293.76,17.08,D,0
21.91964,105.99405,354.25,0.55,0.51,2024-04-02,0637,SNPP,SNPP,n,2,292.88,17.08,D,0
21.86932,105.51189,340.64,0.51,0.49,2024-04-02,0637,SNPP,SNPP,n,2,298.64,6.49,D,0
21.8299,105.10207,340.84,0.48,0.48,2024-04-02,0637,SNPP,SNPP,n,2,298.79,7.2,D,0
21.92793,105.4551,344.28,0.5,0.49,2024-04-02,0637,SNPP,SNPP,n,2,292.89,7,D,0
21.9325,105.45466,344.51,0.5,0.49,2024-04-02,0637,SNPP,SNPP,n,2,293.56,14.94,D,0
21.56633,105.99923,341.59,0.54,0.51,2024-04-02,0637,SNPP,SNPP,n,2,296.7,5.21,D,0
21.72247,106.27798,332.14,0.57,0.52,2024-04-02,0637,SNPP,SNPP,n,2,297.22,4.87,D,0
21.8105,106.33675,339.5,0.57,0.52,2024-04-02,0637,SNPP,SNPP,n,2,297.81,6.74,D,0
21.66824,105.00127,334.59,0.47,0.48,2024-04-02,0637,SNPP,SNPP,n,2,297.57,3.16,D,0
21.87125,106.51308,340.41,0.59,0.53,2024-04-02,0637,SNPP,SNPP,n,2,297.28,8.21,D,0
21.87071,106.50767,329.54,0.59,0.53,2024-04-02,0637,SNPP,SNPP,n,2,297.43,5.98,D,0
21.83246,106.13075,342.34,0.56,0.51,2024-04-02,0637,SNPP,SNPP,n,2,297.57,5.76,D,0
21.83031,106.10983,335.96,0.55,0.51,2024-04-02,0637,SNPP,SNPP,n,2,296.58,12.93,D,0
21.83555,106.11398,330.96,0.55,0.51,2024-04-02,0637,SNPP,SNPP,n,2,295.77,12.93,D,0
21.83503,106.10896,343.29,0.55,0.51,2024-04-02,0637,SNPP,SNPP,n,2,297.44,12.93,D,0
21.78614,105.55428,343.04,0.51,0.49,2024-04-02,0637,SNPP,SNPP,n,2,294.65,5.91,D,0
20.10931,105.58555,333.22,0.42,0.37,2024-04-03,0618,SNPP,SNPP,l,2,305.41,2.31,D,0
20.13271,105.33241,335.62,0.41,0.37,2024-04-03,0618,SNPP,SNPP,n,2,304.76,4.55,D,0
20.18236,105.58658,337.99,0.42,0.37,2024-04-03,0618,SNPP,SNPP,n,2,306.42,3.51,D,0
20.10011,104.86051,340.44,0.4,0.37,2024-04-03,0618,SNPP,SNPP,n,2,305.34,20.63,D,0
20.11307,104.85477,338.19,0.4,0.37,2024-04-03,0618,SNPP,SNPP,n,2,305.05,3.23,D,0
20.12085,104.86099,331.36,0.4,0.37,2024-04-03,0618,SNPP,SNPP,l,2,303.13,1.77,D,0
20.12477,104.86427,331.14,0.4,0.37,2024-04-03,0618,SNPP,SNPP,l,2,303.41,77.06,D,0
20.12761,104.86005,341.26,0.4,0.37,2024-04-03,0618,SNPP,SNPP,n,2,306.1,44.29,D,0
20.12852,104.85973,336.27,0.4,0.37,2024-04-03,0618,SNPP,SNPP,n,2,302.72,2.91,D,0
20.24323,105.42753,330.18,0.41,0.37,2024-04-03,0618,SNPP,SNPP,n,2,304.5,4.56,D,0
20.29228,105.57759,333.92,0.42,0.37,2024-04-03,0618,SNPP,SNPP,n,2,305.98,3.22,D,0
21.74408,106.30067,332.42,0.46,0.39,2024-04-03,0618,SNPP,SNPP,n,2,301.74,8.53,D,0
21.74767,106.30006,330.76,0.46,0.39,2024-04-03,0618,SNPP,SNPP,n,2,300.63,4.55,D,0
21.75602,106.30775,337.97,0.46,0.39,2024-04-03,0618,SNPP,SNPP,n,2,300.91,3.41,D,0
21.74515,106.19707,331.21,0.45,0.39,2024-04-03,0618,SNPP,SNPP,n,2,300,2.18,D,0
21.76381,106.31107,336.32,0.46,0.39,2024-04-03,0618,SNPP,SNPP,n,2,302.1,9.9,D,0
21.72573,105.91473,346.08,0.44,0.38,2024-04-03,0618,SNPP,SNPP,n,2,300.04,6.33,D,0
21.77689,106.16103,332.45,0.45,0.39,2024-04-03,0618,SNPP,SNPP,l,2,304.25,10.89,D,0
21.7805,106.16065,331.96,0.45,0.39,2024-04-03,0618,SNPP,SNPP,n,2,300.49,18.53,D,0
21.70833,105.52415,337.84,0.43,0.38,2024-04-03,0618,SNPP,SNPP,n,2,297.41,4.64,D,0
21.71179,105.52342,344.36,0.43,0.38,2024-04-03,0618,SNPP,SNPP,n,2,296.65,4.64,D,0
21.72855,105.51616,332.68,0.43,0.38,2024-04-03,0618,SNPP,SNPP,n,2,298.4,2.72,D,0
21.72909,105.51311,333.33,0.43,0.38,2024-04-03,0618,SNPP,SNPP,n,2,299.49,3.92,D,0
21.78623,105.83298,334.87,0.44,0.38,2024-04-03,0618,SNPP,SNPP,n,2,302.48,7.15,D,0
21.7499,105.53558,334.23,0.43,0.38,2024-04-03,0618,SNPP,SNPP,n,2,297.56,2.68,D,0
21.81963,105.8403,333.32,0.44,0.38,2024-04-03,0618,SNPP,SNPP,n,2,301.36,7.54,D,0
21.86043,106.11844,333.82,0.45,0.39,2024-04-03,0618,SNPP,SNPP,n,2,302.64,9.72,D,0
21.87766,106.13825,333.19,0.45,0.39,2024-04-03,0618,SNPP,SNPP,n,2,301.58,4.19,D,0
21.86363,105.87234,334.03,0.44,0.38,2024-04-03,0618,SNPP,SNPP,n,2,300.29,3.43,D,0
21.8492,105.76642,332.11,0.44,0.38,2024-04-03,0618,SNPP,SNPP,n,2,299.95,1.91,D,0
21.83516,105.50876,335.24,0.43,0.38,2024-04-03,0618,SNPP,SNPP,n,2,302.43,18.26,D,0
21.9379,106.23249,336.57,0.46,0.39,2024-04-03,0618,SNPP,SNPP,n,2,302.26,9.15,D,0
20.35659,105.39016,332.39,0.41,0.37,2024-04-03,0618,SNPP,SNPP,l,2,306.79,3.67,D,0
20.43913,105.70367,337.32,0.42,0.38,2024-04-03,0618,SNPP,SNPP,n,2,302.22,4.34,D,0
20.51789,105.54753,336.13,0.42,0.37,2024-04-03,0618,SNPP,SNPP,n,2,305.77,14.88,D,0
20.64109,105.33724,336.3,0.41,0.37,2024-04-03,0618,SNPP,SNPP,n,2,304.69,4.37,D,0
20.67112,104.85384,346.29,0.4,0.37,2024-04-03,0618,SNPP,SNPP,n,2,310.02,10.86,D,0
20.71888,104.87391,338.62,0.4,0.37,2024-04-03,0618,SNPP,SNPP,l,2,309.93,5.41,D,0
20.823,105.4389,345.52,0.42,0.37,2024-04-03,0618,SNPP,SNPP,n,2,304.7,26.81,D,0
20.82647,105.43848,343.61,0.42,0.37,2024-04-03,0618,SNPP,SNPP,n,2,298.67,12.78,D,0
20.86371,105.41293,334.18,0.42,0.37,2024-04-03,0618,SNPP,SNPP,n,2,301.55,3.16,D,0
20.86316,105.40891,333.02,0.42,0.37,2024-04-03,0618,SNPP,SNPP,n,2,301.61,3.16,D,0
20.79922,104.92479,333.62,0.4,0.37,2024-04-03,0618,SNPP,SNPP,n,2,302.54,3.77,D,0
21.07837,106.68787,334.88,0.47,0.4,2024-04-03,0618,SNPP,SNPP,n,2,300.75,4.04,D,0
21.10309,106.7909,331.41,0.47,0.4,2024-04-03,0618,SNPP,SNPP,n,2,301.91,3.46,D,0
21.08449,106.42883,335.89,0.46,0.39,2024-04-03,0618,SNPP,SNPP,n,2,301.44,3.48,D,0
21.14373,106.81564,336.72,0.47,0.4,2024-04-03,0618,SNPP,SNPP,n,2,296.34,4.12,D,0
21.1431,106.81093,348.02,0.47,0.4,2024-04-03,0618,SNPP,SNPP,n,2,301.42,6.59,D,0
20.96245,105.21884,334.84,0.41,0.37,2024-04-03,0618,SNPP,SNPP,n,2,302.09,2.98,D,0
21.18305,106.46884,341.76,0.46,0.39,2024-04-03,0618,SNPP,SNPP,n,2,302.92,5.88,D,0
20.992,105.08122,333.38,0.41,0.37,2024-04-03,0618,SNPP,SNPP,n,2,301.95,4.01,D,0
21.26314,106.84634,343,0.48,0.4,2024-04-03,0618,SNPP,SNPP,n,2,304.76,14.06,D,0
21.26192,106.84788,336.59,0.48,0.4,2024-04-03,0618,SNPP,SNPP,n,2,305.28,10.43,D,0
21.15907,105.2579,347.6,0.41,0.37,2024-04-03,0618,SNPP,SNPP,n,2,302.03,8.5,D,0
21.60518,106.63016,331.29,0.47,0.4,2024-04-03,0618,SNPP,SNPP,n,2,301.76,2.72,D,0
21.6017,106.60346,337.51,0.47,0.4,2024-04-03,0618,SNPP,SNPP,n,2,305.62,3.07,D,0
21.62897,106.78432,344.05,0.48,0.4,2024-04-03,0618,SNPP,SNPP,n,2,301.99,8.14,D,0
21.54264,105.67599,332.1,0.43,0.38,2024-04-03,0618,SNPP,SNPP,n,2,298.64,3.32,D,0
21.63727,106.14166,350.72,0.45,0.39,2024-04-03,0618,SNPP,SNPP,n,2,301.27,11.32,D,0
21.65047,106.10422,333.44,0.45,0.39,2024-04-03,0618,SNPP,SNPP,n,2,300.12,4.66,D,0
21.64754,105.94769,333.14,0.44,0.38,2024-04-03,0618,SNPP,SNPP,n,2,300.07,7.45,D,0
21.64828,105.89996,341.73,0.44,0.38,2024-04-03,0618,SNPP,SNPP,n,2,300.27,5.32,D,0
21.52786,105.006,338.67,0.41,0.37,2024-04-03,0618,SNPP,SNPP,n,2,294.04,5.06,D,0
21.93113,106.22571,333.11,0.46,0.39,2024-04-03,0619,SNPP,SNPP,l,2,303.4,3.05,D,0
21.83595,105.50499,335.06,0.43,0.38,2024-04-03,0619,SNPP,SNPP,n,2,300.51,7.6,D,0
21.93587,106.23397,339.91,0.46,0.39,2024-04-03,0619,SNPP,SNPP,n,2,302.52,5.89,D,0
21.93947,106.23344,336.79,0.46,0.39,2024-04-03,0619,SNPP,SNPP,n,2,301.38,4.17,D,0
21.92292,105.99574,343.12,0.45,0.39,2024-04-03,0619,SNPP,SNPP,n,2,302.24,5.47,D,0
21.92236,105.99151,330.03,0.45,0.39,2024-04-03,0619,SNPP,SNPP,n,2,301.92,2.6,D,0
21.82541,105.2452,334.14,0.42,0.37,2024-04-03,0619,SNPP,SNPP,n,2,295.8,2.92,D,0
21.94947,106.14186,332.86,0.45,0.39,2024-04-03,0619,SNPP,SNPP,n,2,301.38,2.44,D,0
21.93242,105.9852,336.36,0.44,0.39,2024-04-03,0619,SNPP,SNPP,n,2,301.36,3.7,D,0
21.88848,105.60381,333.26,0.43,0.38,2024-04-03,0619,SNPP,SNPP,n,2,299.06,3.53,D,0
21.88057,105.54543,333.37,0.43,0.38,2024-04-03,0619,SNPP,SNPP,n,2,295.29,3.92,D,0
21.89689,105.32836,338.97,0.42,0.38,2024-04-03,0619,SNPP,SNPP,n,2,304,15.07,D,0
20.3413,105.91248,309.38,0.47,0.39,2024-04-03,1848,SNPP,SNPP,n,2,295.86,0.8,N,2
20.31365,104.95111,332.58,0.46,0.39,2024-04-04,0559,SNPP,SNPP,n,2,301.5,3.61,D,0
20.5589,105.26012,340.31,0.44,0.38,2024-04-04,0559,SNPP,SNPP,n,2,301.49,3.26,D,0
20.55844,105.26091,330.07,0.44,0.38,2024-04-04,0559,SNPP,SNPP,n,2,301.35,2.18,D,0
20.56196,105.26027,333.01,0.44,0.38,2024-04-04,0559,SNPP,SNPP,n,2,300.92,2.4,D,0
20.66343,104.85236,339.09,0.46,0.39,2024-04-04,0559,SNPP,SNPP,l,2,312.83,27.77,D,0
20.82001,104.87608,332.01,0.45,0.39,2024-04-04,0559,SNPP,SNPP,n,2,302.88,2.43,D,0
20.8187,104.87752,334.87,0.45,0.39,2024-04-04,0559,SNPP,SNPP,n,2,302.83,2.49,D,0
20.95252,104.87551,332.7,0.45,0.39,2024-04-04,0559,SNPP,SNPP,n,2,305.37,1.89,D,0
20.85345,105.35727,341.74,0.43,0.38,2024-04-04,0559,SNPP,SNPP,n,2,304.46,6.72,D,0
20.71755,105.25775,344.19,0.44,0.38,2024-04-04,0559,SNPP,SNPP,n,2,304.01,13.71,D,0
20.72106,105.25706,337.71,0.44,0.38,2024-04-04,0559,SNPP,SNPP,n,2,300.82,7.32,D,0
21.9229,105.06638,335.49,0.52,0.5,2024-04-05,0541,SNPP,SNPP,n,2,292.75,3.58,D,0
21.92755,105.06596,334.52,0.52,0.5,2024-04-05,0541,SNPP,SNPP,n,2,292.9,3.58,D,0
20.78352,106.63355,307.31,0.4,0.44,2024-04-05,1810,SNPP,SNPP,n,2,290.03,1.12,N,0
20.11468,104.85776,367,0.35,0.57,2024-04-12,0650,SNPP,SNPP,h,2,296.29,20.57,D,0
20.11434,104.85443,337,0.35,0.57,2024-04-12,0650,SNPP,SNPP,n,2,294.79,10,D,0
21.67025,105.56427,330.13,0.39,0.36,2024-04-14,0612,SNPP,SNPP,n,2,297.34,1.78,D,0
21.90385,105.41259,345.34,0.39,0.36,2024-04-14,0612,SNPP,SNPP,n,2,300.39,12.23,D,0
21.91574,105.05468,332.53,0.39,0.36,2024-04-14,0612,SNPP,SNPP,n,2,296.88,2.09,D,0
20.12731,104.85744,340.43,0.38,0.36,2024-04-14,0612,SNPP,SNPP,n,2,303.09,12.31,D,0
20.13062,104.85687,334.35,0.38,0.36,2024-04-14,0612,SNPP,SNPP,n,2,299.37,3.57,D,0
20.12456,104.86168,335.02,0.38,0.36,2024-04-14,0612,SNPP,SNPP,n,2,299.85,12.31,D,0
20.6783,104.91991,332.11,0.38,0.36,2024-04-14,0612,SNPP,SNPP,n,2,301.49,2.15,D,0
20.80443,104.88275,334.02,0.38,0.36,2024-04-14,0612,SNPP,SNPP,n,2,302.83,2.71,D,0
20.82254,104.87158,333.52,0.54,0.42,2024-04-15,0553,SNPP,SNPP,n,2,298.59,3.31,D,0
20.20107,105.56019,336.55,0.33,0.55,2024-04-16,0534,SNPP,SNPP,n,2,292.68,2.4,D,0
20.3118,105.53671,353.58,0.33,0.55,2024-04-16,0534,SNPP,SNPP,n,2,293.58,3.67,D,0
20.30987,105.53667,350.96,0.33,0.55,2024-04-16,0534,SNPP,SNPP,n,2,293.11,4.41,D,0
21.30187,106.76131,341.07,0.52,0.5,2024-04-16,0534,SNPP,SNPP,n,2,297.23,7.08,D,0
21.86148,105.00008,333.51,0.33,0.55,2024-04-16,0535,SNPP,SNPP,n,2,295.95,2.94,D,0
21.7084,106.62891,344.42,0.6,0.71,2024-04-17,0656,SNPP,SNPP,n,2,288,8.97,D,0
21.92685,105.3774,336.97,0.51,0.66,2024-04-17,0656,SNPP,SNPP,n,2,288.35,4.79,D,0
21.93299,105.37665,346.53,0.51,0.66,2024-04-17,0656,SNPP,SNPP,n,2,290.62,4.79,D,0
21.93213,105.3776,352.71,0.51,0.66,2024-04-17,0656,SNPP,SNPP,n,2,291,11,D,0
20.39174,104.87595,341.4,0.45,0.63,2024-04-17,0656,SNPP,SNPP,n,2,293.3,4.28,D,0
20.39579,104.87543,338.22,0.45,0.63,2024-04-17,0656,SNPP,SNPP,n,2,293.03,3.24,D,0
21.01707,106.52814,306.05,0.62,0.71,2024-04-17,1925,SNPP,SNPP,n,2,286.2,2.72,N,2
21.53619,106.67197,337.46,0.6,0.53,2024-04-18,0637,SNPP,SNPP,n,2,295.86,4.13,D,0
21.53789,106.67138,334.79,0.6,0.53,2024-04-18,0637,SNPP,SNPP,n,2,295.68,10.19,D,0
21.72189,106.65401,330.5,0.6,0.53,2024-04-18,0637,SNPP,SNPP,n,2,293.54,3.35,D,0
21.83336,104.88074,331.07,0.47,0.47,2024-04-18,0637,SNPP,SNPP,n,2,290.08,3.25,D,0
20.22452,105.50952,338.4,0.49,0.48,2024-04-18,0637,SNPP,SNPP,n,2,296.7,4.12,D,0
20.49378,105.56876,345.87,0.42,0.38,2024-04-19,0618,SNPP,SNPP,n,2,298.56,9.22,D,0
20.49833,105.5761,338.69,0.42,0.38,2024-04-19,0618,SNPP,SNPP,n,2,300.37,4.27,D,0
20.50179,105.5756,333.22,0.42,0.38,2024-04-19,0618,SNPP,SNPP,n,2,298.67,4.27,D,0
20.53422,105.52983,341.62,0.42,0.38,2024-04-19,0618,SNPP,SNPP,n,2,302.59,40.94,D,0
20.55251,105.58449,337.3,0.42,0.38,2024-04-19,0618,SNPP,SNPP,n,2,298.74,4.9,D,0
20.55421,105.58516,336.05,0.42,0.38,2024-04-19,0618,SNPP,SNPP,n,2,300.32,11.49,D,0
20.59503,105.44678,335.07,0.42,0.37,2024-04-19,0618,SNPP,SNPP,n,2,293.66,2.67,D,0
20.54757,105.53661,339.61,0.42,0.38,2024-04-19,0618,SNPP,SNPP,n,2,295.65,4.37,D,0
20.62844,105.61054,334.71,0.42,0.38,2024-04-19,0618,SNPP,SNPP,n,2,301.02,2.82,D,0
20.62788,105.60648,334.37,0.42,0.38,2024-04-19,0618,SNPP,SNPP,n,2,300.91,2.82,D,0
20.67442,105.57101,338.53,0.42,0.38,2024-04-19,0618,SNPP,SNPP,n,2,300.22,3.79,D,0
20.93437,105.2813,345.78,0.41,0.37,2024-04-19,0618,SNPP,SNPP,n,2,297.37,20.08,D,0
20.67589,104.86253,333.18,0.45,0.39,2024-04-20,0559,SNPP,SNPP,n,2,302.78,9.8,D,0
20.824,105.4193,331.76,0.43,0.38,2024-04-20,0559,SNPP,SNPP,l,2,301.44,3.7,D,0
20.82747,105.41862,333.92,0.43,0.38,2024-04-20,0559,SNPP,SNPP,l,2,299.38,4.29,D,0
20.10817,105.27036,344.03,0.44,0.39,2024-04-20,0559,SNPP,SNPP,n,2,299.3,12.96,D,0
20.1117,105.26971,347.03,0.44,0.39,2024-04-20,0559,SNPP,SNPP,n,2,297.84,12.96,D,0
20.25638,105.9705,333.61,0.42,0.37,2024-04-20,0559,SNPP,SNPP,l,2,300.33,6.3,D,0
20.17462,105.47299,336.42,0.43,0.38,2024-04-20,0559,SNPP,SNPP,n,2,301.77,5.37,D,0
20.44042,105.52243,338.13,0.43,0.38,2024-04-20,0559,SNPP,SNPP,n,2,302.89,3.83,D,0
20.4439,105.52176,330.02,0.43,0.38,2024-04-20,0559,SNPP,SNPP,l,2,301.71,3.83,D,0
20.52412,105.50388,338.58,0.43,0.38,2024-04-20,0559,SNPP,SNPP,n,2,304.11,4.86,D,0
20.52761,105.5033,337.59,0.43,0.38,2024-04-20,0559,SNPP,SNPP,n,2,300.29,4.86,D,0
20.55874,105.56052,342.98,0.43,0.38,2024-04-20,0559,SNPP,SNPP,n,2,301.31,14.47,D,0
20.94767,105.24731,335.3,0.44,0.38,2024-04-20,0600,SNPP,SNPP,l,2,301.09,5.71,D,0
21.06975,105.83051,332.78,0.41,0.37,2024-04-20,0600,SNPP,SNPP,l,2,302.03,3.76,D,0
20.34041,105.9116,306.53,0.4,0.37,2024-04-20,1829,SNPP,SNPP,n,2,294.44,1.72,N,2
20.48433,105.75154,341.82,0.5,0.49,2024-04-21,0541,SNPP,SNPP,n,2,296.91,5.58,D,0
20.54465,105.52586,340.79,0.51,0.5,2024-04-21,0541,SNPP,SNPP,n,2,297.44,5.79,D,0
20.11232,104.85072,334.37,0.57,0.69,2024-04-22,0522,SNPP,SNPP,n,2,290.22,12.62,D,0
21.67593,105.45646,331.54,0.32,0.54,2024-04-23,0644,SNPP,SNPP,n,2,290.72,1.38,D,0
21.62992,105.80064,332.36,0.39,0.36,2024-04-25,0606,SNPP,SNPP,n,2,299.71,1.93,D,0
20.19591,106.35861,331.37,0.38,0.36,2024-04-25,0606,SNPP,SNPP,n,2,299.77,1.54,D,0
20.26092,105.97039,330.37,0.39,0.36,2024-04-25,0606,SNPP,SNPP,l,2,302.9,5.21,D,0
20.82029,105.34824,331.49,0.39,0.36,2024-04-25,0606,SNPP,SNPP,l,2,304.56,6.74,D,0
20.9047,105.86417,341.24,0.39,0.36,2024-04-25,0606,SNPP,SNPP,n,2,300.71,3.98,D,0
21.55629,105.87446,332.39,0.38,0.36,2024-04-25,0606,SNPP,SNPP,l,2,302.93,1.46,D,0
21.93504,105.80317,332.41,0.38,0.36,2024-04-25,0606,SNPP,SNPP,n,2,302.22,2.2,D,0
20.58489,106.15577,310.7,0.39,0.36,2024-04-25,1835,SNPP,SNPP,n,2,294.91,1.76,N,0
20.52938,105.86687,309.2,0.38,0.36,2024-04-25,1835,SNPP,SNPP,n,2,295.41,1.28,N,2
20.21226,105.94989,334.22,0.39,0.44,2024-04-26,0547,SNPP,SNPP,n,2,303.34,3.15,D,0
20.21157,105.94615,332.71,0.39,0.44,2024-04-26,0547,SNPP,SNPP,l,2,302.81,1.97,D,0
20.40266,106.14584,332.08,0.57,0.43,2024-04-26,0547,SNPP,SNPP,l,2,307.04,5.71,D,0
20.42576,106.14979,332.24,0.57,0.43,2024-04-26,0547,SNPP,SNPP,l,2,306.3,6.37,D,0
20.45152,106.17817,332.66,0.57,0.43,2024-04-26,0547,SNPP,SNPP,l,2,303.56,3.42,D,0
20.65496,105.92365,335.16,0.39,0.44,2024-04-26,0547,SNPP,SNPP,l,2,306.63,5.6,D,0
20.90627,106.63939,330.3,0.53,0.42,2024-04-26,0547,SNPP,SNPP,l,2,304.6,6.23,D,0
20.93007,106.19301,334.2,0.56,0.43,2024-04-26,0547,SNPP,SNPP,l,2,309.03,7.2,D,0
21.05361,106.65853,331.47,0.52,0.42,2024-04-26,0547,SNPP,SNPP,l,2,301.58,1.8,D,0
20.88779,105.57745,333.61,0.4,0.44,2024-04-26,0547,SNPP,SNPP,n,2,303.84,1.3,D,0
21.10116,106.55768,331.59,0.53,0.42,2024-04-26,0547,SNPP,SNPP,n,2,305.47,3.17,D,0
21.13998,106.12905,333.25,0.56,0.43,2024-04-26,0547,SNPP,SNPP,l,2,305.53,4.29,D,0
21.25034,106.18065,334.64,0.55,0.43,2024-04-26,0547,SNPP,SNPP,l,2,305.96,9.12,D,0
21.24653,106.1376,333.92,0.55,0.43,2024-04-26,0547,SNPP,SNPP,l,2,308.76,9.39,D,0
21.18795,105.77356,335.15,0.39,0.44,2024-04-26,0547,SNPP,SNPP,l,2,308.33,4.04,D,0
21.19126,105.76902,334.86,0.39,0.44,2024-04-26,0547,SNPP,SNPP,l,2,309.19,4.04,D,0
21.16012,105.11185,335.72,0.42,0.45,2024-04-26,0547,SNPP,SNPP,n,2,304.59,1.83,D,0
21.31512,105.62627,334.81,0.39,0.44,2024-04-26,0547,SNPP,SNPP,l,2,307.03,6.87,D,0
21.31171,105.62682,338.16,0.39,0.44,2024-04-26,0547,SNPP,SNPP,l,2,310.19,6.86,D,0
21.74787,105.92841,332.94,0.56,0.43,2024-04-26,0547,SNPP,SNPP,n,2,303.68,9.91,D,0
21.71772,105.31557,341.76,0.4,0.44,2024-04-26,0547,SNPP,SNPP,n,2,305.37,2.43,D,0
21.01998,106.52876,314.89,0.5,0.41,2024-04-26,1816,SNPP,SNPP,n,2,296.62,3.7,N,2
21.01624,106.52819,324.41,0.5,0.41,2024-04-26,1816,SNPP,SNPP,n,2,296.49,3.7,N,2
20.40721,105.89864,311.43,0.53,0.42,2024-04-26,1816,SNPP,SNPP,n,2,297.05,1.49,N,2
20.64517,105.44634,337.08,0.41,0.61,2024-04-27,0528,SNPP,SNPP,n,2,302.43,3.57,D,0
20.64421,105.44196,331.26,0.41,0.61,2024-04-27,0528,SNPP,SNPP,n,2,301.8,3.57,D,0
20.82942,105.44945,347.73,0.41,0.6,2024-04-27,0528,SNPP,SNPP,n,2,306.4,4.18,D,0
20.82866,105.44595,334.24,0.41,0.6,2024-04-27,0528,SNPP,SNPP,n,2,303.6,4.18,D,0
20.83068,105.4846,332.8,0.4,0.6,2024-04-27,0528,SNPP,SNPP,n,2,305.69,2.56,D,0
20.82865,105.44946,349.33,0.41,0.6,2024-04-27,0528,SNPP,SNPP,n,2,306.58,4.09,D,0
20.82788,105.44598,332.36,0.41,0.6,2024-04-27,0528,SNPP,SNPP,n,2,303.76,4.09,D,0
20.85838,105.2945,367,0.41,0.61,2024-04-27,0528,SNPP,SNPP,h,2,307.86,13.22,D,0
20.81343,104.87303,330.85,0.44,0.62,2024-04-27,0528,SNPP,SNPP,n,2,302.26,3.69,D,0
20.8138,104.87307,330.77,0.44,0.62,2024-04-27,0528,SNPP,SNPP,l,2,301.94,3.54,D,0
21.27148,106.69025,333.88,0.33,0.55,2024-04-27,0528,SNPP,SNPP,n,2,300.5,2.42,D,0
21.60594,106.62576,343.11,0.33,0.55,2024-04-27,0528,SNPP,SNPP,n,2,303.86,3.66,D,0
21.83285,106.7204,331.99,0.32,0.55,2024-04-27,0528,SNPP,SNPP,n,2,301.58,2.29,D,0
21.7488,106.16701,345.35,0.35,0.57,2024-04-27,0528,SNPP,SNPP,n,2,301.04,2.89,D,0
21.74881,106.16724,344.31,0.35,0.57,2024-04-27,0528,SNPP,SNPP,n,2,300.9,3.2,D,0
21.65505,105.43134,331.53,0.39,0.59,2024-04-27,0528,SNPP,SNPP,n,2,305.53,1.91,D,0
20.47912,105.68131,367,0.4,0.6,2024-04-27,0528,SNPP,SNPP,h,2,308.39,7.59,D,0
21.86109,105.77472,333.35,0.37,0.58,2024-04-27,0528,SNPP,SNPP,n,2,301.41,2.39,D,0
21.92358,105.56142,336.59,0.38,0.59,2024-04-27,0528,SNPP,SNPP,n,2,301.1,2.62,D,0
20.15792,105.10383,336.93,0.74,0.76,2024-04-27,0708,SNPP,SNPP,n,2,299.65,7.48,D,0
20.70671,105.28429,335.46,0.77,0.77,2024-04-27,0709,SNPP,SNPP,n,2,299.49,4.61,D,0
21.04564,105.06935,367,0.75,0.77,2024-04-27,0709,SNPP,SNPP,h,2,303.81,18.17,D,0
21.04815,105.06796,367,0.75,0.77,2024-04-27,0709,SNPP,SNPP,h,2,303.95,12.97,D,0
21.84158,105.20457,305.58,0.4,0.6,2024-04-27,1757,SNPP,SNPP,n,2,295.41,0.62,N,0
21.01785,106.5286,317.52,0.32,0.55,2024-04-27,1757,SNPP,SNPP,n,2,298.22,1.52,N,2
21.01918,106.52815,313.99,0.32,0.55,2024-04-27,1757,SNPP,SNPP,n,2,297.8,1.91,N,2
20.45203,105.88442,309.45,0.35,0.56,2024-04-27,1757,SNPP,SNPP,n,2,297.56,0.95,N,0
20.40796,105.89923,313.67,0.34,0.56,2024-04-27,1757,SNPP,SNPP,n,2,298.05,1.16,N,2
20.40271,105.89871,312.01,0.34,0.56,2024-04-27,1757,SNPP,SNPP,n,2,298.09,1.16,N,2
21.52728,106.68764,334.59,0.65,0.73,2024-04-28,0509,SNPP,SNPP,n,2,295.8,6.64,D,0
20.13191,105.43401,331.75,0.39,0.59,2024-04-28,0650,SNPP,SNPP,n,2,299.57,2.68,D,0
20.13228,105.43353,336.58,0.39,0.59,2024-04-28,0650,SNPP,SNPP,n,2,299.65,1.81,D,0
20.24957,105.66381,347.22,0.4,0.6,2024-04-28,0650,SNPP,SNPP,n,2,301.56,5.9,D,0
20.25545,105.66624,332.49,0.4,0.6,2024-04-28,0650,SNPP,SNPP,n,2,300.28,5.9,D,0
20.25515,105.66318,354.83,0.4,0.6,2024-04-28,0650,SNPP,SNPP,n,2,301.61,5.9,D,0
20.25355,105.66582,367,0.4,0.6,2024-04-28,0650,SNPP,SNPP,h,2,301.9,9.69,D,0
20.25326,105.66268,353.71,0.4,0.6,2024-04-28,0650,SNPP,SNPP,n,2,302.39,9.69,D,0
21.49612,105.04159,347.83,0.38,0.59,2024-04-28,0650,SNPP,SNPP,n,2,299.64,4.96,D,0
21.7502,106.30994,367,0.46,0.63,2024-04-28,0650,SNPP,SNPP,h,2,299.11,22.3,D,0
21.74982,106.3055,355.8,0.46,0.63,2024-04-28,0650,SNPP,SNPP,n,2,299.42,16.53,D,0
21.72207,105.6712,338.41,0.42,0.61,2024-04-28,0650,SNPP,SNPP,n,2,296.87,6.14,D,0
21.8067,106.02504,367,0.44,0.62,2024-04-28,0650,SNPP,SNPP,h,2,297.74,9.34,D,0
21.83802,106.11433,351.62,0.45,0.63,2024-04-28,0650,SNPP,SNPP,n,2,298.67,5.89,D,0
21.82981,105.51515,332.3,0.41,0.61,2024-04-28,0650,SNPP,SNPP,n,2,297.2,2.92,D,0
21.85692,105.52619,345.48,0.41,0.61,2024-04-28,0650,SNPP,SNPP,n,2,298.31,5.18,D,0
21.90095,105.57211,351.62,0.41,0.61,2024-04-28,0650,SNPP,SNPP,n,2,296.84,7.95,D,0
21.94041,105.5667,332.45,0.41,0.61,2024-04-28,0650,SNPP,SNPP,n,2,296.07,2.86,D,0
21.92304,105.47036,331.44,0.41,0.6,2024-04-28,0650,SNPP,SNPP,n,2,298.2,2.26,D,0
20.50002,105.44458,367,0.39,0.59,2024-04-28,0650,SNPP,SNPP,h,2,305.75,6.61,D,0
20.50039,105.44848,341.47,0.39,0.59,2024-04-28,0650,SNPP,SNPP,n,2,304.49,6.61,D,0
20.56035,105.25758,332.98,0.38,0.59,2024-04-28,0650,SNPP,SNPP,n,2,304.11,3.06,D,0
20.59913,105.31626,331.62,0.38,0.59,2024-04-28,0650,SNPP,SNPP,n,2,305.16,5.26,D,0
20.59881,105.31296,347.75,0.38,0.59,2024-04-28,0650,SNPP,SNPP,n,2,305.79,4.38,D,0
20.65607,105.22152,340.51,0.38,0.59,2024-04-28,0650,SNPP,SNPP,n,2,305.44,3.41,D,0
20.65702,105.22381,334.5,0.38,0.59,2024-04-28,0650,SNPP,SNPP,l,2,304.88,3.31,D,0
20.66618,104.86765,344.55,0.36,0.57,2024-04-28,0650,SNPP,SNPP,n,2,308.69,9.98,D,0
20.66586,104.86442,342.17,0.36,0.57,2024-04-28,0650,SNPP,SNPP,n,2,307.44,5.45,D,0
20.75852,105.58666,333.48,0.4,0.6,2024-04-28,0650,SNPP,SNPP,n,2,300.22,2.71,D,0
21.02479,104.89707,336.06,0.36,0.58,2024-04-28,0650,SNPP,SNPP,n,2,305.44,2.33,D,0
21.22619,106.76334,341.9,0.48,0.65,2024-04-28,0650,SNPP,SNPP,n,2,297.34,5.15,D,0
21.22738,106.76374,335.34,0.48,0.65,2024-04-28,0650,SNPP,SNPP,n,2,297.15,5.26,D,0
21.30761,106.84358,349.92,0.49,0.65,2024-04-28,0650,SNPP,SNPP,n,2,295.88,5.74,D,0
21.3026,106.84464,367,0.49,0.65,2024-04-28,0650,SNPP,SNPP,h,2,297.47,11.42,D,0
21.43192,106.46161,337.17,0.46,0.47,2024-04-29,0631,SNPP,SNPP,n,2,299.11,4.03,D,0
21.4194,105.82526,331.36,0.42,0.45,2024-04-29,0631,SNPP,SNPP,n,2,299.05,2.82,D,0
21.54041,106.66949,333.54,0.48,0.48,2024-04-29,0631,SNPP,SNPP,n,2,300.36,3.82,D,0
21.53903,106.66672,330.75,0.48,0.48,2024-04-29,0631,SNPP,SNPP,n,2,300.02,4.61,D,0
21.62106,106.79588,334.04,0.49,0.48,2024-04-29,0631,SNPP,SNPP,n,2,298.47,5.64,D,0
21.66291,106.66166,335.95,0.48,0.48,2024-04-29,0631,SNPP,SNPP,n,2,299.54,4.31,D,0
21.61203,106.16296,333,0.44,0.46,2024-04-29,0631,SNPP,SNPP,n,2,296.62,3.39,D,0
21.63584,106.10437,337.12,0.44,0.46,2024-04-29,0631,SNPP,SNPP,n,2,296.75,2.72,D,0
21.74585,106.28423,340.15,0.45,0.47,2024-04-29,0631,SNPP,SNPP,n,2,291.59,8.38,D,0
21.65594,105.32556,340.54,0.4,0.44,2024-04-29,0631,SNPP,SNPP,n,2,290.32,5.1,D,0
21.82222,105.79311,334.08,0.42,0.46,2024-04-29,0631,SNPP,SNPP,n,2,297.39,3.05,D,0
21.94995,106.83662,335.52,0.49,0.49,2024-04-29,0631,SNPP,SNPP,n,2,298.55,4.03,D,0
21.84344,105.8281,331.96,0.43,0.46,2024-04-29,0631,SNPP,SNPP,n,2,298.18,2.61,D,0
20.67155,104.87366,339.41,0.55,0.42,2024-04-29,0631,SNPP,SNPP,n,2,302.42,42.15,D,0
20.62097,105.62536,347.61,0.4,0.44,2024-04-29,0631,SNPP,SNPP,n,2,298.59,5.44,D,0
20.66705,104.86957,333.82,0.55,0.42,2024-04-29,0631,SNPP,SNPP,n,2,301.43,7.9,D,0
20.67093,104.8688,337.78,0.55,0.42,2024-04-29,0631,SNPP,SNPP,n,2,302.87,46.16,D,0
20.67545,104.87305,341.27,0.55,0.42,2024-04-29,0631,SNPP,SNPP,n,2,303.36,42.15,D,0
20.67484,104.86826,345.43,0.55,0.42,2024-04-29,0631,SNPP,SNPP,n,2,313.22,46.16,D,0
20.68142,104.85738,331.44,0.54,0.42,2024-04-29,0631,SNPP,SNPP,n,2,298.81,5.63,D,0
20.96499,104.9967,346.16,0.56,0.43,2024-04-29,0631,SNPP,SNPP,n,2,295.67,17.38,D,0
21.19353,106.55479,331.34,0.46,0.47,2024-04-29,0631,SNPP,SNPP,n,2,299.06,3.35,D,0
21.02834,105.11641,332.97,0.57,0.43,2024-04-29,0631,SNPP,SNPP,n,2,295.03,2.73,D,0
20.11603,105.23399,333.47,0.56,0.43,2024-04-29,0631,SNPP,SNPP,n,2,300.86,5.61,D,0
20.12,105.23338,333.74,0.56,0.43,2024-04-29,0631,SNPP,SNPP,n,2,300.04,5.61,D,0
20.11939,105.03391,347.44,0.55,0.43,2024-04-29,0631,SNPP,SNPP,n,2,305.75,33.83,D,0
20.1188,105.0292,332.2,0.55,0.43,2024-04-29,0631,SNPP,SNPP,n,2,301.8,6.46,D,0
20.13465,105.02823,341.65,0.55,0.43,2024-04-29,0631,SNPP,SNPP,n,2,303.16,5.88,D,0
20.44281,105.08026,332.93,0.56,0.43,2024-04-29,0631,SNPP,SNPP,n,2,297.7,3.56,D,0
21.90714,105.35673,343.35,0.4,0.44,2024-04-29,0631,SNPP,SNPP,n,2,293.52,3.88,D,0
21.0187,106.52753,309.07,0.5,0.49,2024-04-29,1900,SNPP,SNPP,n,2,296.57,2.17,N,2
21.01137,106.54073,309.22,0.5,0.49,2024-04-29,1900,SNPP,SNPP,n,2,295.39,2.36,N,2
20.40475,106.1465,335.5,0.39,0.36,2024-04-30,0612,SNPP,SNPP,l,2,309.23,5.51,D,0
21.01777,106.52949,339.11,0.41,0.37,2024-04-30,0612,SNPP,SNPP,l,2,309.69,2.08,D,2
20.83425,105.03168,336.95,0.38,0.36,2024-04-30,0612,SNPP,SNPP,l,2,308.44,6.02,D,0
21.24671,106.54856,333.24,0.41,0.37,2024-04-30,0612,SNPP,SNPP,n,2,304.19,1.95,D,0
21.48106,106.40808,337.85,0.4,0.37,2024-04-30,0612,SNPP,SNPP,n,2,303.63,3.58,D,0
21.56754,106.4298,340,0.41,0.37,2024-04-30,0612,SNPP,SNPP,n,2,306.1,3.69,D,0
21.64747,106.62623,330.35,0.41,0.37,2024-04-30,0612,SNPP,SNPP,l,2,304.45,2.48,D,0
21.53196,105.74825,335.25,0.39,0.36,2024-04-30,0612,SNPP,SNPP,n,2,304.21,6.65,D,0
21.71841,106.76215,334.18,0.42,0.37,2024-04-30,0612,SNPP,SNPP,l,2,306.23,3.42,D,0
21.61402,106.01844,333.68,0.4,0.37,2024-04-30,0612,SNPP,SNPP,n,2,302.39,1.95,D,0
21.7594,106.65315,334.93,0.41,0.37,2024-04-30,0612,SNPP,SNPP,n,2,305.09,2.61,D,0
21.74733,106.19806,335.12,0.4,0.37,2024-04-30,0612,SNPP,SNPP,n,2,304.36,1.93,D,0
21.78334,106.20803,337.43,0.4,0.37,2024-04-30,0612,SNPP,SNPP,n,2,306.49,43.77,D,0
21.78619,106.20374,345.4,0.4,0.37,2024-04-30,0612,SNPP,SNPP,n,2,305.5,28.51,D,0
21.70867,105.64172,332.05,0.39,0.36,2024-04-30,0612,SNPP,SNPP,l,2,305.3,2.01,D,0
21.69941,105.53156,347.55,0.39,0.36,2024-04-30,0612,SNPP,SNPP,n,2,303.44,5.53,D,0
21.89584,106.51086,339.64,0.41,0.37,2024-04-30,0612,SNPP,SNPP,n,2,307.19,7.64,D,0
21.84908,106.0313,333.41,0.4,0.37,2024-04-30,0612,SNPP,SNPP,n,2,301.78,10.71,D,0
21.81844,105.79382,330.95,0.39,0.36,2024-04-30,0612,SNPP,SNPP,l,2,303.22,1.51,D,0
21.82426,105.05071,334.18,0.39,0.36,2024-04-30,0612,SNPP,SNPP,n,2,303.11,5.66,D,0
21.82371,105.04703,332.64,0.39,0.36,2024-04-30,0612,SNPP,SNPP,n,2,302.84,3.36,D,0
21.92582,105.55467,334.95,0.39,0.36,2024-04-30,0612,SNPP,SNPP,n,2,301.04,3.11,D,0
21.9364,105.5569,341.56,0.39,0.36,2024-04-30,0612,SNPP,SNPP,n,2,302.24,7.59,D,0
21.92976,105.33067,332.73,0.39,0.36,2024-04-30,0612,SNPP,SNPP,l,2,304.76,2.88,D,0
21.93308,105.33012,337.44,0.39,0.36,2024-04-30,0612,SNPP,SNPP,n,2,303.07,2.88,D,0
21.55975,105.8673,314.18,0.4,0.37,2024-04-30,1841,SNPP,SNPP,n,2,287.23,1.32,N,2
21.58623,105.34423,334.1,0.5,0.49,2024-05-04,0637,SNPP,SNPP,n,2,298.4,3.18,D,0
21.01762,106.52864,308.4,0.4,0.44,2024-05-10,1854,SNPP,SNPP,n,2,291.11,1.41,N,2
20.53008,105.86626,307.16,0.38,0.36,2024-05-11,1835,SNPP,SNPP,n,2,293.71,1.03,N,2
20.48042,105.88052,306.06,0.38,0.36,2024-05-11,1835,SNPP,SNPP,n,2,293.15,1.07,N,0
20.45222,105.8868,308.29,0.38,0.36,2024-05-11,1835,SNPP,SNPP,n,2,293.5,1.38,N,0
20.40686,105.89821,311.29,0.38,0.36,2024-05-11,1835,SNPP,SNPP,n,2,293.74,2.36,N,2
20.39967,105.9007,312.74,0.38,0.36,2024-05-11,1835,SNPP,SNPP,n,2,293.91,2.08,N,2
20.33993,105.91267,310.23,0.38,0.36,2024-05-11,1835,SNPP,SNPP,n,2,293.61,1.92,N,2
20.51371,105.57464,342.74,0.41,0.45,2024-05-12,0547,SNPP,SNPP,n,2,295.35,9.88,D,0
20.51784,105.57398,330.66,0.41,0.45,2024-05-12,0547,SNPP,SNPP,n,2,290.98,9.88,D,0
20.52583,105.50282,345.28,0.41,0.45,2024-05-12,0547,SNPP,SNPP,n,2,295.66,23.72,D,0
20.52507,105.49879,340.64,0.41,0.45,2024-05-12,0547,SNPP,SNPP,n,2,290.33,10.06,D,0
20.79542,106.7203,335.33,0.52,0.42,2024-05-12,0547,SNPP,SNPP,n,2,297.44,5.47,D,0
21.4686,105.55406,341.04,0.4,0.44,2024-05-12,0547,SNPP,SNPP,n,2,292.84,8.76,D,0
21.82313,105.30155,342.31,0.4,0.45,2024-05-12,0547,SNPP,SNPP,n,2,291.41,13.76,D,0
21.56043,105.86985,303.07,0.36,0.57,2024-05-13,1757,SNPP,SNPP,n,2,287.64,0.61,N,2
20.5288,105.86611,305.83,0.35,0.57,2024-05-13,1757,SNPP,SNPP,n,2,285.3,0.89,N,2
20.45239,105.88473,302.78,0.35,0.57,2024-05-13,1757,SNPP,SNPP,n,2,287.77,0.64,N,0
20.45235,105.88638,305.36,0.35,0.57,2024-05-13,1757,SNPP,SNPP,n,2,288.18,0.44,N,0
20.42435,105.89996,303,0.35,0.56,2024-05-13,1757,SNPP,SNPP,n,2,288.44,0.69,N,0
20.40863,105.89787,302.52,0.35,0.56,2024-05-13,1757,SNPP,SNPP,n,2,288.14,0.81,N,2
20.40829,105.90114,302.62,0.35,0.56,2024-05-13,1757,SNPP,SNPP,n,2,288.14,0.7,N,2
20.40304,105.9006,306.21,0.35,0.56,2024-05-13,1757,SNPP,SNPP,n,2,288.9,1.47,N,2
20.18416,105.56696,329.45,0.39,0.59,2024-05-14,0649,SNPP,SNPP,n,2,289.3,2.8,D,0
21.59569,106.08216,334.83,0.44,0.62,2024-05-14,0650,SNPP,SNPP,n,2,287.7,3.7,D,0
21.59519,106.08189,334.48,0.44,0.62,2024-05-14,0650,SNPP,SNPP,n,2,287.52,4.27,D,0
21.75478,105.83913,331.35,0.43,0.62,2024-05-14,0650,SNPP,SNPP,n,2,287.8,11.97,D,0
21.75446,105.83565,357.13,0.43,0.62,2024-05-14,0650,SNPP,SNPP,l,2,288.5,11.78,D,0
21.75571,105.83851,344.83,0.43,0.62,2024-05-14,0650,SNPP,SNPP,n,2,287.71,13.01,D,0
21.75541,105.83498,357.1,0.43,0.62,2024-05-14,0650,SNPP,SNPP,l,2,289.05,11.46,D,0
21.01432,106.53358,302.16,0.65,0.73,2024-05-14,1738,SNPP,SNPP,n,2,286.17,2.2,N,0
21.01285,106.53814,302.91,0.65,0.73,2024-05-14,1738,SNPP,SNPP,n,2,286.18,2.22,N,2
21.23306,106.55568,342.05,0.41,0.37,2024-05-16,0612,SNPP,SNPP,n,2,293.55,4.94,D,0
20.3409,105.91052,304.32,0.41,0.37,2024-05-16,1841,SNPP,SNPP,n,2,290.03,0.82,N,2
21.03054,106.83509,334.31,0.44,0.38,2024-05-17,0553,SNPP,SNPP,n,2,296.93,2.65,D,0
20.1147,105.82684,334.02,0.42,0.38,2024-05-21,0618,SNPP,SNPP,n,2,298.01,3.99,D,0
20.11833,105.35546,339.91,0.41,0.37,2024-05-21,0618,SNPP,SNPP,n,2,296.42,3.24,D,0
20.34043,105.92594,330.26,0.43,0.38,2024-05-21,0618,SNPP,SNPP,l,2,301.36,4.99,D,0
20.46066,105.68328,341.17,0.42,0.38,2024-05-21,0618,SNPP,SNPP,n,2,295.92,8.35,D,0
21.01895,106.52974,332.21,0.46,0.39,2024-05-21,0618,SNPP,SNPP,n,2,297.86,2.93,D,2
21.24239,106.14035,333.3,0.44,0.39,2024-05-21,0618,SNPP,SNPP,n,2,302.13,9.28,D,0
21.01797,106.52908,311.39,0.49,0.4,2024-05-21,1847,SNPP,SNPP,n,2,290.25,2.61,N,2
21.77492,106.30231,332.01,0.4,0.37,2024-05-22,0559,SNPP,SNPP,n,2,283.07,3.31,D,0
21.77044,106.65261,329.71,0.42,0.45,2024-05-23,0540,SNPP,SNPP,n,2,288.92,1.65,D,0
21.79317,105.86546,340.83,0.47,0.48,2024-05-23,0540,SNPP,SNPP,n,2,289.55,6.82,D,0
21.52325,106.82111,333.93,0.41,0.61,2024-05-24,0522,SNPP,SNPP,n,2,288.48,5.47,D,0
20.49819,105.70589,338.15,0.64,0.72,2024-05-24,0702,SNPP,SNPP,n,2,282.63,8.46,D,0
20.49771,105.69982,342.48,0.64,0.72,2024-05-24,0702,SNPP,SNPP,n,2,280.95,8.46,D,0
21.01944,106.53004,307.49,0.39,0.44,2024-05-26,1853,SNPP,SNPP,n,2,276.94,1.38,N,2
20.64889,106.44203,340.2,0.38,0.36,2024-05-27,0605,SNPP,SNPP,n,2,299.85,3.45,D,0
20.982,106.67495,331.6,0.38,0.36,2024-05-27,0605,SNPP,SNPP,n,2,296.48,1.85,D,0
20.95745,106.44512,337.08,0.38,0.36,2024-05-27,0605,SNPP,SNPP,n,2,296.53,2.97,D,0
21.0177,106.52914,342.57,0.38,0.36,2024-05-27,0605,SNPP,SNPP,n,2,301.38,9.37,D,2
21.33148,105.83773,330.22,0.39,0.36,2024-05-27,0605,SNPP,SNPP,l,2,302.27,9.3,D,0
21.33091,105.83402,330.6,0.39,0.36,2024-05-27,0605,SNPP,SNPP,l,2,303.39,3.93,D,0
20.81724,106.7845,330.26,0.52,0.42,2024-05-28,0546,SNPP,SNPP,n,2,293.15,3.89,D,0
21.38471,105.73976,335.09,0.38,0.59,2024-05-29,0528,SNPP,SNPP,n,2,288.54,2.93,D,0
20.30624,105.54596,333,0.78,0.78,2024-05-29,0708,SNPP,SNPP,n,2,275.46,7.03,D,0
20.86553,105.41324,327.12,0.78,0.78,2024-05-29,0708,SNPP,SNPP,n,2,284.16,10.45,D,0
20.87286,105.41335,332.85,0.78,0.78,2024-05-29,0708,SNPP,SNPP,n,2,283.66,10.45,D,0
20.45338,105.8921,299.05,0.35,0.57,2024-05-29,1757,SNPP,SNPP,n,2,278.69,0.39,N,0
20.42578,105.90717,302.09,0.35,0.57,2024-05-29,1757,SNPP,SNPP,n,2,282.04,0.94,N,0
20.17978,106.06211,332.25,0.39,0.36,2024-06-12,0605,SNPP,SNPP,l,2,298.97,4.03,D,0
20.15791,105.92153,335.47,0.39,0.36,2024-06-12,0605,SNPP,SNPP,l,2,299.09,5.82,D,0
20.50346,105.44914,346.24,0.39,0.37,2024-06-12,0605,SNPP,SNPP,n,2,295.66,9.82,D,0
20.88509,106.35759,332.66,0.38,0.36,2024-06-12,0605,SNPP,SNPP,n,2,297.73,5.48,D,0
21.01952,106.53038,336.82,0.38,0.36,2024-06-12,0605,SNPP,SNPP,n,2,296.73,3.9,D,2
21.02033,105.61483,332.12,0.39,0.36,2024-06-12,0605,SNPP,SNPP,l,2,300.05,7.86,D,0
21.02425,105.61797,331,0.39,0.36,2024-06-12,0605,SNPP,SNPP,l,2,298.97,6.67,D,0
20.40806,105.90134,330.48,0.4,0.44,2024-06-13,0546,SNPP,SNPP,n,2,295.75,2.96,D,2
20.44081,105.71315,335.92,0.41,0.45,2024-06-13,0546,SNPP,SNPP,n,2,293.02,3.43,D,0
20.92864,106.22512,330.52,0.57,0.43,2024-06-13,0546,SNPP,SNPP,n,2,297.01,6.53,D,0
20.95162,105.37588,330.52,0.42,0.45,2024-06-13,0546,SNPP,SNPP,n,2,286.78,3.53,D,0
20.95217,105.37325,342.46,0.42,0.45,2024-06-13,0546,SNPP,SNPP,n,2,287.25,8.72,D,0
21.01803,106.53027,315,0.51,0.41,2024-06-13,1815,SNPP,SNPP,n,2,276.45,2.24,N,2
21.01867,106.52843,313.94,0.51,0.41,2024-06-13,1815,SNPP,SNPP,n,2,276.1,2.77,N,2
20.14205,105.04718,339.55,0.53,0.42,2024-06-16,0630,SNPP,SNPP,n,2,287.13,20.62,D,0
20.78609,106.61835,337.11,0.45,0.47,2024-06-16,0630,SNPP,SNPP,n,2,294.31,5.02,D,0
20.78556,106.614,341.85,0.45,0.47,2024-06-16,0630,SNPP,SNPP,n,2,293.66,5.02,D,0
20.78718,106.6144,341.69,0.45,0.47,2024-06-16,0630,SNPP,SNPP,n,2,293.47,10.69,D,0
21.20488,106.18862,334.79,0.43,0.46,2024-06-16,0630,SNPP,SNPP,n,2,290.15,32.73,D,0
21.20441,106.18456,351.55,0.43,0.46,2024-06-16,0630,SNPP,SNPP,n,2,294.99,32.73,D,0
20.42789,104.92829,332.57,0.38,0.36,2024-06-17,0611,SNPP,SNPP,n,2,292.82,2.35,D,0
21.01858,106.53214,307.77,0.43,0.38,2024-06-18,1821,SNPP,SNPP,n,2,291.39,5,N,2
21.01567,106.5274,309.49,0.43,0.38,2024-06-18,1821,SNPP,SNPP,n,2,291.12,3.19,N,2
21.01917,106.52797,330.12,0.43,0.38,2024-06-18,1821,SNPP,SNPP,n,2,291.76,3.19,N,2
21.0139,106.5399,310.05,0.43,0.38,2024-06-18,1821,SNPP,SNPP,n,2,291.54,3.17,N,2
20.4057,105.89742,310.8,0.45,0.39,2024-06-18,1821,SNPP,SNPP,n,2,291.68,4.47,N,2
20.40153,105.90115,312.12,0.45,0.39,2024-06-18,1821,SNPP,SNPP,n,2,292.36,2.28,N,2
20.39794,105.9006,309.16,0.45,0.39,2024-06-18,1821,SNPP,SNPP,n,2,291.72,2.28,N,2
20.13102,105.96952,307.9,0.45,0.39,2024-06-18,1821,SNPP,SNPP,n,2,289.44,3.24,N,0
20.807,104.96699,336.85,0.36,0.57,2024-06-19,0533,SNPP,SNPP,n,2,290.02,3.81,D,0
20.80615,104.96565,344.7,0.36,0.57,2024-06-19,0533,SNPP,SNPP,n,2,290.16,3.21,D,0
20.40463,105.89735,298.45,0.57,0.69,2024-06-20,1744,SNPP,SNPP,n,2,270.04,0.71,N,2
21.01797,106.53025,298.53,0.6,0.53,2024-06-21,1905,SNPP,SNPP,n,2,272.61,1.29,N,2
21.21245,105.93557,312.82,0.45,0.39,2024-06-22,1846,SNPP,SNPP,n,2,285.58,1.89,N,0
20.39869,105.9009,302.03,0.45,0.63,2024-06-25,1750,SNPP,SNPP,n,2,284.92,1.46,N,2
21.01787,106.52918,296.77,0.39,0.44,2024-06-27,1853,SNPP,SNPP,n,2,271.06,0.73,N,2
20.34163,105.91412,301.74,0.38,0.36,2024-06-28,1834,SNPP,SNPP,n,2,281.49,0.64,N,0
20.40314,105.90178,297.25,0.54,0.42,2024-06-29,1815,SNPP,SNPP,n,2,268.7,2.86,N,2
20.39924,105.90124,297.52,0.54,0.42,2024-06-29,1815,SNPP,SNPP,n,2,267.15,2.74,N,2
20.98958,105.89849,301.82,0.4,0.37,2024-07-03,1840,SNPP,SNPP,n,2,281.97,0.61,N,2
20.40786,105.89963,305.3,0.4,0.37,2024-07-03,1840,SNPP,SNPP,n,2,278.5,1.42,N,2
20.40448,105.89897,299.74,0.4,0.37,2024-07-03,1840,SNPP,SNPP,n,2,277.35,0.89,N,2
21.01473,106.53778,309.67,0.43,0.38,2024-07-04,1821,SNPP,SNPP,n,2,289.46,1.57,N,2
20.5302,105.86558,306.92,0.45,0.39,2024-07-04,1822,SNPP,SNPP,n,2,291.22,2.79,N,2
20.4031,105.90061,304.08,0.45,0.39,2024-07-04,1822,SNPP,SNPP,n,2,282.88,1.56,N,2
21.84166,105.20567,304.92,0.32,0.55,2024-07-05,1802,SNPP,SNPP,n,2,288.85,1.34,N,0
21.01831,106.52683,307.44,0.52,0.5,2024-07-05,1803,SNPP,SNPP,n,2,291.33,3.1,N,2
21.01776,106.53187,307.01,0.52,0.5,2024-07-05,1803,SNPP,SNPP,n,2,291.09,3.35,N,2
21.0126,106.53629,305.78,0.52,0.5,2024-07-05,1803,SNPP,SNPP,n,2,291.07,3.55,N,2
20.99046,105.89649,306.55,0.57,0.52,2024-07-05,1803,SNPP,SNPP,n,2,290.16,3.28,N,2
20.52931,105.86598,306.06,0.56,0.52,2024-07-05,1803,SNPP,SNPP,n,2,290.29,3.07,N,2
20.52941,105.86478,305.45,0.56,0.52,2024-07-05,1803,SNPP,SNPP,n,2,290.12,2.48,N,2
20.40482,105.89769,310.56,0.56,0.51,2024-07-05,1803,SNPP,SNPP,n,2,289.93,4.07,N,2
21.8527,104.96175,295.91,0.67,0.74,2024-07-06,1744,SNPP,SNPP,n,2,285.89,2.36,N,3
21.85222,104.96848,296.5,0.67,0.74,2024-07-06,1744,SNPP,SNPP,n,2,286.21,2.36,N,3
21.84534,104.96784,296.47,0.67,0.74,2024-07-06,1744,SNPP,SNPP,n,2,286.06,2.36,N,3
21.21285,105.93414,306.95,0.57,0.69,2024-07-06,1744,SNPP,SNPP,n,2,288.31,2.9,N,0
21.21262,105.93323,308.28,0.57,0.69,2024-07-06,1744,SNPP,SNPP,n,2,288.75,2.94,N,0
20.40563,105.89714,309.09,0.57,0.69,2024-07-06,1744,SNPP,SNPP,n,2,288.4,2.55,N,2
20.40471,105.89596,307.79,0.57,0.69,2024-07-06,1744,SNPP,SNPP,n,2,288.45,3.23,N,2
20.40065,105.89968,303.84,0.57,0.69,2024-07-06,1924,SNPP,SNPP,n,2,288.52,3.07,N,2
20.88589,105.44265,340.8,0.48,0.48,2024-07-07,0636,SNPP,SNPP,n,2,294.68,11.9,D,0
20.88535,105.43788,348.51,0.48,0.48,2024-07-07,0636,SNPP,SNPP,n,2,294.73,11.9,D,0
21.56107,105.8648,304.4,0.54,0.51,2024-07-07,1905,SNPP,SNPP,n,2,290.25,2.34,N,0
21.55999,105.86999,309.02,0.54,0.51,2024-07-07,1905,SNPP,SNPP,n,2,290.77,2.34,N,2
21.55831,105.86826,315.57,0.54,0.51,2024-07-07,1905,SNPP,SNPP,n,2,290.52,4.11,N,2
21.21493,105.93358,310.8,0.56,0.51,2024-07-07,1905,SNPP,SNPP,n,2,290.76,2.94,N,0
21.21295,105.93596,310.98,0.56,0.51,2024-07-07,1905,SNPP,SNPP,n,2,290.52,3.32,N,0
21.19679,105.76066,330.34,0.43,0.38,2024-07-08,0618,SNPP,SNPP,n,2,299.97,6.39,D,0
21.33095,105.35138,332.34,0.41,0.37,2024-07-08,0618,SNPP,SNPP,n,2,301.23,5.46,D,0
21.82607,106.11365,333.84,0.45,0.39,2024-07-08,0618,SNPP,SNPP,n,2,295.65,4.94,D,0
21.21157,105.93542,310.51,0.45,0.39,2024-07-08,1847,SNPP,SNPP,n,2,292.49,0.94,N,0
21.0201,106.52829,302.91,0.48,0.4,2024-07-08,1847,SNPP,SNPP,n,2,291.2,2.12,N,2
20.53074,105.86443,306.37,0.46,0.39,2024-07-08,1847,SNPP,SNPP,n,2,292.56,2.28,N,2
20.52937,105.86552,306.61,0.46,0.39,2024-07-08,1847,SNPP,SNPP,n,2,292.48,2.09,N,2
20.39953,105.90047,308.82,0.46,0.39,2024-07-08,1847,SNPP,SNPP,n,2,292.72,2.3,N,2
20.34182,105.91179,308.56,0.46,0.39,2024-07-08,1847,SNPP,SNPP,n,2,292.95,0.83,N,2
21.01514,106.53238,303.17,0.32,0.55,2024-07-16,1757,SNPP,SNPP,n,2,283.16,1.62,N,2
21.17267,105.9624,342.45,0.39,0.36,2024-07-19,0612,SNPP,SNPP,n,2,285.5,2.29,D,0
21.21331,105.93736,309.32,0.4,0.37,2024-07-19,1841,SNPP,SNPP,n,2,285.18,0.93,N,0
21.21185,105.93708,316.11,0.45,0.39,2024-07-20,1822,SNPP,SNPP,n,2,289.59,2.44,N,0
21.02001,106.52882,319.85,0.43,0.38,2024-07-20,1822,SNPP,SNPP,n,2,294.92,2.69,N,2
21.01653,106.52825,321.22,0.43,0.38,2024-07-20,1822,SNPP,SNPP,n,2,294.53,2.69,N,2
20.40375,105.90051,312.29,0.45,0.39,2024-07-20,1822,SNPP,SNPP,n,2,292.66,1.89,N,2
20.40019,105.89996,313.55,0.45,0.39,2024-07-20,1822,SNPP,SNPP,n,2,292.61,1.89,N,2
20.99054,105.89661,306.19,0.45,0.47,2024-08-03,1900,SNPP,SNPP,n,2,289.1,0.95,N,2
20.39905,105.90025,309.35,0.47,0.47,2024-08-03,1900,SNPP,SNPP,n,2,288.75,1.67,N,2
20.26832,106.3457,333.05,0.4,0.37,2024-08-04,0611,SNPP,SNPP,n,2,299.49,2.15,D,0
20.38914,106.53386,330.45,0.4,0.37,2024-08-04,0612,SNPP,SNPP,l,2,300.63,5.28,D,0
20.35498,106.1039,332.76,0.39,0.36,2024-08-04,0612,SNPP,SNPP,n,2,302.68,1.88,D,0
20.40569,106.14574,337.13,0.39,0.36,2024-08-04,0612,SNPP,SNPP,n,2,300.44,7.15,D,0
20.44081,106.30655,331.91,0.4,0.37,2024-08-04,0612,SNPP,SNPP,l,2,302.82,5.06,D,0
20.44418,106.306,331.89,0.4,0.37,2024-08-04,0612,SNPP,SNPP,l,2,301.96,3.2,D,0
20.42086,106.14318,331,0.39,0.36,2024-08-04,0612,SNPP,SNPP,l,2,301.83,6.32,D,0
20.54391,106.5446,331.83,0.4,0.37,2024-08-04,0612,SNPP,SNPP,n,2,299.63,2.93,D,0
20.52087,105.89968,331.61,0.39,0.36,2024-08-04,0612,SNPP,SNPP,l,2,302.03,4.77,D,0
20.65041,105.92814,331.94,0.39,0.36,2024-08-04,0612,SNPP,SNPP,l,2,301.95,4.57,D,0
20.86125,106.5731,332.41,0.41,0.37,2024-08-04,0612,SNPP,SNPP,l,2,303.1,6.11,D,0
20.8641,106.56867,332.37,0.41,0.37,2024-08-04,0612,SNPP,SNPP,l,2,303.39,7.89,D,0
20.89342,106.06614,331.96,0.39,0.37,2024-08-04,0612,SNPP,SNPP,n,2,299.41,3.61,D,0
20.92813,106.25925,332,0.4,0.37,2024-08-04,0612,SNPP,SNPP,l,2,302.88,7.03,D,0
20.93598,106.26581,330.58,0.4,0.37,2024-08-04,0612,SNPP,SNPP,n,2,300.54,4.76,D,0
20.93343,106.17633,331.58,0.4,0.37,2024-08-04,0612,SNPP,SNPP,n,2,300.91,5.03,D,0
20.93288,106.17252,331.48,0.4,0.37,2024-08-04,0612,SNPP,SNPP,l,2,301.73,5.67,D,0
20.97841,106.39265,332.48,0.4,0.37,2024-08-04,0612,SNPP,SNPP,n,2,301.48,1.97,D,0
20.98179,106.39211,333.42,0.4,0.37,2024-08-04,0612,SNPP,SNPP,n,2,301.66,1.97,D,0
21.04516,106.06055,331.19,0.4,0.37,2024-08-04,0612,SNPP,SNPP,n,2,300.84,2.16,D,0
21.04461,106.05676,332.53,0.4,0.37,2024-08-04,0612,SNPP,SNPP,n,2,300.59,2.16,D,0
21.05718,106.10917,335.19,0.4,0.37,2024-08-04,0612,SNPP,SNPP,n,2,302.3,6.24,D,0
21.06,106.10481,335.67,0.4,0.37,2024-08-04,0612,SNPP,SNPP,n,2,301.54,3.95,D,0
21.12801,106.21885,331.06,0.4,0.37,2024-08-04,0612,SNPP,SNPP,n,2,301.06,2.58,D,0
21.09676,106.00159,337.77,0.39,0.37,2024-08-04,0612,SNPP,SNPP,n,2,301.07,3.75,D,0
21.10066,106.00482,335.35,0.39,0.37,2024-08-04,0612,SNPP,SNPP,n,2,300.37,3.75,D,0
21.15494,106.23804,331.67,0.4,0.37,2024-08-04,0612,SNPP,SNPP,n,2,300.8,2.41,D,0
21.248,106.18351,335.55,0.4,0.37,2024-08-04,0612,SNPP,SNPP,n,2,302.69,7.32,D,0
21.31948,106.02386,330.27,0.4,0.37,2024-08-04,0612,SNPP,SNPP,n,2,300.17,3.45,D,0
21.01507,106.54111,311.64,0.42,0.38,2024-08-04,1841,SNPP,SNPP,n,2,293.14,3.89,N,2
20.40464,105.90073,303.71,0.41,0.37,2024-08-04,1841,SNPP,SNPP,n,2,292.18,1.22,N,2
20.21605,105.9694,337.21,0.48,0.4,2024-08-05,0553,SNPP,SNPP,n,2,299.41,5.05,D,0
20.41946,106.16611,332.32,0.47,0.4,2024-08-05,0553,SNPP,SNPP,l,2,299.15,9.84,D,0
20.93512,105.77319,330.53,0.48,0.4,2024-08-05,0553,SNPP,SNPP,n,2,297.61,2.76,D,0
20.93431,105.76857,331.05,0.48,0.4,2024-08-05,0553,SNPP,SNPP,n,2,298.49,2.76,D,0
20.97737,105.55676,334.13,0.49,0.41,2024-08-05,0553,SNPP,SNPP,n,2,296.94,5.4,D,0
21.21154,105.93635,322.42,0.45,0.39,2024-08-05,1822,SNPP,SNPP,n,2,292.35,1.82,N,0
21.01382,106.54044,308.02,0.42,0.38,2024-08-05,1822,SNPP,SNPP,n,2,294.99,1.2,N,2
20.76937,106.59055,310.03,0.42,0.38,2024-08-05,1822,SNPP,SNPP,n,2,293.27,0.68,N,0
20.5307,105.86566,309.23,0.45,0.39,2024-08-05,1822,SNPP,SNPP,n,2,293.06,2.61,N,2
20.40346,105.89938,314.07,0.44,0.39,2024-08-05,1822,SNPP,SNPP,n,2,293.37,3.25,N,2
20.39933,105.90302,313.53,0.44,0.39,2024-08-05,1822,SNPP,SNPP,n,2,293.35,3.16,N,0
21.2077,106.47902,308.25,0.51,0.5,2024-08-06,1803,SNPP,SNPP,n,2,289.04,2.9,N,0
21.20309,106.47863,312.01,0.51,0.5,2024-08-06,1803,SNPP,SNPP,n,2,289.45,3.83,N,0
21.21353,105.93329,305.75,0.56,0.51,2024-08-06,1803,SNPP,SNPP,n,2,288.97,1.04,N,0
21.21293,105.93869,306.56,0.55,0.51,2024-08-06,1803,SNPP,SNPP,n,2,289.02,1.04,N,0
21.0167,106.52928,312.31,0.51,0.49,2024-08-06,1803,SNPP,SNPP,n,2,278.79,2.44,N,2
20.52938,105.8645,306.49,0.55,0.51,2024-08-06,1803,SNPP,SNPP,n,2,288.13,2.35,N,2
20.40005,105.90054,306.76,0.55,0.51,2024-08-06,1803,SNPP,SNPP,n,2,286.37,2.69,N,2
20.40332,105.89959,304.94,0.55,0.51,2024-08-06,1803,SNPP,SNPP,n,2,286.81,2.87,N,2
21.79166,106.01054,345.94,0.56,0.69,2024-08-07,0516,SNPP,SNPP,n,2,289,8.83,D,0
21.7925,106.00636,348.26,0.56,0.69,2024-08-07,0516,SNPP,SNPP,n,2,289.19,6.38,D,0
21.92854,105.78017,334.01,0.57,0.69,2024-08-07,0516,SNPP,SNPP,n,2,287.09,3.87,D,0
20.14685,105.43513,349.56,0.49,0.65,2024-08-07,0656,SNPP,SNPP,n,2,289.57,6.33,D,0
21.73368,105.94907,333.85,0.55,0.68,2024-08-07,0656,SNPP,SNPP,n,2,290.65,2.81,D,0
21.01262,106.53638,305.16,0.51,0.66,2024-08-07,1744,SNPP,SNPP,n,2,289.02,3,N,2
21.01367,106.53476,308.26,0.51,0.66,2024-08-07,1744,SNPP,SNPP,n,2,289.1,3.58,N,0
20.53048,105.86582,306.51,0.56,0.69,2024-08-07,1744,SNPP,SNPP,n,2,287.59,2.02,N,2
20.40533,105.89724,305.55,0.55,0.68,2024-08-07,1744,SNPP,SNPP,n,2,287.75,1.93,N,2
21.01815,106.52687,305.57,0.62,0.71,2024-08-07,1925,SNPP,SNPP,n,2,287.17,2.5,N,2
21.54754,105.34338,330.84,0.49,0.49,2024-08-08,0637,SNPP,SNPP,n,2,293.82,2.36,D,0
21.78138,104.93666,340.52,0.47,0.48,2024-08-08,0637,SNPP,SNPP,n,2,293.35,5.44,D,0
21.0145,106.53855,311.88,0.63,0.54,2024-08-08,1906,SNPP,SNPP,n,2,289.43,4.06,N,2
20.40231,105.90159,307.97,0.59,0.53,2024-08-08,1906,SNPP,SNPP,n,2,290.75,1.36,N,2
20.39938,105.89999,308.41,0.59,0.53,2024-08-08,1906,SNPP,SNPP,n,2,290.93,0.91,N,2
20.58706,105.73946,329.89,0.43,0.38,2024-08-09,0618,SNPP,SNPP,n,2,265.99,3.04,D,0
20.78006,105.17831,337.89,0.41,0.37,2024-08-09,0618,SNPP,SNPP,n,2,269.21,6.88,D,0
21.56081,105.86906,322.69,0.45,0.39,2024-08-09,1847,SNPP,SNPP,n,2,292.65,3,N,2
21.25483,106.60024,320.5,0.49,0.4,2024-08-09,1847,SNPP,SNPP,n,2,290.19,5.04,N,0
21.212,105.93494,315.18,0.46,0.39,2024-08-09,1847,SNPP,SNPP,n,2,292.04,1.47,N,0
21.01879,106.53217,320.49,0.49,0.4,2024-08-09,1847,SNPP,SNPP,n,2,288.44,3.84,N,2
20.40406,105.89908,311.03,0.47,0.4,2024-08-09,1847,SNPP,SNPP,n,2,294.57,4.83,N,2
20.39967,105.90283,312.29,0.47,0.4,2024-08-09,1847,SNPP,SNPP,n,2,294.65,5.26,N,2
21.12855,105.42476,331.08,0.43,0.38,2024-08-10,0559,SNPP,SNPP,l,2,297.28,4.15,D,0
21.25526,105.48947,330.23,0.42,0.38,2024-08-10,0559,SNPP,SNPP,l,2,299.96,5.18,D,0
21.24914,106.17954,333.76,0.55,0.43,2024-08-16,0547,SNPP,SNPP,n,2,292.74,6.52,D,0
21.24633,106.14185,329.29,0.55,0.43,2024-08-16,0547,SNPP,SNPP,n,2,295.59,10.43,D,0
21.3433,105.34922,328.82,0.41,0.45,2024-08-16,0547,SNPP,SNPP,n,2,294.21,2.43,D,0
21.21353,105.93745,305.44,0.53,0.42,2024-08-16,1816,SNPP,SNPP,n,2,284.06,1.06,N,0
21.13371,105.8737,304.8,0.35,0.57,2024-08-17,1757,SNPP,SNPP,n,2,280.42,1.52,N,0
21.70468,105.45635,331.08,0.4,0.6,2024-08-18,0650,SNPP,SNPP,n,2,288.11,2.68,D,0
21.93192,105.75333,343.35,0.42,0.46,2024-08-19,0631,SNPP,SNPP,n,2,290.41,5.01,D,0
20.40361,106.14864,332.48,0.39,0.37,2024-08-20,0612,SNPP,SNPP,n,2,297.81,2.23,D,0
20.40306,106.14487,330.11,0.39,0.37,2024-08-20,0612,SNPP,SNPP,n,2,297.79,2.23,D,0
20.40696,106.1481,332.97,0.39,0.37,2024-08-20,0612,SNPP,SNPP,n,2,297.28,4.33,D,0
20.86168,106.57273,331.02,0.41,0.37,2024-08-20,0612,SNPP,SNPP,n,2,297.9,6.28,D,0
21.63893,104.89857,336.81,0.38,0.36,2024-08-20,0612,SNPP,SNPP,n,2,286.51,2.97,D,0
20.41822,106.16302,334.19,0.41,0.37,2024-08-26,0559,SNPP,SNPP,l,2,297.79,8.99,D,0
21.05538,105.84104,334.93,0.41,0.37,2024-08-26,0559,SNPP,SNPP,l,2,299.69,8.41,D,0
21.21324,105.93421,307.76,0.4,0.37,2024-08-26,1828,SNPP,SNPP,n,2,291.71,1.16,N,0
21.21267,105.93804,311.42,0.4,0.37,2024-08-26,1828,SNPP,SNPP,n,2,291.61,1.16,N,0
20.53207,105.8673,308.24,0.4,0.37,2024-08-26,1828,SNPP,SNPP,n,2,292.34,2.1,N,2
20.48161,105.88216,307.58,0.4,0.37,2024-08-26,1828,SNPP,SNPP,n,2,292.16,1.92,N,0
20.4536,105.88522,308.12,0.4,0.37,2024-08-26,1828,SNPP,SNPP,n,2,292.76,0.83,N,0
20.40823,105.90152,310.41,0.4,0.37,2024-08-26,1828,SNPP,SNPP,n,2,292.39,2.08,N,2
20.40487,105.90096,310.76,0.4,0.37,2024-08-26,1828,SNPP,SNPP,n,2,293.06,1.5,N,2
20.40151,105.90041,312.63,0.4,0.37,2024-08-26,1828,SNPP,SNPP,n,2,292.19,1.5,N,2
20.34833,105.9108,308.72,0.4,0.37,2024-08-26,1828,SNPP,SNPP,n,2,289.41,2.31,N,2
21.01987,106.53071,310.97,0.4,0.45,2024-08-27,1809,SNPP,SNPP,n,2,292.78,1.14,N,2
21.01575,106.53014,330.48,0.4,0.45,2024-08-27,1809,SNPP,SNPP,n,2,293.11,3.07,N,2
20.40827,105.9008,308.94,0.43,0.46,2024-08-27,1810,SNPP,SNPP,n,2,292.89,1.08,N,2
20.40402,105.90027,311.87,0.43,0.46,2024-08-27,1810,SNPP,SNPP,n,2,292.96,1.08,N,2
21.12841,106.77112,327.84,0.42,0.61,2024-08-28,0522,SNPP,SNPP,n,2,289.12,1.74,D,0
21.30784,106.53086,339.29,0.74,0.76,2024-08-28,0702,SNPP,SNPP,n,2,288.27,6.39,D,0
21.30371,106.52975,332.97,0.74,0.76,2024-08-28,0702,SNPP,SNPP,n,2,288.39,10.13,D,0
21.21251,105.93413,315.17,0.44,0.63,2024-08-28,1751,SNPP,SNPP,n,2,289.61,3.26,N,0
21.21285,105.93639,317.39,0.44,0.63,2024-08-28,1751,SNPP,SNPP,n,2,289.92,4.55,N,0
21.00901,106.53905,307.48,0.4,0.6,2024-08-28,1751,SNPP,SNPP,n,2,288.27,2.56,N,0
20.52871,105.86596,307.71,0.44,0.62,2024-08-28,1751,SNPP,SNPP,n,2,288.99,0.73,N,0
20.40299,105.89834,306.43,0.44,0.62,2024-08-28,1751,SNPP,SNPP,n,2,290.79,1.66,N,2
21.01948,106.53123,336.09,0.56,0.43,2024-08-30,0624,SNPP,SNPP,n,2,295.48,9.79,D,2
21.21424,105.9375,314.22,0.55,0.43,2024-08-30,1853,SNPP,SNPP,n,2,290.04,4.33,N,0
21.0195,106.53113,323.79,0.4,0.44,2024-08-30,1853,SNPP,SNPP,n,2,292.52,1.1,N,2
21.00927,106.5408,314.3,0.4,0.44,2024-08-30,1853,SNPP,SNPP,n,2,291.42,1.8,N,2
20.39953,105.90033,308.88,0.56,0.43,2024-08-30,1854,SNPP,SNPP,n,2,291.37,2.6,N,2
20.89939,105.85761,332.6,0.39,0.36,2024-08-31,0605,SNPP,SNPP,n,2,298.78,4.27,D,0
20.25366,106.03986,334.76,0.39,0.36,2024-08-31,0605,SNPP,SNPP,n,2,295.05,2.77,D,0
20.51717,105.90257,330.08,0.39,0.36,2024-08-31,0605,SNPP,SNPP,n,2,297.74,5.08,D,0
20.90384,105.86442,336.93,0.39,0.36,2024-08-31,0605,SNPP,SNPP,n,2,297.65,2.35,D,0
21.05351,106.51094,330.83,0.38,0.36,2024-08-31,0605,SNPP,SNPP,n,2,296.16,3.19,D,0
20.99306,105.98116,330.59,0.39,0.36,2024-08-31,0605,SNPP,SNPP,n,2,300.27,3.69,D,0
20.99249,105.97748,335.61,0.39,0.36,2024-08-31,0605,SNPP,SNPP,n,2,301.46,3.69,D,0
20.40635,105.89983,311.86,0.38,0.36,2024-08-31,1835,SNPP,SNPP,n,2,289.79,1.73,N,2
20.40304,105.89925,311.17,0.38,0.36,2024-08-31,1835,SNPP,SNPP,n,2,289.31,1.73,N,2
20.39915,105.90232,313.33,0.38,0.36,2024-08-31,1835,SNPP,SNPP,n,2,288.6,2.86,N,2
21.01946,106.53188,307.97,0.5,0.41,2024-09-01,1816,SNPP,SNPP,n,2,293.27,1.52,N,2
21.01571,106.53131,321.85,0.5,0.41,2024-09-01,1816,SNPP,SNPP,n,2,293.02,1.52,N,2
20.96321,106.75464,307.1,0.48,0.4,2024-09-01,1816,SNPP,SNPP,n,2,292.78,0.99,N,0
20.40656,105.90086,305.14,0.53,0.42,2024-09-01,1816,SNPP,SNPP,n,2,287.8,1.35,N,2
20.4027,105.90032,307.61,0.53,0.42,2024-09-01,1816,SNPP,SNPP,n,2,287.89,1,N,2
20.39884,105.89977,306.8,0.53,0.42,2024-09-01,1816,SNPP,SNPP,n,2,287.37,1,N,2
20.40078,105.9025,310.82,0.53,0.42,2024-09-01,1816,SNPP,SNPP,n,2,288.14,2.94,N,2
21.01854,106.53053,321.76,0.32,0.55,2024-09-02,1757,SNPP,SNPP,n,2,287.77,2.9,N,2
20.52949,105.86543,299.44,0.35,0.57,2024-09-02,1757,SNPP,SNPP,n,2,268.96,0.53,N,2
20.53024,105.86624,300.52,0.35,0.57,2024-09-02,1757,SNPP,SNPP,n,2,269.53,0.43,N,2
20.19242,105.65085,332.69,0.4,0.44,2024-09-04,0630,SNPP,SNPP,n,2,296.95,3.85,D,0
20.14985,105.0631,343.09,0.55,0.43,2024-09-04,0630,SNPP,SNPP,n,2,295.07,13.58,D,0
20.47664,105.71858,341.68,0.4,0.44,2024-09-04,0630,SNPP,SNPP,n,2,295.45,14.55,D,0
20.48075,105.71799,343.57,0.4,0.44,2024-09-04,0630,SNPP,SNPP,n,2,295.34,14.55,D,0
20.482,105.59158,344.34,0.4,0.44,2024-09-04,0630,SNPP,SNPP,n,2,296.88,9.17,D,0
20.53218,105.36251,330.51,0.39,0.44,2024-09-04,0630,SNPP,SNPP,n,2,296.02,2.14,D,0
21.29245,106.71059,341.7,0.47,0.48,2024-09-04,0630,SNPP,SNPP,n,2,296.1,13.19,D,0
21.29138,106.71274,343.7,0.48,0.48,2024-09-04,0631,SNPP,SNPP,n,2,296.68,10.43,D,0
21.32858,106.56516,340.37,0.47,0.47,2024-09-04,0631,SNPP,SNPP,n,2,294.62,4.51,D,0
21.334,105.8338,331.44,0.42,0.45,2024-09-04,0631,SNPP,SNPP,n,2,301.06,6.19,D,0
21.83961,106.05753,353.77,0.44,0.46,2024-09-04,0631,SNPP,SNPP,n,2,298.51,19.83,D,0
21.87856,105.9964,348.28,0.44,0.46,2024-09-04,0631,SNPP,SNPP,n,2,297.51,21.45,D,0
21.01794,106.53015,310.45,0.49,0.49,2024-09-04,1900,SNPP,SNPP,n,2,287.9,2.78,N,2
20.40199,105.90158,295.95,0.46,0.47,2024-09-04,1900,SNPP,SNPP,n,2,267.21,0.47,N,2
20.14424,105.58089,329.42,0.39,0.36,2024-09-05,0611,SNPP,SNPP,n,2,282.88,2.74,D,0
20.15766,105.08564,329.82,0.38,0.36,2024-09-05,0611,SNPP,SNPP,n,2,278.02,2.44,D,0
20.91312,105.45493,331.35,0.39,0.36,2024-09-05,0612,SNPP,SNPP,n,2,297.19,2.75,D,0
20.91519,105.19655,338.2,0.38,0.36,2024-09-05,0612,SNPP,SNPP,n,2,297.91,4.11,D,0
21.25237,106.79311,332.57,0.41,0.37,2024-09-05,0612,SNPP,SNPP,n,2,285.59,6.84,D,0
21.26018,106.72322,333.94,0.41,0.37,2024-09-05,0612,SNPP,SNPP,n,2,279.07,6.24,D,0
21.33264,105.83206,331.7,0.39,0.36,2024-09-05,0612,SNPP,SNPP,l,2,302.24,4.42,D,0
21.65545,106.00063,338.91,0.4,0.37,2024-09-05,0612,SNPP,SNPP,n,2,298.87,3.87,D,0
21.74911,106.1148,334.28,0.4,0.37,2024-09-05,0612,SNPP,SNPP,n,2,298.55,3.82,D,0
21.76085,105.56781,334.4,0.39,0.36,2024-09-05,0612,SNPP,SNPP,n,2,299.11,3.82,D,0
21.19562,105.77451,329.47,0.48,0.4,2024-09-06,0553,SNPP,SNPP,n,2,295.89,4.54,D,0
21.26961,105.48592,329.18,0.5,0.41,2024-09-06,0553,SNPP,SNPP,l,2,299.25,3.61,D,0
21.33138,105.35173,330.37,0.5,0.41,2024-09-06,0553,SNPP,SNPP,n,2,294.94,3.92,D,0
20.53079,105.86337,300.56,0.44,0.63,2024-09-13,1750,SNPP,SNPP,n,2,286.83,1.53,N,2
21.00214,105.77564,298.51,0.35,0.57,2024-09-14,1912,SNPP,SNPP,n,2,275.02,0.52,N,0
20.24136,105.66135,343.4,0.49,0.4,2024-09-15,0624,SNPP,SNPP,n,2,294.14,9.64,D,0
20.76259,105.44731,333.84,0.48,0.4,2024-09-15,0624,SNPP,SNPP,n,2,295.84,5.09,D,0
21.01713,106.53136,308.34,0.39,0.44,2024-09-15,1853,SNPP,SNPP,n,2,292.09,4.32,N,2
21.01961,106.53245,337.42,0.38,0.36,2024-09-16,0605,SNPP,SNPP,n,2,298.94,5.26,D,0
21.25024,106.18237,334.07,0.38,0.36,2024-09-16,0605,SNPP,SNPP,n,2,300.07,5.03,D,0
21.66162,105.7753,330.73,0.39,0.36,2024-09-16,0605,SNPP,SNPP,n,2,289.12,2.04,D,0
20.52945,105.86713,306.95,0.38,0.36,2024-09-16,1834,SNPP,SNPP,n,2,289.09,1.91,N,2
20.39891,105.90112,304.88,0.38,0.36,2024-09-16,1834,SNPP,SNPP,n,2,289.6,1.84,N,2
21.01825,106.53014,316.03,0.32,0.55,2024-09-18,1756,SNPP,SNPP,n,2,292.95,1.54,N,2
20.39979,105.9022,306.27,0.35,0.57,2024-09-18,1757,SNPP,SNPP,n,2,291.98,0.85,N,2
20.53057,105.86479,305.89,0.35,0.57,2024-09-18,1757,SNPP,SNPP,n,2,291.69,1.16,N,2
21.63459,106.11349,339.02,0.43,0.46,2024-09-20,0630,SNPP,SNPP,n,2,291.74,4.3,D,0
21.90036,106.77212,347.08,0.48,0.48,2024-09-20,0630,SNPP,SNPP,n,2,291.08,10.23,D,0
20.40644,105.90136,318.08,0.4,0.37,2024-09-27,1828,SNPP,SNPP,n,2,294.73,2.37,N,2
20.24591,106.04261,306.97,0.4,0.37,2024-09-27,1828,SNPP,SNPP,n,2,294.53,0.73,N,0
20.39912,105.90406,314.32,0.4,0.37,2024-09-27,1828,SNPP,SNPP,n,2,294.32,1.81,N,0
21.10223,106.39967,309.71,0.39,0.36,2024-09-27,1828,SNPP,SNPP,n,2,292.48,0.87,N,0
21.03922,106.58936,308.38,0.39,0.36,2024-09-27,1828,SNPP,SNPP,n,2,293.84,1.55,N,2
21.01768,106.52798,328.06,0.39,0.36,2024-09-27,1828,SNPP,SNPP,n,2,293.8,1.76,N,2
21.01434,106.5274,309.98,0.39,0.36,2024-09-27,1828,SNPP,SNPP,n,2,292.41,0.55,N,0
20.45448,105.88493,308.12,0.4,0.37,2024-09-27,1828,SNPP,SNPP,n,2,294.06,1.42,N,0
21.01972,106.52849,333.86,0.45,0.47,2024-09-28,0540,SNPP,SNPP,n,2,293.7,3.71,D,2
21.21431,105.93816,309.66,0.45,0.47,2024-09-28,1809,SNPP,SNPP,n,2,289.33,2.12,N,0
20.39837,105.90305,309.81,0.44,0.46,2024-09-28,1809,SNPP,SNPP,n,2,290.19,3.28,N,0
21.44663,106.45787,333.76,0.54,0.42,2024-10-01,0623,SNPP,SNPP,n,2,293.14,6.99,D,0
20.24153,106.02233,332.51,0.39,0.36,2024-10-02,0604,SNPP,SNPP,n,2,301.21,3.62,D,0
21.09608,106.00674,332.61,0.39,0.36,2024-10-02,0604,SNPP,SNPP,n,2,298.22,2.2,D,0
21.56781,106.49348,302.31,0.38,0.36,2024-10-02,1833,SNPP,SNPP,n,2,289.93,0.64,N,0
21.23444,106.7356,299.18,0.39,0.36,2024-10-02,1834,SNPP,SNPP,n,2,287.69,0.23,N,0
21.01545,106.53633,308.78,0.39,0.36,2024-10-02,1834,SNPP,SNPP,n,2,292.02,1.41,N,2
20.52936,105.86559,303.28,0.38,0.36,2024-10-02,1834,SNPP,SNPP,n,2,290.85,0.51,N,2
20.45483,105.88678,305.02,0.38,0.36,2024-10-02,1834,SNPP,SNPP,n,2,291.98,0.78,N,0
20.40837,105.90116,309.4,0.38,0.36,2024-10-02,1834,SNPP,SNPP,n,2,291.76,1.51,N,2
20.39787,105.90307,310.76,0.38,0.36,2024-10-02,1834,SNPP,SNPP,n,2,291.46,0.96,N,2
20.34269,105.91213,302.99,0.38,0.36,2024-10-02,1834,SNPP,SNPP,n,2,290.63,0.29,N,0
21.19085,105.769,327.27,0.4,0.44,2024-10-03,0546,SNPP,SNPP,l,2,298.58,2.8,D,0
21.84108,105.20686,301.55,0.41,0.45,2024-10-03,1815,SNPP,SNPP,n,2,290.68,0.35,N,0
21.45287,106.74323,307.02,0.5,0.41,2024-10-03,1815,SNPP,SNPP,n,2,287.72,1.36,N,0
21.10122,106.40781,305.2,0.52,0.41,2024-10-03,1815,SNPP,SNPP,n,2,290.7,0.44,N,0
21.01961,106.56446,322.89,0.51,0.41,2024-10-03,1815,SNPP,SNPP,n,2,291.94,2.18,N,0
21.01529,106.53876,304.1,0.51,0.41,2024-10-03,1815,SNPP,SNPP,n,2,292.66,1.08,N,2
20.53012,105.86699,303.34,0.55,0.42,2024-10-03,1815,SNPP,SNPP,n,2,291.56,0.81,N,2
20.45201,105.88616,302.77,0.54,0.42,2024-10-03,1815,SNPP,SNPP,n,2,291.14,0.81,N,0
20.40636,105.90053,308.98,0.54,0.42,2024-10-03,1815,SNPP,SNPP,n,2,291.99,1.79,N,2
20.39789,105.90459,302.43,0.54,0.42,2024-10-03,1815,SNPP,SNPP,n,2,290.83,1.16,N,2
20.39829,105.9034,304.49,0.54,0.42,2024-10-03,1815,SNPP,SNPP,n,2,291.76,0.93,N,2
21.20478,106.54061,342.7,0.35,0.57,2024-10-04,0527,SNPP,SNPP,n,2,294.99,2.84,D,0
21.45511,106.74581,333.41,0.34,0.56,2024-10-04,0527,SNPP,SNPP,n,2,294.41,2.58,D,0
21.5745,106.10406,331.74,0.37,0.58,2024-10-04,0527,SNPP,SNPP,n,2,290.77,2.4,D,0
21.5729,106.10533,327.13,0.37,0.58,2024-10-04,0527,SNPP,SNPP,n,2,290.98,3.53,D,0
21.86868,106.13265,349.72,0.36,0.58,2024-10-04,0527,SNPP,SNPP,n,2,293.94,3.85,D,0
21.2144,105.93392,305.09,0.36,0.58,2024-10-04,1756,SNPP,SNPP,n,2,289.35,1.45,N,0
21.21404,105.93749,316.05,0.36,0.58,2024-10-04,1756,SNPP,SNPP,n,2,289.56,1.17,N,0
21.01675,106.52784,305.01,0.33,0.55,2024-10-04,1756,SNPP,SNPP,n,2,291.01,1.3,N,2
21.01641,106.53109,313.65,0.33,0.55,2024-10-04,1756,SNPP,SNPP,n,2,290.96,1.3,N,2
21.01608,106.53434,304.9,0.33,0.55,2024-10-04,1756,SNPP,SNPP,n,2,291.56,1.34,N,0
20.96382,106.75655,303.36,0.32,0.55,2024-10-04,1756,SNPP,SNPP,n,2,291.24,0.89,N,0
20.53194,105.86774,301.62,0.36,0.57,2024-10-04,1756,SNPP,SNPP,n,2,289.33,0.43,N,2
20.52935,105.86487,307.82,0.36,0.57,2024-10-04,1756,SNPP,SNPP,n,2,290.61,0.97,N,2
20.40705,105.89984,312.75,0.36,0.57,2024-10-04,1756,SNPP,SNPP,n,2,290.78,1.21,N,2
20.40866,105.90027,309.21,0.36,0.57,2024-10-04,1756,SNPP,SNPP,n,2,290.51,1.09,N,2
20.39765,105.90258,303.14,0.36,0.57,2024-10-04,1756,SNPP,SNPP,n,2,290.37,0.49,N,2
20.1459,105.87263,301.24,0.36,0.57,2024-10-04,1756,SNPP,SNPP,n,2,289.17,0.43,N,0
21.62473,106.05487,328.77,0.73,0.76,2024-10-05,0508,SNPP,SNPP,n,2,290.38,8.96,D,0
21.62185,106.05357,340.81,0.73,0.76,2024-10-05,0508,SNPP,SNPP,n,2,290.83,8.99,D,0
21.94822,105.55643,339.57,0.77,0.77,2024-10-05,0508,SNPP,SNPP,n,2,290.07,8.4,D,0
20.1604,105.08474,341.28,0.35,0.57,2024-10-05,0648,SNPP,SNPP,n,2,294.31,3.56,D,0
20.38632,106.0324,337.36,0.41,0.61,2024-10-05,0648,SNPP,SNPP,n,2,295.52,2.54,D,0
20.75687,105.49296,339.2,0.38,0.59,2024-10-05,0648,SNPP,SNPP,n,2,295.41,2.97,D,0
21.26913,105.21438,339.16,0.37,0.58,2024-10-05,0648,SNPP,SNPP,n,2,295.62,2.27,D,0
21.56798,106.2094,338.15,0.43,0.62,2024-10-05,0649,SNPP,SNPP,n,2,294.15,5.07,D,0
21.56759,106.20512,345.26,0.43,0.62,2024-10-05,0649,SNPP,SNPP,n,2,294.59,5.07,D,0
21.65885,105.98379,339.91,0.42,0.61,2024-10-05,0649,SNPP,SNPP,n,2,293.74,5.13,D,0
21.80549,106.05853,338.13,0.43,0.62,2024-10-05,0649,SNPP,SNPP,n,2,294.85,3.13,D,0
21.81133,106.05916,327.53,0.43,0.62,2024-10-05,0649,SNPP,SNPP,n,2,294.11,3.13,D,0
21.80701,106.05914,341.56,0.43,0.62,2024-10-05,0649,SNPP,SNPP,n,2,294.26,5.36,D,0
21.89659,106.08945,345.29,0.43,0.62,2024-10-05,0649,SNPP,SNPP,n,2,294.68,7.77,D,0
21.93552,106.38926,341.84,0.45,0.63,2024-10-05,0649,SNPP,SNPP,n,2,295.24,3.24,D,0
21.85331,105.3884,367,0.39,0.59,2024-10-05,0649,SNPP,SNPP,h,2,294.65,6.44,D,0
21.85321,105.38926,367,0.39,0.59,2024-10-05,0649,SNPP,SNPP,h,2,294.62,7.16,D,0
21.01667,106.53035,303.72,0.67,0.74,2024-10-05,1737,SNPP,SNPP,n,2,290.09,2.08,N,2
21.01265,106.49111,307.45,0.67,0.74,2024-10-05,1737,SNPP,SNPP,n,2,289.51,2.69,N,0
21.01216,106.49773,305.18,0.67,0.74,2024-10-05,1737,SNPP,SNPP,n,2,289.01,1.54,N,0
21.01635,106.53055,304.06,0.67,0.73,2024-10-05,1737,SNPP,SNPP,n,2,290.3,2.59,N,2
21.01256,106.49139,308.23,0.67,0.74,2024-10-05,1737,SNPP,SNPP,n,2,289.39,1.47,N,0
21.01203,106.49792,304.73,0.67,0.74,2024-10-05,1737,SNPP,SNPP,n,2,288.87,1.47,N,0
20.53183,105.86298,301.64,0.73,0.76,2024-10-05,1737,SNPP,SNPP,n,2,288.65,1.22,N,0
20.52845,105.86564,300.96,0.73,0.76,2024-10-05,1737,SNPP,SNPP,n,2,288.51,0.71,N,0
21.01662,106.52863,304.46,0.47,0.64,2024-10-05,1917,SNPP,SNPP,n,2,291.5,1.61,N,2
21.00082,105.7766,312.75,0.43,0.62,2024-10-05,1917,SNPP,SNPP,n,2,289.48,0.58,N,0
20.48047,105.71843,358.09,0.39,0.44,2024-10-06,0629,SNPP,SNPP,n,2,297.34,8.67,D,0
20.49231,105.64814,338.24,0.39,0.44,2024-10-06,0629,SNPP,SNPP,n,2,297.14,3.18,D,0
20.84154,105.26801,335.65,0.56,0.43,2024-10-06,0629,SNPP,SNPP,n,2,298.63,7.88,D,0
21.01887,106.52944,338.84,0.44,0.46,2024-10-06,0629,SNPP,SNPP,n,2,302.98,4.09,D,2
21.57944,105.63823,331.1,0.4,0.44,2024-10-06,0630,SNPP,SNPP,n,2,298.92,1,D,0
21.66062,104.88725,334.33,0.54,0.42,2024-10-06,0630,SNPP,SNPP,n,2,299.45,5.43,D,0
21.82213,106.12139,344.17,0.43,0.46,2024-10-06,0630,SNPP,SNPP,n,2,297.73,7.76,D,0
21.83244,105.51952,330.81,0.39,0.44,2024-10-06,0630,SNPP,SNPP,n,2,297.79,4.05,D,0
21.83195,105.51542,346.99,0.39,0.44,2024-10-06,0630,SNPP,SNPP,n,2,297.69,5.22,D,0
21.91755,106.20895,332.04,0.43,0.46,2024-10-06,0630,SNPP,SNPP,n,2,297.85,2.2,D,0
20.77723,106.72937,304.62,0.5,0.49,2024-10-06,1859,SNPP,SNPP,n,2,290.36,1.14,N,0
20.12346,105.07988,342.08,0.38,0.36,2024-10-07,0610,SNPP,SNPP,n,2,296.11,20.29,D,0
20.39926,105.90232,331.94,0.39,0.36,2024-10-07,0610,SNPP,SNPP,n,2,300.15,4.55,D,2
20.79068,105.48788,334.24,0.38,0.36,2024-10-07,0610,SNPP,SNPP,n,2,300.37,12.41,D,0
20.79399,105.48733,336.54,0.38,0.36,2024-10-07,0610,SNPP,SNPP,n,2,299.2,12.41,D,0
20.93272,106.33516,335.93,0.39,0.37,2024-10-07,0610,SNPP,SNPP,n,2,300.72,2.41,D,0
21.19415,106.1376,334.35,0.39,0.36,2024-10-07,0611,SNPP,SNPP,n,2,301.39,2.94,D,0
21.19322,106.06058,340.78,0.39,0.36,2024-10-07,0611,SNPP,SNPP,n,2,302.75,3.6,D,0
21.43175,106.3824,331.24,0.4,0.37,2024-10-07,0611,SNPP,SNPP,n,2,301.66,2.53,D,0
21.42712,105.79419,330.32,0.39,0.36,2024-10-07,0611,SNPP,SNPP,n,2,300.03,1.77,D,0
21.4511,104.99956,333.07,0.38,0.36,2024-10-07,0611,SNPP,SNPP,n,2,299.85,2.68,D,0
21.66263,105.97449,331.64,0.39,0.36,2024-10-07,0611,SNPP,SNPP,n,2,299.15,1.89,D,0
21.71043,106.21146,331.9,0.4,0.37,2024-10-07,0611,SNPP,SNPP,n,2,299.72,2.53,D,0
21.59991,104.99993,330.55,0.38,0.36,2024-10-07,0611,SNPP,SNPP,n,2,299.82,1.8,D,0
21.2132,105.93772,313.58,0.4,0.37,2024-10-07,1840,SNPP,SNPP,n,2,293.54,0.72,N,0
21.0826,106.3866,309.3,0.41,0.37,2024-10-07,1840,SNPP,SNPP,n,2,292.71,0.75,N,0
21.01657,106.52921,329.12,0.41,0.37,2024-10-07,1840,SNPP,SNPP,n,2,295.05,3.71,N,2
21.01524,106.53711,306.13,0.41,0.37,2024-10-07,1840,SNPP,SNPP,n,2,294.79,1.58,N,2
21.01458,106.54107,306.25,0.41,0.37,2024-10-07,1840,SNPP,SNPP,n,2,294.29,0.9,N,0
20.91018,106.69759,305.88,0.42,0.38,2024-10-07,1840,SNPP,SNPP,n,2,293.16,1.62,N,0
20.40714,105.90128,314.64,0.4,0.37,2024-10-07,1840,SNPP,SNPP,n,2,294.1,1.64,N,2
20.39976,105.90385,318.21,0.4,0.37,2024-10-07,1840,SNPP,SNPP,n,2,294.59,2.63,N,0
20.12446,105.52814,341.54,0.53,0.42,2024-10-08,0551,SNPP,SNPP,n,2,298.72,10.77,D,0
20.66612,105.47542,332.78,0.52,0.42,2024-10-08,0552,SNPP,SNPP,n,2,296.93,5.54,D,0
20.66523,105.47044,332.36,0.52,0.42,2024-10-08,0552,SNPP,SNPP,n,2,296.84,5.54,D,0
21.22366,104.97157,327.47,0.54,0.42,2024-10-08,0552,SNPP,SNPP,n,2,296.07,4.38,D,0
21.01587,106.53517,305.73,0.43,0.38,2024-10-08,1821,SNPP,SNPP,n,2,293.96,1.92,N,0
21.01529,106.53935,306.92,0.43,0.38,2024-10-08,1821,SNPP,SNPP,n,2,293.22,1.72,N,2
20.96347,106.75544,305.84,0.43,0.38,2024-10-08,1821,SNPP,SNPP,n,2,293.65,1.07,N,0
20.40837,105.90117,307.68,0.46,0.39,2024-10-08,1821,SNPP,SNPP,n,2,292.98,1.76,N,2
20.39697,105.90387,314.22,0.46,0.39,2024-10-08,1821,SNPP,SNPP,n,2,292.66,1.54,N,2
20.37693,105.72105,341.22,0.33,0.55,2024-10-09,0533,SNPP,SNPP,n,2,292.86,5.37,D,0
20.37628,105.7179,334.76,0.33,0.55,2024-10-09,0533,SNPP,SNPP,n,2,292.71,3.02,D,0
21.01667,106.5303,329.88,0.57,0.52,2024-10-09,0533,SNPP,SNPP,l,2,300.3,6.53,D,2
21.01745,106.53077,308.38,0.53,0.5,2024-10-09,1802,SNPP,SNPP,n,2,292.83,2.46,N,2
21.13421,105.2417,302.06,0.32,0.55,2024-10-09,1802,SNPP,SNPP,n,2,288.96,0.37,N,0
20.98526,106.35197,303.23,0.54,0.51,2024-10-09,1802,SNPP,SNPP,n,2,290.24,0.7,N,0
20.40587,105.90103,307.85,0.57,0.52,2024-10-09,1802,SNPP,SNPP,n,2,291.85,1.14,N,2
20.40105,105.90047,305.05,0.57,0.52,2024-10-09,1802,SNPP,SNPP,n,2,291.53,1.14,N,2
20.48784,105.60709,331.98,0.48,0.65,2024-10-10,0654,SNPP,SNPP,n,2,291.31,3.47,D,0
21.01978,106.53011,312.5,0.53,0.67,2024-10-10,1743,SNPP,SNPP,n,2,290.25,3.1,N,2
21.01305,106.53475,304.49,0.53,0.67,2024-10-10,1743,SNPP,SNPP,n,2,289.89,2.09,N,0
21.017,106.52988,315.08,0.53,0.67,2024-10-10,1743,SNPP,SNPP,n,2,290.06,1.62,N,2
21.01653,106.53519,306.29,0.53,0.67,2024-10-10,1743,SNPP,SNPP,n,2,290.33,1.62,N,0
20.53154,105.86359,302.49,0.58,0.7,2024-10-10,1743,SNPP,SNPP,n,2,289.05,1.05,N,2
20.39818,105.90235,302.36,0.58,0.69,2024-10-10,1743,SNPP,SNPP,n,2,289.25,1.72,N,2
21.01754,106.52732,305.18,0.59,0.7,2024-10-10,1923,SNPP,SNPP,n,2,288.61,2.5,N,2
21.01728,106.52645,302.28,0.59,0.7,2024-10-10,1923,SNPP,SNPP,n,2,288.51,1.23,N,2
21.01459,106.53781,301.85,0.59,0.7,2024-10-10,1923,SNPP,SNPP,n,2,289.15,2.44,N,2
20.39793,105.90255,301.95,0.56,0.69,2024-10-10,1924,SNPP,SNPP,n,2,288.84,0.86,N,2
20.4866,105.52976,331.57,0.47,0.48,2024-10-11,0635,SNPP,SNPP,n,2,294.47,6.82,D,0
20.70918,106.77701,331.3,0.57,0.52,2024-10-11,0636,SNPP,SNPP,n,2,298.44,4.23,D,0
20.59305,105.37615,331.79,0.46,0.47,2024-10-11,0636,SNPP,SNPP,n,2,290.8,2.01,D,0
20.81772,105.43114,331.89,0.47,0.48,2024-10-11,0636,SNPP,SNPP,n,2,295.98,3.46,D,0
21.84499,105.76807,337.67,0.51,0.49,2024-10-11,0636,SNPP,SNPP,n,2,294.4,5.09,D,0
21.01991,106.52934,307.5,0.6,0.53,2024-10-11,1905,SNPP,SNPP,n,2,291.85,1.92,N,2
21.01725,106.52779,303.22,0.6,0.53,2024-10-11,1905,SNPP,SNPP,n,2,291.01,2.97,N,2
20.5682,105.63623,333.57,0.41,0.37,2024-10-12,0617,SNPP,SNPP,n,2,296.19,3.73,D,0
21.02008,106.52953,331.44,0.45,0.39,2024-10-12,0617,SNPP,SNPP,n,2,300.04,2.13,D,2
21.16072,106.26453,335.06,0.44,0.38,2024-10-12,0617,SNPP,SNPP,n,2,298.69,2.99,D,0
21.37482,105.25671,333.57,0.41,0.37,2024-10-12,0617,SNPP,SNPP,n,2,298.04,4,D,0
21.78647,106.744,331.7,0.47,0.39,2024-10-12,0617,SNPP,SNPP,n,2,297.04,2.58,D,0
21.78644,106.74512,331.73,0.47,0.39,2024-10-12,0617,SNPP,SNPP,n,2,296.62,3.04,D,0
21.77321,104.9455,345.91,0.4,0.37,2024-10-12,0617,SNPP,SNPP,n,2,294.63,7.1,D,0
21.7766,104.94496,346.7,0.4,0.37,2024-10-12,0617,SNPP,SNPP,n,2,293.07,7.1,D,0
21.93244,105.55682,331.37,0.42,0.38,2024-10-12,0617,SNPP,SNPP,n,2,293.18,1.79,D,0
21.87842,105.04828,338.23,0.41,0.37,2024-10-12,0617,SNPP,SNPP,n,2,293.3,4.41,D,0
21.07351,105.90968,303.68,0.45,0.39,2024-10-12,1846,SNPP,SNPP,n,2,291.03,0.67,N,0
21.02039,106.52841,331.33,0.4,0.37,2024-10-13,0558,SNPP,SNPP,n,2,298.68,3.13,D,2
21.71357,106.01369,340.18,0.41,0.37,2024-10-13,0558,SNPP,SNPP,n,2,294.82,7.62,D,0
21.60007,105.0273,332.06,0.45,0.39,2024-10-13,0558,SNPP,SNPP,n,2,293.53,2.97,D,0
21.87055,106.14055,330.05,0.41,0.37,2024-10-13,0558,SNPP,SNPP,n,2,291.62,2.74,D,0
20.96232,106.75564,306.51,0.39,0.36,2024-10-13,1827,SNPP,SNPP,n,2,291.8,1.37,N,0
20.53115,105.8667,306.59,0.4,0.37,2024-10-13,1827,SNPP,SNPP,n,2,291.79,0.76,N,2
20.40773,105.89829,310.11,0.4,0.37,2024-10-13,1827,SNPP,SNPP,n,2,291.8,0.99,N,2
20.4004,105.901,315.18,0.4,0.37,2024-10-13,1827,SNPP,SNPP,n,2,292.54,2.28,N,2
20.61384,105.55974,340.72,0.53,0.5,2024-10-14,0539,SNPP,SNPP,n,2,292.83,5.45,D,0
20.61532,105.19473,328.04,0.56,0.51,2024-10-14,0539,SNPP,SNPP,n,2,291.54,8.68,D,0
21.62994,106.05175,347.29,0.47,0.48,2024-10-14,0539,SNPP,SNPP,n,2,293.56,13.79,D,0
21.70166,106.13982,331.04,0.47,0.47,2024-10-14,0539,SNPP,SNPP,n,2,293.2,2.64,D,0
21.01816,106.53076,310.99,0.42,0.45,2024-10-14,1808,SNPP,SNPP,n,2,291.94,1.91,N,2
21.01349,106.53425,305.43,0.42,0.45,2024-10-14,1808,SNPP,SNPP,n,2,290.91,1.02,N,0
21.013,106.53833,306.31,0.42,0.45,2024-10-14,1808,SNPP,SNPP,n,2,291.21,1.02,N,2
21.01775,106.5279,309.44,0.42,0.45,2024-10-14,1808,SNPP,SNPP,n,2,291.13,1.25,N,2
21.01723,106.53196,305.78,0.42,0.45,2024-10-14,1808,SNPP,SNPP,n,2,291.41,1.25,N,2
20.77929,106.61919,321,0.41,0.45,2024-10-14,1808,SNPP,SNPP,n,2,289.91,1.3,N,0
21.20264,106.70802,353.27,0.43,0.62,2024-10-15,0520,SNPP,SNPP,n,2,287.37,5.58,D,0
21.18962,106.7071,340.56,0.43,0.62,2024-10-15,0520,SNPP,SNPP,n,2,285.43,7.08,D,0
21.20176,106.70805,344.07,0.43,0.62,2024-10-15,0520,SNPP,SNPP,n,2,287.3,6.21,D,0
20.79193,105.43147,327.23,0.6,0.71,2024-10-15,0701,SNPP,SNPP,n,2,286.84,2.59,D,0
21.01892,106.52984,320.83,0.42,0.61,2024-10-15,1749,SNPP,SNPP,n,2,286.51,3.21,N,2
21.01777,106.52814,316.95,0.42,0.61,2024-10-15,1749,SNPP,SNPP,n,2,285.79,3.52,N,2
20.52901,105.86613,306.82,0.46,0.64,2024-10-15,1750,SNPP,SNPP,n,2,284.28,2.33,N,2
20.53129,105.86443,301.59,0.46,0.63,2024-10-15,1750,SNPP,SNPP,n,2,282.18,2.69,N,2
21.56915,106.49348,302.45,0.37,0.58,2024-10-16,1911,SNPP,SNPP,n,2,287.88,0.46,N,0
21.02156,106.53133,305.29,0.38,0.58,2024-10-16,1911,SNPP,SNPP,n,2,288.15,0.75,N,2
21.01624,106.53,308.16,0.38,0.58,2024-10-16,1911,SNPP,SNPP,n,2,287.99,1.4,N,2
21.01383,106.54082,306.43,0.38,0.59,2024-10-16,1911,SNPP,SNPP,n,2,288.13,1.8,N,2
21.01935,106.52962,316.6,0.38,0.59,2024-10-16,1911,SNPP,SNPP,n,2,289.04,2.08,N,2
21.01702,106.54044,303.03,0.38,0.59,2024-10-16,1911,SNPP,SNPP,n,2,287.67,0.93,N,0
21.0117,106.5391,305.67,0.38,0.59,2024-10-16,1911,SNPP,SNPP,n,2,287.79,0.93,N,2
21.44597,105.38982,332.23,0.47,0.4,2024-10-17,0623,SNPP,SNPP,n,2,294.08,2.45,D,0
21.56107,105.8685,306.15,0.52,0.42,2024-10-17,1852,SNPP,SNPP,n,2,291.65,1.35,N,2
21.27705,105.6332,308.13,0.51,0.41,2024-10-17,1852,SNPP,SNPP,n,2,292.44,1.69,N,0
20.39922,105.90012,307.35,0.54,0.42,2024-10-17,1852,SNPP,SNPP,n,2,290.73,1.63,N,2
20.56279,105.55732,338.82,0.39,0.36,2024-10-18,0604,SNPP,SNPP,n,2,293.39,4.83,D,0
21.01874,106.53168,336.83,0.38,0.36,2024-10-18,0604,SNPP,SNPP,n,2,293.47,5.43,D,2
21.25057,106.69971,342.9,0.38,0.36,2024-10-18,0604,SNPP,SNPP,n,2,297.3,13.22,D,0
21.32909,106.41327,334.74,0.38,0.36,2024-10-18,0604,SNPP,SNPP,n,2,298.41,3.46,D,0
21.26625,105.74268,330.41,0.39,0.36,2024-10-18,0604,SNPP,SNPP,n,2,296.56,2.87,D,0
21.51832,105.49706,332.92,0.39,0.36,2024-10-18,0604,SNPP,SNPP,n,2,293.31,1.47,D,0
21.5505,105.16811,331.97,0.4,0.37,2024-10-18,0604,SNPP,SNPP,n,2,295.34,1.86,D,0
21.02152,106.60849,306.61,0.39,0.36,2024-10-18,1833,SNPP,SNPP,n,2,292.84,1.21,N,0
21.02011,106.53222,328.38,0.39,0.36,2024-10-18,1833,SNPP,SNPP,n,2,293.51,2.19,N,2
21.0168,106.53162,317.12,0.39,0.36,2024-10-18,1833,SNPP,SNPP,n,2,294,2.19,N,2
21.01562,106.539,309.62,0.39,0.36,2024-10-18,1833,SNPP,SNPP,n,2,293.37,1.46,N,2
20.96332,106.7579,306.66,0.39,0.36,2024-10-18,1833,SNPP,SNPP,n,2,293.11,1.39,N,0
20.52984,105.8645,307.16,0.38,0.36,2024-10-18,1834,SNPP,SNPP,n,2,290.23,0.93,N,2
20.45523,105.88521,305.35,0.38,0.36,2024-10-18,1834,SNPP,SNPP,n,2,290.19,0.81,N,0
20.39876,105.90218,321.93,0.38,0.36,2024-10-18,1834,SNPP,SNPP,n,2,291.03,2.4,N,2
21.09917,106.68697,331.79,0.54,0.42,2024-10-19,0545,SNPP,SNPP,n,2,289.49,3.94,D,0
21.0174,106.52972,308.35,0.51,0.41,2024-10-19,1815,SNPP,SNPP,n,2,292.64,1.68,N,2
21.00853,106.53847,305.24,0.51,0.41,2024-10-19,1815,SNPP,SNPP,n,2,290.99,1.99,N,0
21.00929,106.54115,306.89,0.51,0.41,2024-10-19,1815,SNPP,SNPP,n,2,291.38,2.61,N,2
20.39794,105.90139,313.9,0.54,0.42,2024-10-19,1815,SNPP,SNPP,n,2,291.57,2.91,N,2
20.92451,105.75841,328.7,0.4,0.6,2024-10-20,0527,SNPP,SNPP,n,2,292.59,2.3,D,0
21.43997,106.39598,339.72,0.36,0.57,2024-10-20,0527,SNPP,SNPP,n,2,292.35,3.87,D,0
20.9702,105.32412,339.7,0.75,0.77,2024-10-20,0707,SNPP,SNPP,n,2,287.09,8.73,D,0
20.94707,106.49561,301.55,0.67,0.74,2024-10-21,1737,SNPP,SNPP,n,2,279.85,1.16,N,0
20.94735,106.49748,305.21,0.67,0.74,2024-10-21,1737,SNPP,SNPP,n,2,279.89,1.45,N,0
21.17075,105.96455,304.04,0.43,0.62,2024-10-21,1917,SNPP,SNPP,n,2,288.62,0.5,N,0
21.16511,105.96307,302.05,0.43,0.62,2024-10-21,1917,SNPP,SNPP,n,2,288.95,0.5,N,0
21.01909,106.52957,312.86,0.47,0.64,2024-10-21,1917,SNPP,SNPP,n,2,289.43,2.02,N,2
20.73228,106.58733,303.25,0.49,0.65,2024-10-21,1917,SNPP,SNPP,n,2,285.85,1.63,N,0
20.72995,106.58519,304.37,0.49,0.65,2024-10-21,1917,SNPP,SNPP,n,2,286.48,1.41,N,0
20.34266,105.91243,303.19,0.45,0.63,2024-10-21,1918,SNPP,SNPP,n,2,289.14,0.75,N,0
21.32761,106.61961,335,0.45,0.47,2024-10-22,0630,SNPP,SNPP,n,2,296.5,3.89,D,0
20.24926,105.65861,331.12,0.39,0.36,2024-10-23,0610,SNPP,SNPP,n,2,292.13,6.03,D,0
21.01884,106.52936,331.61,0.4,0.37,2024-10-23,0611,SNPP,SNPP,n,2,297.41,3.89,D,2
21.25227,106.74888,333.79,0.41,0.37,2024-10-23,0611,SNPP,SNPP,n,2,291.08,3.62,D,0
21.41248,106.40658,329.06,0.4,0.37,2024-10-23,0611,SNPP,SNPP,n,2,293.61,3.28,D,0
21.41192,106.40273,331.38,0.4,0.37,2024-10-23,0611,SNPP,SNPP,n,2,292.57,3.28,D,0
21.52934,106.73723,345.15,0.41,0.37,2024-10-23,0611,SNPP,SNPP,n,2,297.96,11.36,D,0
21.1465,106.34015,301.62,0.41,0.37,2024-10-23,1840,SNPP,SNPP,n,2,272.07,0.35,N,0
20.94471,106.49829,296.56,0.41,0.37,2024-10-23,1840,SNPP,SNPP,n,2,271.84,0.35,N,0
20.40688,105.90018,299.88,0.4,0.37,2024-10-23,1840,SNPP,SNPP,n,2,274.01,0.57,N,2
20.3995,105.90274,307.37,0.4,0.37,2024-10-23,1840,SNPP,SNPP,n,2,274.26,1.08,N,2
20.34234,105.91181,297.08,0.4,0.37,2024-10-23,1840,SNPP,SNPP,n,2,273.35,0.43,N,0
21.01738,106.53034,339.81,0.46,0.39,2024-10-24,0552,SNPP,SNPP,n,2,300.49,4.77,D,2
21.08212,106.42795,333.5,0.46,0.39,2024-10-24,0552,SNPP,SNPP,n,2,292.42,4.5,D,0
21.08135,106.42353,336.81,0.46,0.39,2024-10-24,0552,SNPP,SNPP,n,2,294.66,9.14,D,0
21.08572,106.42726,325.88,0.46,0.39,2024-10-24,0552,SNPP,SNPP,n,2,291.77,4.5,D,0
21.15431,106.54591,334.36,0.45,0.39,2024-10-24,0552,SNPP,SNPP,n,2,291.8,3.39,D,0
21.2021,106.40582,328.85,0.46,0.39,2024-10-24,0552,SNPP,SNPP,n,2,291.51,3.16,D,0
21.3022,106.75405,341.52,0.44,0.39,2024-10-24,0552,SNPP,SNPP,n,2,287.8,7.15,D,0
21.69729,105.89993,299.25,0.47,0.4,2024-10-24,1821,SNPP,SNPP,n,2,288.09,0.74,N,0
21.45244,106.73636,299.19,0.43,0.38,2024-10-24,1821,SNPP,SNPP,n,2,285.53,0.5,N,0
21.01771,106.52875,308.33,0.43,0.38,2024-10-24,1821,SNPP,SNPP,n,2,297.03,2,N,2
21.01301,106.53651,309.84,0.43,0.38,2024-10-24,1821,SNPP,SNPP,n,2,293.83,2.65,N,2
20.45387,105.88808,304.68,0.45,0.39,2024-10-24,1821,SNPP,SNPP,n,2,293.46,0.76,N,0
20.40838,105.89878,305.1,0.45,0.39,2024-10-24,1821,SNPP,SNPP,n,2,293.51,0.58,N,2
20.40061,105.902,312.14,0.45,0.39,2024-10-24,1821,SNPP,SNPP,n,2,295.2,1.28,N,2
20.39703,105.90145,307.33,0.45,0.39,2024-10-24,1821,SNPP,SNPP,n,2,293.32,1.28,N,2
21.2439,106.5127,327.18,0.56,0.52,2024-10-25,0533,SNPP,SNPP,n,2,273.12,4.01,D,0
21.42553,105.75503,300.3,0.6,0.53,2024-10-25,1802,SNPP,SNPP,n,2,276.74,2.54,N,0
21.42497,105.76032,310.42,0.6,0.53,2024-10-25,1802,SNPP,SNPP,n,2,276.93,1.9,N,0
21.23092,106.68396,298.07,0.52,0.5,2024-10-25,1802,SNPP,SNPP,n,2,279.58,0.41,N,0
21.13714,106.81594,298.06,0.51,0.49,2024-10-25,1802,SNPP,SNPP,n,2,279.44,0.73,N,0
21.01632,106.53044,301.33,0.53,0.5,2024-10-25,1802,SNPP,SNPP,n,2,283.39,1.93,N,2
21.01575,106.53555,301.56,0.52,0.5,2024-10-25,1802,SNPP,SNPP,n,2,282.85,1.68,N,0
21.01054,106.54004,299.62,0.52,0.5,2024-10-25,1802,SNPP,SNPP,n,2,280.74,0.94,N,2
20.39873,105.89956,296.6,0.57,0.52,2024-10-25,1802,SNPP,SNPP,n,2,273.4,1.1,N,2
20.3989,105.90442,295.42,0.57,0.52,2024-10-25,1802,SNPP,SNPP,n,2,273.27,0.75,N,2
21.67209,106.45387,326.4,0.55,0.68,2024-10-26,0514,SNPP,SNPP,n,2,286.86,3.37,D,0
21.66936,106.45456,325.99,0.55,0.68,2024-10-26,0514,SNPP,SNPP,n,2,286.92,3.87,D,0
20.16995,105.55135,325.11,0.48,0.65,2024-10-26,0654,SNPP,SNPP,n,2,288.54,2.32,D,0
20.15491,105.32795,341.62,0.46,0.64,2024-10-26,0654,SNPP,SNPP,n,2,291.45,5.03,D,0
20.15783,105.32755,338.57,0.46,0.64,2024-10-26,0655,SNPP,SNPP,n,2,291.21,5.15,D,0
20.41073,105.68241,356.95,0.49,0.65,2024-10-26,0655,SNPP,SNPP,n,2,289.62,7.3,D,0
20.40936,105.66762,346.03,0.49,0.65,2024-10-26,0655,SNPP,SNPP,n,2,288.9,7.51,D,0
20.40981,105.66791,352.34,0.49,0.65,2024-10-26,0655,SNPP,SNPP,n,2,288.76,8.43,D,0
20.80532,105.53574,367,0.49,0.65,2024-10-26,0655,SNPP,SNPP,h,2,291.99,18.91,D,0
20.80605,105.5341,367,0.49,0.65,2024-10-26,0655,SNPP,SNPP,h,2,290.8,11.94,D,0
20.8064,105.53818,338.38,0.49,0.65,2024-10-26,0655,SNPP,SNPP,n,2,287.93,11.94,D,0
20.85244,105.301,330.27,0.47,0.64,2024-10-26,0655,SNPP,SNPP,n,2,291.65,2.31,D,0
20.8877,105.16207,335,0.46,0.64,2024-10-26,0655,SNPP,SNPP,n,2,287.86,7.21,D,0
20.88733,105.1582,339.52,0.46,0.63,2024-10-26,0655,SNPP,SNPP,n,2,288.34,5.6,D,0
20.88526,105.15926,356.99,0.46,0.64,2024-10-26,0655,SNPP,SNPP,n,2,289.83,6.4,D,0
21.14813,105.3503,336.03,0.48,0.64,2024-10-26,0655,SNPP,SNPP,n,2,289.46,3.72,D,0
21.49159,106.48986,334.11,0.57,0.69,2024-10-26,0655,SNPP,SNPP,n,2,287.75,3.58,D,0
21.51011,106.39171,328.43,0.56,0.69,2024-10-26,0655,SNPP,SNPP,n,2,285.1,3,D,0
21.67714,105.9752,331.79,0.53,0.67,2024-10-26,0655,SNPP,SNPP,n,2,282.53,3.82,D,0
21.74861,106.11372,334.93,0.54,0.68,2024-10-26,0655,SNPP,SNPP,n,2,287.74,4.71,D,0
21.72232,105.5002,348.72,0.49,0.65,2024-10-26,0655,SNPP,SNPP,n,2,285.76,4.3,D,0
21.7228,105.49936,353.76,0.49,0.65,2024-10-26,0655,SNPP,SNPP,n,2,286.91,8.96,D,0
21.72999,106.84742,331.81,0.39,0.36,2024-10-29,0558,SNPP,SNPP,n,2,285.13,3.44,D,0
20.3983,105.90266,306.43,0.4,0.37,2024-10-29,1828,SNPP,SNPP,n,2,278.54,0.68,N,2
21.39705,106.41287,336.98,0.45,0.47,2024-10-30,0539,SNPP,SNPP,n,2,287.99,4.98,D,0
21.26574,105.53864,302.3,0.49,0.48,2024-10-30,1808,SNPP,SNPP,n,2,289.41,0.55,N,0
21.01808,106.52733,311.77,0.42,0.45,2024-10-30,1808,SNPP,SNPP,n,2,289.67,1.88,N,2
21.0176,106.53139,315.8,0.42,0.45,2024-10-30,1808,SNPP,SNPP,n,2,290.28,1.88,N,2
21.01198,106.54296,302.54,0.42,0.45,2024-10-30,1808,SNPP,SNPP,n,2,288.89,0.74,N,2
21.02101,106.52909,313.79,0.42,0.45,2024-10-30,1808,SNPP,SNPP,n,2,289.13,2.06,N,2
21.01683,106.5285,316.63,0.42,0.45,2024-10-30,1808,SNPP,SNPP,n,2,289.93,2.06,N,2
21.01581,106.53659,303.02,0.42,0.45,2024-10-30,1808,SNPP,SNPP,n,2,289.51,1.2,N,2
21.01063,106.54409,302.99,0.42,0.45,2024-10-30,1808,SNPP,SNPP,n,2,288.79,0.54,N,0
20.39958,105.90228,313.85,0.45,0.47,2024-10-30,1809,SNPP,SNPP,n,2,288.57,2.18,N,2
20.99045,106.81834,351.25,0.43,0.62,2024-10-31,0521,SNPP,SNPP,n,2,292.68,8.71,D,0
21.01713,106.53111,333.13,0.45,0.63,2024-10-31,0521,SNPP,SNPP,n,2,295.49,4.37,D,2
21.72194,106.84614,337.77,0.41,0.61,2024-10-31,0521,SNPP,SNPP,n,2,294.28,3.1,D,0
21.2125,106.52689,336.85,0.71,0.75,2024-10-31,0701,SNPP,SNPP,n,2,291.41,7.39,D,0
21.3452,106.71807,336.68,0.73,0.76,2024-10-31,0701,SNPP,SNPP,n,2,291.78,7.34,D,0
21.3477,106.7151,335.62,0.74,0.76,2024-10-31,0701,SNPP,SNPP,n,2,291.26,5.2,D,0
21.66247,106.45526,322.51,0.43,0.62,2024-10-31,1749,SNPP,SNPP,n,2,291.81,2.37,N,0
21.01728,106.52916,314.48,0.42,0.61,2024-10-31,1750,SNPP,SNPP,n,2,292.2,1.78,N,2
21.0838,105.67753,312.87,0.48,0.64,2024-10-31,1750,SNPP,SNPP,n,2,290.05,1.16,N,0
21.01861,106.53254,303.12,0.74,0.76,2024-10-31,1930,SNPP,SNPP,n,2,289.18,2.16,N,0
20.19129,106.29528,330.76,0.33,0.56,2024-11-01,0642,SNPP,SNPP,n,2,298.82,1.73,D,0
20.12984,105.07875,339.46,0.56,0.51,2024-11-01,0642,SNPP,SNPP,n,2,293.32,9.87,D,0
20.2542,106.08305,336.98,0.32,0.55,2024-11-01,0642,SNPP,SNPP,n,2,299.19,1.26,D,0
20.25219,106.06418,341.83,0.32,0.55,2024-11-01,0642,SNPP,SNPP,n,2,299.1,4.36,D,0
20.25185,106.06104,330.48,0.32,0.55,2024-11-01,0642,SNPP,SNPP,n,2,298.29,2.64,D,0
20.34652,106.56358,335.64,0.35,0.57,2024-11-01,0642,SNPP,SNPP,n,2,298.76,2.94,D,0
20.30285,106.12967,341.99,0.33,0.55,2024-11-01,0642,SNPP,SNPP,n,2,299.12,1.95,D,0
20.46403,105.73146,337.36,0.62,0.54,2024-11-01,0642,SNPP,SNPP,n,2,296.11,4.66,D,0
20.47085,105.65127,342.39,0.61,0.53,2024-11-01,0642,SNPP,SNPP,n,2,297.18,8.95,D,0
20.70317,106.36871,332.81,0.34,0.56,2024-11-01,0642,SNPP,SNPP,n,2,298.99,2.05,D,0
20.69376,105.28177,343.6,0.58,0.52,2024-11-01,0642,SNPP,SNPP,n,2,293.97,8.3,D,0
20.74059,105.27566,331.34,0.58,0.52,2024-11-01,0642,SNPP,SNPP,n,2,295.41,2.53,D,0
21.15988,106.53448,330.24,0.35,0.57,2024-11-01,0642,SNPP,SNPP,n,2,297.66,1.53,D,0
21.18522,106.76574,332.06,0.37,0.58,2024-11-01,0642,SNPP,SNPP,n,2,299.06,1.95,D,0
21.16325,106.53239,334.8,0.36,0.57,2024-11-01,0642,SNPP,SNPP,n,2,299.41,3.81,D,0
21.20427,106.62365,333.35,0.36,0.57,2024-11-01,0642,SNPP,SNPP,n,2,299.2,2.22,D,0
21.40158,105.8982,333.29,0.32,0.55,2024-11-01,0642,SNPP,SNPP,n,2,301.91,1.48,D,0
21.57875,106.1761,339.29,0.34,0.56,2024-11-01,0642,SNPP,SNPP,n,2,300.3,4.47,D,0
21.75446,106.45359,334.35,0.36,0.57,2024-11-01,0642,SNPP,SNPP,n,2,296.99,2.18,D,0
21.76735,105.93874,352.68,0.33,0.55,2024-11-01,0642,SNPP,SNPP,n,2,298.18,3.82,D,0
21.93069,105.29893,341.57,0.6,0.53,2024-11-01,0642,SNPP,SNPP,n,2,296.4,6.74,D,0
21.5682,106.49257,301.78,0.37,0.58,2024-11-01,1911,SNPP,SNPP,n,2,289.32,0.71,N,0
21.56964,106.49363,300.84,0.37,0.58,2024-11-01,1911,SNPP,SNPP,n,2,289.8,0.94,N,0
21.23855,106.10948,301.45,0.35,0.57,2024-11-01,1911,SNPP,SNPP,n,2,287.75,0.49,N,0
21.01972,106.53101,307.95,0.38,0.59,2024-11-01,1911,SNPP,SNPP,n,2,292.14,1.76,N,2
21.0184,106.52973,312.84,0.38,0.59,2024-11-01,1911,SNPP,SNPP,n,2,293.24,1.79,N,2
20.98966,105.89879,302.81,0.35,0.56,2024-11-01,1911,SNPP,SNPP,n,2,288.25,0.6,N,2
20.42356,105.90045,303.5,0.36,0.57,2024-11-01,1911,SNPP,SNPP,n,2,291.87,0.48,N,0
20.40129,105.90234,313.05,0.36,0.57,2024-11-01,1911,SNPP,SNPP,n,2,292.41,0.99,N,2
20.16669,105.37798,334.31,0.46,0.39,2024-11-02,0623,SNPP,SNPP,n,2,297.82,4.07,D,0
20.1657,105.31565,332.05,0.46,0.39,2024-11-02,0623,SNPP,SNPP,n,2,297.63,2.59,D,0
20.16929,105.31499,334.89,0.46,0.39,2024-11-02,0623,SNPP,SNPP,n,2,297.6,4.02,D,0
20.30458,106.10215,329.47,0.5,0.41,2024-11-02,0623,SNPP,SNPP,n,2,300.33,2.48,D,0
20.24134,105.62885,335.31,0.47,0.4,2024-11-02,0623,SNPP,SNPP,n,2,300.43,14.1,D,0
20.24021,105.62587,343.76,0.47,0.4,2024-11-02,0623,SNPP,SNPP,n,2,300.96,14.68,D,0
20.30522,105.46831,327.91,0.47,0.4,2024-11-02,0623,SNPP,SNPP,n,2,295.5,2.58,D,0
20.46679,106.32226,330.21,0.52,0.41,2024-11-02,0623,SNPP,SNPP,n,2,300.85,2.26,D,0
20.51825,105.59158,329.52,0.48,0.4,2024-11-02,0623,SNPP,SNPP,n,2,296.38,3.8,D,0
20.6382,105.89109,335.14,0.49,0.41,2024-11-02,0623,SNPP,SNPP,n,2,303.15,5.01,D,0
20.81789,106.65043,334.34,0.54,0.42,2024-11-02,0623,SNPP,SNPP,n,2,301.19,4.34,D,0
20.79871,105.47156,329.72,0.47,0.4,2024-11-02,0623,SNPP,SNPP,n,2,296.35,2.76,D,0
20.85174,105.28024,333.97,0.46,0.39,2024-11-02,0623,SNPP,SNPP,n,2,295.35,3.33,D,0
21.05923,105.05372,328.64,0.46,0.39,2024-11-02,0623,SNPP,SNPP,l,2,298.74,4.84,D,0
21.3428,106.71346,330.78,0.56,0.43,2024-11-02,0623,SNPP,SNPP,n,2,304.12,4.09,D,0
21.33208,105.67263,335.23,0.49,0.4,2024-11-02,0623,SNPP,SNPP,n,2,301.63,3.89,D,0
21.37284,105.34857,336.02,0.47,0.4,2024-11-02,0623,SNPP,SNPP,n,2,300.37,2.58,D,0
21.34568,105.09033,331.89,0.46,0.39,2024-11-02,0623,SNPP,SNPP,n,2,298.26,2.79,D,0
21.59146,106.20128,332.57,0.52,0.42,2024-11-02,0623,SNPP,SNPP,n,2,300.54,1.69,D,0
21.73158,106.20122,341.12,0.53,0.42,2024-11-02,0623,SNPP,SNPP,n,2,297.4,5.63,D,0
21.64141,105.3084,332.28,0.47,0.4,2024-11-02,0623,SNPP,SNPP,n,2,299.41,3.05,D,0
21.74544,106.03059,336.56,0.52,0.41,2024-11-02,0623,SNPP,SNPP,n,2,299.08,3.85,D,0
21.83529,105.34813,330.97,0.48,0.4,2024-11-02,0624,SNPP,SNPP,n,2,296.79,3.76,D,0
21.83469,105.34349,328.97,0.48,0.4,2024-11-02,0624,SNPP,SNPP,n,2,296.98,2.9,D,0
21.83166,105.3198,337.17,0.48,0.4,2024-11-02,0624,SNPP,SNPP,n,2,297.72,3.82,D,0
21.94462,105.07289,340.69,0.47,0.39,2024-11-02,0624,SNPP,SNPP,n,2,297.63,7.94,D,0
20.99154,105.89748,302.2,0.53,0.42,2024-11-02,1852,SNPP,SNPP,n,2,289.66,1,N,2
21.05025,106.72766,333.14,0.46,0.47,2024-11-07,0630,SNPP,SNPP,n,2,294.74,5.83,D,0
21.06601,106.82342,339.32,0.46,0.47,2024-11-07,0630,SNPP,SNPP,n,2,291.2,5.07,D,0
21.0655,106.81915,331.77,0.46,0.47,2024-11-07,0630,SNPP,SNPP,n,2,291.87,5.82,D,0
21.06105,106.81657,330.82,0.46,0.47,2024-11-07,0630,SNPP,SNPP,n,2,292.16,4.15,D,0
21.05129,106.72865,341.47,0.46,0.47,2024-11-07,0630,SNPP,SNPP,n,2,294.81,5.33,D,0
21.06591,106.8203,338.91,0.46,0.47,2024-11-07,0630,SNPP,SNPP,n,2,291.83,4.15,D,0
21.27657,106.72141,341.88,0.46,0.47,2024-11-07,0630,SNPP,SNPP,n,2,292.96,5.72,D,0
21.27296,106.72308,341.09,0.46,0.47,2024-11-07,0630,SNPP,SNPP,n,2,293.17,8.07,D,0
21.77647,105.6492,340.98,0.4,0.44,2024-11-07,0630,SNPP,SNPP,n,2,295.32,4.57,D,0
21.82009,104.88364,328.79,0.55,0.42,2024-11-07,0630,SNPP,SNPP,n,2,291.46,3.02,D,0
21.56227,105.86889,314.43,0.43,0.46,2024-11-07,1859,SNPP,SNPP,n,2,289.1,1.44,N,2
21.55812,105.86794,312.02,0.43,0.46,2024-11-07,1859,SNPP,SNPP,n,2,288.86,1.44,N,2
21.06043,106.83005,306.02,0.5,0.49,2024-11-07,1859,SNPP,SNPP,n,2,288.04,1.62,N,0
21.05786,106.81979,305.28,0.5,0.49,2024-11-07,1859,SNPP,SNPP,n,2,288.05,1.27,N,0
21.06125,106.81845,307.04,0.5,0.49,2024-11-07,1859,SNPP,SNPP,n,2,288.71,1.57,N,0
21.26792,105.54397,300.53,0.41,0.45,2024-11-07,1859,SNPP,SNPP,n,2,288.59,0.39,N,0
21.01749,106.52793,302.14,0.48,0.48,2024-11-07,1859,SNPP,SNPP,n,2,291.06,1.64,N,2
21.01036,106.54063,301.43,0.48,0.48,2024-11-07,1859,SNPP,SNPP,n,2,289.85,1.98,N,2
20.40113,105.90172,309.95,0.45,0.47,2024-11-07,1859,SNPP,SNPP,n,2,290.74,1.57,N,2
20.24711,106.04149,299.63,0.46,0.47,2024-11-07,1859,SNPP,SNPP,n,2,288.83,0.34,N,0
20.52626,105.31688,332.59,0.38,0.36,2024-11-08,0611,SNPP,SNPP,n,2,294.87,2.85,D,0
21.05933,106.83148,345.83,0.41,0.37,2024-11-08,0611,SNPP,SNPP,n,2,302.47,7.25,D,0
21.02007,106.533,334.7,0.4,0.37,2024-11-08,0611,SNPP,SNPP,n,2,304.05,4.64,D,0
21.21618,106.73448,331.37,0.41,0.37,2024-11-08,0611,SNPP,SNPP,n,2,301.69,2.81,D,0
21.25392,106.80436,332.6,0.41,0.37,2024-11-08,0611,SNPP,SNPP,n,2,298.35,5.34,D,0
21.25734,106.80386,342.07,0.41,0.37,2024-11-08,0611,SNPP,SNPP,n,2,299.42,5.34,D,0
21.28647,106.69104,336.93,0.4,0.37,2024-11-08,0611,SNPP,SNPP,n,2,297.41,3.81,D,0
21.62149,106.64594,327.34,0.41,0.37,2024-11-08,0611,SNPP,SNPP,n,2,296.47,1.87,D,0
21.71302,106.14471,332.99,0.4,0.37,2024-11-08,0611,SNPP,SNPP,n,2,299.26,7.67,D,0
21.81989,106.3753,330.56,0.4,0.37,2024-11-08,0611,SNPP,SNPP,n,2,300.68,2.24,D,0
21.69779,105.89948,303.34,0.4,0.37,2024-11-08,1840,SNPP,SNPP,n,2,289.45,0.72,N,0
21.67862,104.95461,301.46,0.38,0.36,2024-11-08,1840,SNPP,SNPP,n,2,289.18,0.41,N,0
21.17914,106.5657,310.25,0.41,0.37,2024-11-08,1840,SNPP,SNPP,n,2,289.83,1.34,N,0
21.17849,106.56952,318.55,0.41,0.37,2024-11-08,1840,SNPP,SNPP,n,2,290.3,1.5,N,0
21.01736,106.52905,304.55,0.41,0.37,2024-11-08,1840,SNPP,SNPP,n,2,293.58,1.05,N,2
21.00854,106.5396,301.18,0.41,0.37,2024-11-08,1840,SNPP,SNPP,n,2,290.22,1.22,N,2
21.00239,105.96587,317.18,0.4,0.37,2024-11-08,1840,SNPP,SNPP,n,2,290.19,1.42,N,0
20.40781,105.90126,310.88,0.4,0.37,2024-11-08,1840,SNPP,SNPP,n,2,292.07,0.92,N,2
20.40444,105.90061,304.49,0.4,0.37,2024-11-08,1840,SNPP,SNPP,n,2,292.23,0.94,N,2
20.40043,105.90381,308.5,0.4,0.37,2024-11-08,1840,SNPP,SNPP,n,2,292.09,0.94,N,0
20.34211,105.91351,302.24,0.4,0.37,2024-11-08,1840,SNPP,SNPP,n,2,290.86,0.55,N,0
20.79832,106.50511,330.51,0.46,0.39,2024-11-09,0552,SNPP,SNPP,n,2,302.05,1.42,D,0
20.93509,106.36243,331.69,0.47,0.39,2024-11-09,0552,SNPP,SNPP,n,2,302.82,2.76,D,0
21.07199,106.84026,330.32,0.44,0.39,2024-11-09,0552,SNPP,SNPP,n,2,299.54,3.01,D,0
21.14107,106.65102,344.63,0.45,0.39,2024-11-09,0552,SNPP,SNPP,n,2,302.85,6.62,D,0
21.24321,106.67676,332.08,0.45,0.39,2024-11-09,0552,SNPP,SNPP,n,2,300.24,5.34,D,0
21.04635,105.53919,331.29,0.51,0.41,2024-11-09,0552,SNPP,SNPP,n,2,298.06,3.38,D,0
20.96194,105.06519,328.69,0.54,0.42,2024-11-09,0552,SNPP,SNPP,n,2,295.52,3.17,D,0
21.31247,105.81716,328.04,0.49,0.4,2024-11-09,0552,SNPP,SNPP,n,2,298.8,2.08,D,0
21.51093,106.84731,336.35,0.44,0.38,2024-11-09,0552,SNPP,SNPP,n,2,298.33,4.61,D,0
21.23468,104.86019,327.83,0.55,0.43,2024-11-09,0552,SNPP,SNPP,n,2,294.51,3.1,D,0
21.61136,106.63129,340.77,0.45,0.39,2024-11-09,0552,SNPP,SNPP,n,2,300.61,6.9,D,0
21.61298,106.44859,334.25,0.45,0.39,2024-11-09,0552,SNPP,SNPP,n,2,299.15,4.21,D,0
21.7265,106.17577,327.14,0.47,0.39,2024-11-09,0552,SNPP,SNPP,n,2,297.78,2.07,D,0
21.69897,106.4902,333.24,0.44,0.38,2024-11-09,1821,SNPP,SNPP,n,2,292.76,8.39,N,0
21.69957,106.48592,300.1,0.44,0.38,2024-11-09,1821,SNPP,SNPP,n,2,286.11,8.39,N,0
21.56613,106.49215,300.25,0.44,0.38,2024-11-09,1821,SNPP,SNPP,n,2,288.79,0.67,N,0
21.18181,106.566,309.05,0.43,0.38,2024-11-09,1821,SNPP,SNPP,n,2,290.52,1.24,N,0
21.07388,106.83926,309.15,0.42,0.38,2024-11-09,1821,SNPP,SNPP,n,2,290,1.21,N,0
21.07332,106.84318,298.68,0.42,0.38,2024-11-09,1821,SNPP,SNPP,n,2,288.49,0.32,N,0
21.01805,106.52785,314.19,0.43,0.38,2024-11-09,1821,SNPP,SNPP,n,2,292.48,1.81,N,2
21.01745,106.53201,315.61,0.43,0.38,2024-11-09,1821,SNPP,SNPP,n,2,293.36,2.62,N,2
20.96398,106.75541,303.72,0.43,0.38,2024-11-09,1821,SNPP,SNPP,n,2,291.64,0.58,N,0
21.00111,105.77703,311.73,0.47,0.39,2024-11-09,1821,SNPP,SNPP,n,2,289.69,0.79,N,0
20.53183,105.86558,302.4,0.46,0.39,2024-11-09,1821,SNPP,SNPP,n,2,291.22,0.64,N,2
20.45427,105.88691,303.35,0.46,0.39,2024-11-09,1821,SNPP,SNPP,n,2,292.01,0.92,N,0
20.40818,105.90189,307.82,0.45,0.39,2024-11-09,1821,SNPP,SNPP,n,2,291.75,0.98,N,2
20.40459,105.90134,305.54,0.45,0.39,2024-11-09,1821,SNPP,SNPP,n,2,292.21,0.98,N,2
20.401,105.9008,311.94,0.45,0.39,2024-11-09,1821,SNPP,SNPP,n,2,292.04,1.29,N,2
20.19269,105.07514,347.68,0.36,0.58,2024-11-10,0533,SNPP,SNPP,n,2,293.58,4.88,D,0
20.31613,105.4558,326.94,0.34,0.56,2024-11-10,0533,SNPP,SNPP,n,2,292.81,2.46,D,0
20.92468,106.59866,333.61,0.56,0.52,2024-11-10,0533,SNPP,SNPP,n,2,294.82,2.33,D,0
21.23002,106.74258,330.29,0.54,0.51,2024-11-10,0533,SNPP,SNPP,n,2,293.74,3.71,D,0
21.44363,106.44823,333.02,0.56,0.52,2024-11-10,0533,SNPP,SNPP,n,2,295.58,3.22,D,0
21.85708,106.12285,335.36,0.58,0.52,2024-11-10,0533,SNPP,SNPP,n,2,305.63,93.6,D,0
21.8926,106.1259,334.67,0.58,0.52,2024-11-10,0533,SNPP,SNPP,n,2,294.78,3.07,D,0
21.89214,106.12923,331.17,0.58,0.52,2024-11-10,0533,SNPP,SNPP,n,2,294.1,4.59,D,0
21.53143,105.69505,312.06,0.6,0.53,2024-11-10,1802,SNPP,SNPP,n,2,288.48,2.31,N,0
21.02075,106.53189,305.83,0.53,0.5,2024-11-10,1802,SNPP,SNPP,n,2,289.72,1.49,N,2
21.01611,106.53127,306.87,0.53,0.5,2024-11-10,1802,SNPP,SNPP,n,2,290.26,1.94,N,2
21.01555,106.53639,302.68,0.53,0.5,2024-11-10,1802,SNPP,SNPP,n,2,290.47,2.03,N,2
20.84614,106.04933,303.32,0.56,0.52,2024-11-10,1802,SNPP,SNPP,n,2,288.14,1.12,N,0
20.8462,106.04825,306.61,0.56,0.52,2024-11-10,1802,SNPP,SNPP,n,2,288.04,0.74,N,0
20.48535,105.53831,341.43,0.66,0.73,2024-11-11,0514,SNPP,SNPP,n,2,287.35,7.74,D,0
20.487,105.5355,336.46,0.66,0.73,2024-11-11,0514,SNPP,SNPP,n,2,287.3,5.09,D,0
20.97741,106.50712,335.5,0.56,0.69,2024-11-11,0514,SNPP,SNPP,n,2,291.14,5.51,D,0
21.52064,106.77899,367,0.53,0.67,2024-11-11,0514,SNPP,SNPP,h,2,293.22,29.75,D,0
21.16181,105.25655,327.65,0.67,0.73,2024-11-11,0514,SNPP,SNPP,n,2,287.96,5.09,D,0
21.51886,106.78051,367,0.53,0.67,2024-11-11,0514,SNPP,SNPP,h,2,292.7,16.1,D,0
21.51768,106.77554,354.36,0.53,0.67,2024-11-11,0514,SNPP,SNPP,n,2,290.87,16.1,D,0
20.14444,105.54935,340.54,0.48,0.64,2024-11-11,0654,SNPP,SNPP,n,2,289.56,8.16,D,0
20.144,105.54456,337.09,0.48,0.64,2024-11-11,0654,SNPP,SNPP,n,2,289.6,5.81,D,0
20.25061,105.62453,345.68,0.48,0.65,2024-11-11,0655,SNPP,SNPP,n,2,290.33,5.18,D,0
20.51644,105.63147,329.97,0.49,0.65,2024-11-11,0655,SNPP,SNPP,n,2,290.05,6.87,D,0
20.51595,105.62621,332.69,0.49,0.65,2024-11-11,0655,SNPP,SNPP,n,2,289.8,4.8,D,0
20.51692,105.6291,345.1,0.49,0.65,2024-11-11,0655,SNPP,SNPP,n,2,290.3,5.51,D,0
20.77635,106.47311,332.06,0.55,0.68,2024-11-11,0655,SNPP,SNPP,n,2,288.34,3.88,D,0
20.7629,105.48247,367,0.48,0.65,2024-11-11,0655,SNPP,SNPP,h,2,294.69,23.98,D,0
20.7625,105.47796,330.19,0.48,0.65,2024-11-11,0655,SNPP,SNPP,n,2,290.21,23.98,D,0
20.80502,105.47722,334.73,0.48,0.65,2024-11-11,0655,SNPP,SNPP,n,2,290.27,2.89,D,0
20.807,105.47815,326.74,0.48,0.65,2024-11-11,0655,SNPP,SNPP,n,2,289.49,4.52,D,0
21.09218,106.34721,327.67,0.55,0.68,2024-11-11,0655,SNPP,SNPP,n,2,290.45,2.32,D,0
21.08788,106.34779,331.41,0.55,0.68,2024-11-11,0655,SNPP,SNPP,n,2,290.52,5,D,0
21.16316,105.25829,334.97,0.47,0.64,2024-11-11,0655,SNPP,SNPP,n,2,291.07,4.18,D,0
21.52033,106.78226,337.87,0.59,0.7,2024-11-11,0655,SNPP,SNPP,n,2,289.34,6.18,D,0
21.5486,106.08006,327.79,0.53,0.67,2024-11-11,0655,SNPP,SNPP,n,2,290.01,2.82,D,0
21.778,104.94413,343.74,0.45,0.63,2024-11-11,0655,SNPP,SNPP,n,2,291.04,5.3,D,0
21.35663,105.69408,304.33,0.61,0.71,2024-11-11,1743,SNPP,SNPP,n,2,286.69,0.86,N,0
21.01315,106.53747,300.5,0.53,0.67,2024-11-11,1743,SNPP,SNPP,n,2,285.32,2.23,N,2
20.40008,105.90125,303.08,0.58,0.69,2024-11-11,1743,SNPP,SNPP,n,2,286.47,1,N,2
21.35975,105.69506,301.93,0.52,0.67,2024-11-11,1924,SNPP,SNPP,n,2,286.92,0.53,N,0
20.91197,105.30273,340.18,0.46,0.47,2024-11-12,0636,SNPP,SNPP,n,2,292.03,5.23,D,0
20.91638,105.30238,333.52,0.46,0.47,2024-11-12,0636,SNPP,SNPP,n,2,292.01,5.23,D,0
21.17322,106.49261,329.66,0.56,0.51,2024-11-12,0636,SNPP,SNPP,n,2,287.77,4.72,D,0
21.20975,106.84207,328.52,0.59,0.53,2024-11-12,0636,SNPP,SNPP,n,2,292.88,3.18,D,0
21.08623,105.07996,332.72,0.45,0.47,2024-11-12,0636,SNPP,SNPP,n,2,293.59,3.7,D,0
21.3222,106.62035,338.98,0.57,0.52,2024-11-12,0636,SNPP,SNPP,n,2,291.19,11.47,D,0
21.32158,106.61452,337.49,0.57,0.52,2024-11-12,0636,SNPP,SNPP,n,2,290.2,11.47,D,0
21.44266,106.43237,343.65,0.56,0.51,2024-11-12,0636,SNPP,SNPP,n,2,293.53,14.11,D,0
21.49647,104.85866,330.53,0.44,0.46,2024-11-12,0636,SNPP,SNPP,n,2,294.11,2.91,D,0
21.70634,106.1856,339.63,0.54,0.51,2024-11-12,0636,SNPP,SNPP,n,2,293.25,6.97,D,0
21.78745,106.16932,328.12,0.54,0.51,2024-11-12,0636,SNPP,SNPP,n,2,292.99,3.62,D,0
21.55852,105.86996,304.31,0.53,0.5,2024-11-12,1905,SNPP,SNPP,n,2,289.96,1.71,N,2
21.01944,106.52968,305.1,0.6,0.53,2024-11-12,1905,SNPP,SNPP,n,2,289.13,1.73,N,2
20.87391,106.59628,299.49,0.61,0.53,2024-11-12,1905,SNPP,SNPP,n,2,282.57,0.44,N,0
20.39922,105.89969,303.9,0.56,0.52,2024-11-12,1905,SNPP,SNPP,n,2,290.98,1.53,N,2
20.40237,105.9035,304.08,0.56,0.52,2024-11-12,1905,SNPP,SNPP,n,2,291.59,2.04,N,0
20.10544,105.16695,329.68,0.4,0.37,2024-11-13,0617,SNPP,SNPP,n,2,297.39,2.22,D,0
20.3115,106.20634,337.08,0.43,0.38,2024-11-13,0617,SNPP,SNPP,n,2,300.24,4.54,D,0
20.37488,106.43542,331.09,0.44,0.38,2024-11-13,0617,SNPP,SNPP,n,2,298.99,3.18,D,0
20.5131,105.53881,332.75,0.41,0.37,2024-11-13,0617,SNPP,SNPP,n,2,295.37,17.33,D,0
20.53224,105.62487,341.64,0.41,0.37,2024-11-13,0617,SNPP,SNPP,n,2,298.16,18.95,D,0
20.5362,105.45516,330.3,0.41,0.37,2024-11-13,0617,SNPP,SNPP,n,2,294.72,1.44,D,0
20.99699,105.09538,331.3,0.4,0.37,2024-11-13,0617,SNPP,SNPP,n,2,296.73,1.42,D,0
21.20056,106.1954,346.25,0.44,0.38,2024-11-13,0617,SNPP,SNPP,n,2,301.93,34.54,D,0
21.20408,106.19478,335.53,0.44,0.38,2024-11-13,0617,SNPP,SNPP,n,2,305.53,34.54,D,0
21.56768,105.39091,332.29,0.41,0.37,2024-11-13,0617,SNPP,SNPP,n,2,296.59,3.5,D,0
21.76034,105.40199,333.17,0.41,0.37,2024-11-13,0617,SNPP,SNPP,n,2,298.49,5.81,D,0
21.76377,105.4014,333.22,0.41,0.37,2024-11-13,0617,SNPP,SNPP,n,2,296.45,5.81,D,0
21.56054,105.86942,306.53,0.44,0.38,2024-11-13,1846,SNPP,SNPP,n,2,291.97,1.31,N,2
21.18542,106.52453,322.64,0.47,0.4,2024-11-13,1846,SNPP,SNPP,n,2,291.62,1.5,N,0
21.18458,106.52928,302.15,0.47,0.4,2024-11-13,1846,SNPP,SNPP,n,2,291.43,1.5,N,0
21.18091,106.52881,308.49,0.47,0.4,2024-11-13,1846,SNPP,SNPP,n,2,291.64,1.5,N,0
21.03867,106.58832,303.47,0.48,0.4,2024-11-13,1846,SNPP,SNPP,n,2,292.76,0.86,N,2
21.01849,106.53229,308.15,0.48,0.4,2024-11-13,1846,SNPP,SNPP,n,2,294.25,1.35,N,2
20.98913,105.82148,305.57,0.44,0.39,2024-11-13,1846,SNPP,SNPP,n,2,292.46,0.4,N,0
20.53201,105.8653,304.1,0.45,0.39,2024-11-13,1846,SNPP,SNPP,n,2,292.99,0.8,N,2
20.40637,105.90043,305.09,0.45,0.39,2024-11-13,1846,SNPP,SNPP,n,2,292.88,0.95,N,2
20.39849,105.90334,315.14,0.45,0.39,2024-11-13,1846,SNPP,SNPP,n,2,293.55,2.26,N,2
20.34119,105.91442,305.57,0.46,0.39,2024-11-13,1846,SNPP,SNPP,n,2,292.8,0.38,N,0
20.73968,105.17555,331.14,0.45,0.39,2024-11-14,0558,SNPP,SNPP,n,2,295.3,3.35,D,0
21.2767,106.6898,332.18,0.4,0.37,2024-11-14,0558,SNPP,SNPP,n,2,295.14,5.1,D,0
21.54442,106.65621,338.92,0.4,0.37,2024-11-14,0558,SNPP,SNPP,n,2,300.14,5.53,D,0
21.3259,105.08547,337.48,0.45,0.39,2024-11-14,0558,SNPP,SNPP,n,2,295.32,3.95,D,0
21.55892,105.8679,330.59,0.42,0.38,2024-11-14,0558,SNPP,SNPP,n,2,297.74,3.24,D,2
21.84562,106.05729,331.96,0.41,0.37,2024-11-14,0558,SNPP,SNPP,n,2,298.54,3.65,D,0
21.2349,106.51221,302.78,0.39,0.36,2024-11-14,1827,SNPP,SNPP,n,2,292.66,0.34,N,0
21.17957,106.52707,307.37,0.39,0.36,2024-11-14,1827,SNPP,SNPP,n,2,292.82,0.63,N,0
21.01468,106.53773,307.91,0.39,0.36,2024-11-14,1827,SNPP,SNPP,n,2,294.88,1.26,N,2
21.01078,106.54092,308.02,0.39,0.36,2024-11-14,1827,SNPP,SNPP,n,2,295.09,1.49,N,2
21.02669,105.77073,308.71,0.41,0.37,2024-11-14,1827,SNPP,SNPP,n,2,293.94,1.04,N,0
20.72504,106.06364,305.5,0.4,0.37,2024-11-14,1827,SNPP,SNPP,n,2,293.12,0.44,N,0
20.53105,105.86714,306.03,0.4,0.37,2024-11-14,1827,SNPP,SNPP,n,2,293.78,0.99,N,2
20.40803,105.89884,313.55,0.4,0.37,2024-11-14,1827,SNPP,SNPP,n,2,293.76,1.28,N,2
20.40408,105.90211,309.52,0.4,0.37,2024-11-14,1827,SNPP,SNPP,n,2,294.5,1.15,N,2
20.4007,105.90155,314.56,0.4,0.37,2024-11-14,1827,SNPP,SNPP,n,2,294.42,1.15,N,2
20.39732,105.90099,308.44,0.4,0.37,2024-11-14,1827,SNPP,SNPP,n,2,293.54,0.79,N,2
20.34044,105.9111,307.12,0.4,0.37,2024-11-14,1827,SNPP,SNPP,n,2,293.68,1,N,0
20.11229,105.21787,333.63,0.57,0.52,2024-11-15,0539,SNPP,SNPP,n,2,295.96,5,D,0
20.54113,105.63042,334.76,0.52,0.5,2024-11-15,0539,SNPP,SNPP,n,2,293.93,5.22,D,0
21.59776,105.74063,340.07,0.49,0.49,2024-11-15,0539,SNPP,SNPP,n,2,297.42,8.78,D,0
21.59593,105.74301,346.61,0.49,0.49,2024-11-15,0539,SNPP,SNPP,n,2,298.45,8.76,D,0
20.53111,105.86456,304.19,0.46,0.47,2024-11-15,1809,SNPP,SNPP,n,2,294.18,0.87,N,2
20.40617,105.9015,309.53,0.45,0.47,2024-11-15,1809,SNPP,SNPP,n,2,294.47,1.17,N,2
20.40184,105.90095,307.11,0.45,0.47,2024-11-15,1809,SNPP,SNPP,n,2,294.78,1.17,N,2
21.18289,106.53059,328.71,0.45,0.63,2024-11-16,0521,SNPP,SNPP,n,2,292.78,2.88,D,0
21.62819,104.88853,334.59,0.57,0.69,2024-11-16,0701,SNPP,SNPP,n,2,294.43,3.98,D,0
21.85572,105.83091,343.17,0.65,0.73,2024-11-16,0701,SNPP,SNPP,n,2,293.65,5.46,D,0
21.90961,105.55132,330.82,0.63,0.72,2024-11-16,0701,SNPP,SNPP,n,2,294.11,3.95,D,0
21.90579,105.55721,327.8,0.63,0.72,2024-11-16,0701,SNPP,SNPP,n,2,294.39,5.29,D,0
21.01557,106.52822,303.81,0.42,0.61,2024-11-16,1749,SNPP,SNPP,n,2,293.52,2.13,N,2
21.0148,106.53656,306.18,0.42,0.61,2024-11-16,1749,SNPP,SNPP,n,2,294.35,1.4,N,2
20.4546,105.88716,301.86,0.46,0.63,2024-11-16,1750,SNPP,SNPP,n,2,290.63,0.98,N,0
20.40573,105.89989,303.95,0.46,0.63,2024-11-16,1750,SNPP,SNPP,n,2,290.44,0.66,N,2
21.01833,106.52975,302.87,0.74,0.76,2024-11-16,1930,SNPP,SNPP,n,2,292.51,1.84,N,2
20.15267,105.46179,336.86,0.58,0.52,2024-11-17,0642,SNPP,SNPP,n,2,295.23,5.27,D,0
20.14462,105.12453,329.55,0.56,0.51,2024-11-17,0642,SNPP,SNPP,n,2,296.27,5.67,D,0
20.49427,105.53078,339.77,0.6,0.53,2024-11-17,0642,SNPP,SNPP,n,2,296.6,5.77,D,0
20.49916,105.53001,340.44,0.6,0.53,2024-11-17,0642,SNPP,SNPP,n,2,295.52,7.37,D,0
20.66018,105.19122,333.14,0.57,0.52,2024-11-17,0642,SNPP,SNPP,n,2,296.3,6.07,D,0
20.94301,105.22194,329.19,0.58,0.52,2024-11-17,0642,SNPP,SNPP,n,2,295.25,3.25,D,0
20.99452,105.10984,340.58,0.57,0.52,2024-11-17,0642,SNPP,SNPP,n,2,296.69,11.2,D,0
20.9938,105.1089,344.01,0.57,0.52,2024-11-17,0642,SNPP,SNPP,n,2,296.61,10.3,D,0
21.16812,105.82749,331.81,0.64,0.54,2024-11-17,0642,SNPP,SNPP,n,2,297.01,5.25,D,0
21.11215,105.03315,330.49,0.56,0.52,2024-11-17,0642,SNPP,SNPP,n,2,296.76,4.01,D,0
21.11124,105.03057,330.36,0.56,0.52,2024-11-17,0642,SNPP,SNPP,n,2,295.99,3.9,D,0
21.43184,106.00491,333.3,0.33,0.55,2024-11-17,0642,SNPP,SNPP,n,2,298.51,3.24,D,0
21.65028,106.07251,340.54,0.33,0.56,2024-11-17,0642,SNPP,SNPP,n,2,296.71,3.22,D,0
21.89032,104.85208,332.36,0.56,0.52,2024-11-17,0642,SNPP,SNPP,n,2,295.8,4.93,D,0
21.94283,105.30563,340.06,0.6,0.53,2024-11-17,0642,SNPP,SNPP,n,2,294.41,7.24,D,0
21.55991,105.86833,305.23,0.33,0.56,2024-11-17,1911,SNPP,SNPP,n,2,290.46,1.12,N,2
21.56208,105.86879,303.41,0.33,0.56,2024-11-17,1911,SNPP,SNPP,n,2,290.16,0.88,N,2
21.07761,106.43134,303.61,0.37,0.58,2024-11-17,1911,SNPP,SNPP,n,2,290.33,0.99,N,0
21.01716,106.52922,308.34,0.38,0.58,2024-11-17,1911,SNPP,SNPP,n,2,291.39,2.51,N,2
20.99081,105.89745,309.84,0.34,0.56,2024-11-17,1911,SNPP,SNPP,n,2,290.74,1.33,N,2
21.00041,105.77645,305.65,0.34,0.56,2024-11-17,1911,SNPP,SNPP,n,2,290.43,0.22,N,0
20.16158,105.45595,341.89,0.46,0.39,2024-11-18,0623,SNPP,SNPP,n,2,291.31,5.94,D,0
21.17653,105.02011,335.29,0.45,0.39,2024-11-18,0623,SNPP,SNPP,n,2,293.83,4.4,D,0
21.27904,104.8717,328.1,0.45,0.39,2024-11-18,0623,SNPP,SNPP,n,2,296.38,2.48,D,0
21.77672,104.93512,329.99,0.46,0.39,2024-11-18,0623,SNPP,SNPP,n,2,296.87,1.12,D,0
21.78033,104.93465,331.25,0.46,0.39,2024-11-18,0623,SNPP,SNPP,n,2,298.71,2.14,D,0
21.58507,106.26003,307.46,0.54,0.42,2024-11-18,1852,SNPP,SNPP,n,2,289.91,0.85,N,0
21.01829,106.52868,321.23,0.38,0.43,2024-11-18,1852,SNPP,SNPP,n,2,292.72,3.13,N,2
21.0076,106.54159,302.16,0.38,0.43,2024-11-18,1852,SNPP,SNPP,n,2,289.27,0.56,N,2
20.52948,105.62378,333.11,0.39,0.36,2024-11-19,0604,SNPP,SNPP,n,2,292.06,2.86,D,0
21.03078,106.16562,344.82,0.39,0.36,2024-11-19,0604,SNPP,SNPP,n,2,298.99,3.34,D,0
21.19102,106.50488,342.49,0.38,0.36,2024-11-19,0604,SNPP,SNPP,n,2,296.81,6.9,D,0
21.22512,106.6844,333.91,0.38,0.36,2024-11-19,0604,SNPP,SNPP,n,2,295.03,2.16,D,0
21.27751,106.67156,346.52,0.38,0.36,2024-11-19,0604,SNPP,SNPP,n,2,298.49,7.64,D,0
21.39391,106.41591,344.72,0.38,0.36,2024-11-19,0604,SNPP,SNPP,n,2,301.3,6.68,D,0
21.8803,106.14442,333.38,0.38,0.36,2024-11-19,0604,SNPP,SNPP,n,2,298.11,6.71,D,0
21.90989,105.55294,336.1,0.39,0.36,2024-11-19,0605,SNPP,SNPP,n,2,297.81,6.96,D,0
21.9093,105.54916,333,0.39,0.36,2024-11-19,0605,SNPP,SNPP,n,2,298.52,3.58,D,0
20.97628,105.85981,306.76,0.38,0.36,2024-11-19,1833,SNPP,SNPP,n,2,291.32,0.92,N,0
21.69759,105.90136,300.87,0.38,0.36,2024-11-19,1833,SNPP,SNPP,n,2,290.2,0.44,N,0
21.56787,106.49285,302.32,0.38,0.36,2024-11-19,1833,SNPP,SNPP,n,2,290.76,0.75,N,0
21.39653,106.41669,309.74,0.38,0.36,2024-11-19,1833,SNPP,SNPP,n,2,289.5,0.79,N,0
21.39381,106.41241,312.44,0.38,0.36,2024-11-19,1833,SNPP,SNPP,n,2,289.73,0.6,N,0
21.39323,106.4161,300.74,0.38,0.36,2024-11-19,1833,SNPP,SNPP,n,2,289.12,0.83,N,0
21.39051,106.41181,300.17,0.38,0.36,2024-11-19,1833,SNPP,SNPP,n,2,289.17,0.6,N,0
21.01911,106.53214,304.93,0.39,0.36,2024-11-19,1833,SNPP,SNPP,n,2,293.13,0.93,N,2
21.01463,106.53891,303.98,0.39,0.36,2024-11-19,1833,SNPP,SNPP,n,2,292.49,0.81,N,2
21.01132,106.53831,303.93,0.39,0.36,2024-11-19,1833,SNPP,SNPP,n,2,292.02,0.81,N,2
20.96254,106.75749,304.01,0.39,0.36,2024-11-19,1833,SNPP,SNPP,n,2,292.24,0.58,N,0
21.21031,106.68523,344.8,0.54,0.42,2024-11-20,0545,SNPP,SNPP,n,2,298.63,19.65,D,0
21.23896,106.50909,329.59,0.55,0.43,2024-11-20,0545,SNPP,SNPP,n,2,297.19,3.48,D,0
21.24289,106.50851,345.29,0.55,0.43,2024-11-20,0545,SNPP,SNPP,n,2,297.31,7.49,D,0
21.16664,106.03281,347.97,0.39,0.44,2024-11-20,0545,SNPP,SNPP,n,2,298.2,6.5,D,0
21.0174,105.22459,341.48,0.44,0.46,2024-11-20,0545,SNPP,SNPP,n,2,293.89,10.86,D,0
21.35937,106.84149,329.23,0.52,0.42,2024-11-20,0545,SNPP,SNPP,l,2,299.75,5,D,0
21.36324,106.84109,325.51,0.52,0.42,2024-11-20,0545,SNPP,SNPP,l,2,296.57,5,D,0
21.14271,105.03605,335.4,0.45,0.47,2024-11-20,0546,SNPP,SNPP,n,2,291.97,4.89,D,0
21.73419,105.71272,329.58,0.4,0.44,2024-11-20,0546,SNPP,SNPP,n,2,296.61,2.35,D,0
21.73429,105.71371,327.96,0.4,0.44,2024-11-20,0546,SNPP,SNPP,n,2,296.24,2.59,D,0
21.9228,106.28343,332.87,0.55,0.43,2024-11-20,0546,SNPP,SNPP,n,2,293.97,7.14,D,0
21.92667,105.5777,338.37,0.4,0.44,2024-11-20,0546,SNPP,SNPP,n,2,293.63,5.54,D,0
21.92607,105.57783,330.78,0.4,0.44,2024-11-20,0546,SNPP,SNPP,n,2,293.11,5.5,D,0
21.017,106.52981,326.47,0.36,0.57,2024-11-21,0527,SNPP,SNPP,l,2,300.32,2.68,D,2
21.20191,106.73785,335.44,0.34,0.56,2024-11-21,0527,SNPP,SNPP,n,2,292.86,3.19,D,0
21.20123,106.7346,338.25,0.34,0.56,2024-11-21,0527,SNPP,SNPP,n,2,292.56,3.19,D,0
21.20309,106.73779,325.06,0.34,0.56,2024-11-21,0527,SNPP,SNPP,n,2,292.56,3.21,D,0
21.20237,106.73447,347.59,0.34,0.56,2024-11-21,0527,SNPP,SNPP,n,2,293.16,3.21,D,0
21.23681,106.66826,367,0.35,0.57,2024-11-21,0527,SNPP,SNPP,h,2,294.75,5.3,D,0
21.21144,106.52438,325.28,0.36,0.57,2024-11-21,0527,SNPP,SNPP,n,2,293.5,2.11,D,0
21.26482,106.69816,332,0.35,0.56,2024-11-21,0527,SNPP,SNPP,n,2,291.65,2.87,D,0
21.2302,106.50976,325.05,0.36,0.57,2024-11-21,0527,SNPP,SNPP,n,2,293.83,1.52,D,0
21.3446,106.71574,326.17,0.34,0.56,2024-11-21,0527,SNPP,SNPP,n,2,294.38,3.35,D,0
21.23283,105.83337,331.55,0.39,0.59,2024-11-21,0527,SNPP,SNPP,n,2,293.5,3.8,D,0
21.50411,105.97038,367,0.38,0.59,2024-11-21,0527,SNPP,SNPP,h,2,293.44,5.52,D,0
21.6169,106.15506,367,0.37,0.58,2024-11-21,0527,SNPP,SNPP,h,2,293.48,6.53,D,0
21.89398,106.13377,335.47,0.36,0.58,2024-11-21,0527,SNPP,SNPP,n,2,289.73,2.77,D,0
21.48223,105.87034,301.73,0.37,0.58,2024-11-21,1756,SNPP,SNPP,n,2,287.37,0.52,N,0
21.07515,106.42548,299.47,0.34,0.56,2024-11-21,1756,SNPP,SNPP,n,2,288.66,0.45,N,0
21.11567,105.92617,302.21,0.37,0.58,2024-11-21,1756,SNPP,SNPP,n,2,287.97,0.41,N,0
21.02245,106.52915,299.48,0.34,0.56,2024-11-21,1756,SNPP,SNPP,n,2,288.65,0.78,N,0
21.01729,106.52852,306.83,0.34,0.56,2024-11-21,1756,SNPP,SNPP,n,2,288.65,0.78,N,2
20.52983,105.86612,300.33,0.36,0.58,2024-11-21,1756,SNPP,SNPP,n,2,287.12,0.74,N,2
20.42351,105.90009,300.05,0.36,0.58,2024-11-21,1756,SNPP,SNPP,n,2,287.96,0.57,N,0
21.8945,106.15181,334.02,0.71,0.75,2024-11-22,0508,SNPP,SNPP,n,2,287.89,27.44,D,0
21.89287,106.14529,356.68,0.71,0.75,2024-11-22,0508,SNPP,SNPP,n,2,289.9,28.16,D,0
21.89164,106.14703,367,0.71,0.75,2024-11-22,0508,SNPP,SNPP,h,2,291.6,42.56,D,0
20.43362,105.52524,332.05,0.38,0.58,2024-11-22,0648,SNPP,SNPP,n,2,289.09,3.12,D,0
20.50547,105.63757,330.69,0.38,0.59,2024-11-22,0648,SNPP,SNPP,n,2,287.48,2.31,D,0
21.00991,105.03757,334.72,0.36,0.57,2024-11-22,0648,SNPP,SNPP,n,2,287.66,1.88,D,0
21.49324,105.93833,326.36,0.41,0.61,2024-11-22,0648,SNPP,SNPP,n,2,292.67,1.46,D,0
21.6167,106.81697,367,0.47,0.64,2024-11-22,0648,SNPP,SNPP,h,2,293.34,8.95,D,0
21.61357,104.97399,337.8,0.36,0.57,2024-11-22,0649,SNPP,SNPP,n,2,292.43,2.24,D,0
21.61649,104.97204,330.76,0.36,0.57,2024-11-22,0649,SNPP,SNPP,n,2,292.72,1.62,D,0
21.89522,105.52801,337.85,0.39,0.59,2024-11-22,0649,SNPP,SNPP,n,2,290.25,3.62,D,0
21.48491,105.87078,297.96,0.75,0.77,2024-11-22,1737,SNPP,SNPP,n,2,285.74,0.8,N,0
21.36159,105.77118,300.22,0.76,0.77,2024-11-22,1737,SNPP,SNPP,n,2,284.77,0.85,N,0
21.3543,105.7717,306.94,0.76,0.77,2024-11-22,1737,SNPP,SNPP,n,2,284.93,2.22,N,0
21.35943,105.76871,312.58,0.76,0.77,2024-11-22,1737,SNPP,SNPP,n,2,284.98,2.42,N,0
21.56724,106.49239,296.61,0.46,0.63,2024-11-22,1917,SNPP,SNPP,n,2,286.02,1.17,N,0
21.35607,105.77484,330.54,0.42,0.61,2024-11-22,1917,SNPP,SNPP,n,2,287.04,2.61,N,0
21.357,105.77072,311.84,0.42,0.61,2024-11-22,1917,SNPP,SNPP,n,2,286.66,2.61,N,0
21.77903,106.31992,331.66,0.44,0.46,2024-11-23,0630,SNPP,SNPP,n,2,294.26,3.22,D,0
21.77719,106.32038,333.33,0.44,0.46,2024-11-23,0630,SNPP,SNPP,n,2,293.78,2.48,D,0
21.79788,106.23541,341.82,0.43,0.46,2024-11-23,0630,SNPP,SNPP,n,2,294.94,5.94,D,0
21.56179,105.87061,299.95,0.43,0.46,2024-11-23,1858,SNPP,SNPP,n,2,288.68,0.54,N,0
21.01855,106.52839,306.13,0.48,0.48,2024-11-23,1859,SNPP,SNPP,n,2,291.15,2.11,N,2
21.02191,106.04924,298.96,0.45,0.47,2024-11-23,1859,SNPP,SNPP,n,2,287.67,0.48,N,0
21.02108,106.0535,299.05,0.45,0.47,2024-11-23,1859,SNPP,SNPP,n,2,287.72,0.41,N,0
20.99001,105.89711,305.73,0.44,0.46,2024-11-23,1859,SNPP,SNPP,n,2,288.3,1.24,N,2
20.70292,106.47347,316.7,0.48,0.48,2024-11-23,1859,SNPP,SNPP,n,2,288.24,2.24,N,0
20.34181,105.91261,303.2,0.45,0.47,2024-11-23,1859,SNPP,SNPP,n,2,289.12,0.71,N,0
20.10144,105.87887,301.36,0.45,0.47,2024-11-23,1859,SNPP,SNPP,n,2,288.26,0.42,N,0
20.83894,106.54662,299.37,0.42,0.37,2024-11-24,1840,SNPP,SNPP,n,2,286.54,0.46,N,0
21.03021,106.55592,346.61,0.56,0.52,2024-11-28,0636,SNPP,SNPP,n,2,295.23,8.34,D,0
20.55781,106.40449,328.78,0.44,0.39,2024-11-29,0617,SNPP,SNPP,n,2,295.3,1.51,D,0
20.90079,106.79557,340.47,0.46,0.39,2024-11-29,0617,SNPP,SNPP,n,2,294.97,4.66,D,0
21.03307,106.55717,334.1,0.45,0.39,2024-11-29,0617,SNPP,SNPP,n,2,294.17,3.33,D,0
21.15136,106.67297,326.87,0.46,0.39,2024-11-29,0617,SNPP,SNPP,n,2,295.11,3.78,D,0
21.24325,106.50391,328.5,0.45,0.39,2024-11-29,0617,SNPP,SNPP,n,2,295.78,2.21,D,0
21.27853,106.7369,330.91,0.46,0.39,2024-11-29,0617,SNPP,SNPP,n,2,293.02,2.81,D,0
21.24146,106.50536,328.69,0.45,0.39,2024-11-29,0617,SNPP,SNPP,n,2,295.28,3.58,D,0
21.27917,106.73816,327.71,0.46,0.39,2024-11-29,0617,SNPP,SNPP,n,2,290.8,1.94,D,0
21.38784,106.41299,325.71,0.45,0.39,2024-11-29,0617,SNPP,SNPP,n,2,295.04,2.53,D,0
21.39199,106.41676,328.35,0.45,0.39,2024-11-29,0617,SNPP,SNPP,n,2,296.54,6.18,D,0
21.39141,106.41239,330.93,0.45,0.39,2024-11-29,0617,SNPP,SNPP,n,2,293.86,2.53,D,0
21.34233,105.71167,327.82,0.42,0.38,2024-11-29,0617,SNPP,SNPP,n,2,292.52,1.54,D,0
21.36028,105.67597,340.12,0.42,0.38,2024-11-29,0617,SNPP,SNPP,n,2,292.35,3.51,D,0
21.45527,105.87537,326.61,0.43,0.38,2024-11-29,0617,SNPP,SNPP,n,2,294.05,1.11,D,0
21.48851,105.85442,329.32,0.43,0.38,2024-11-29,0617,SNPP,SNPP,n,2,294.75,2.23,D,0
21.65939,106.0284,337.33,0.44,0.38,2024-11-29,0617,SNPP,SNPP,n,2,293.81,7.99,D,0
21.72533,106.04124,331.72,0.44,0.38,2024-11-29,0617,SNPP,SNPP,n,2,294.3,2.71,D,0
21.68463,105.6854,330.02,0.43,0.38,2024-11-29,0617,SNPP,SNPP,n,2,291.36,3.01,D,0
21.86582,106.35719,328.17,0.45,0.39,2024-11-29,0617,SNPP,SNPP,n,2,290.84,2.31,D,0
21.8541,106.11681,333.02,0.44,0.39,2024-11-29,0617,SNPP,SNPP,n,2,292.8,8.12,D,0
21.85766,106.11635,325.9,0.44,0.39,2024-11-29,0617,SNPP,SNPP,n,2,289.77,2.36,D,0
21.56799,106.49335,295.96,0.47,0.4,2024-11-29,1846,SNPP,SNPP,n,2,284.79,0.5,N,0
21.59879,106.17323,306.98,0.45,0.39,2024-11-29,1846,SNPP,SNPP,n,2,283.99,0.87,N,0
21.59523,106.17245,302.07,0.45,0.39,2024-11-29,1846,SNPP,SNPP,n,2,282.55,0.75,N,0
21.56129,105.87061,303.29,0.44,0.39,2024-11-29,1846,SNPP,SNPP,n,2,285.48,0.68,N,0
21.55778,105.8699,298.48,0.44,0.39,2024-11-29,1846,SNPP,SNPP,n,2,285.64,0.68,N,2
21.35602,106.16916,296.54,0.46,0.39,2024-11-29,1846,SNPP,SNPP,n,2,281.06,0.34,N,0
21.37364,105.6575,299.63,0.44,0.38,2024-11-29,1846,SNPP,SNPP,n,2,282.29,0.32,N,0
21.12201,106.36452,298.39,0.47,0.4,2024-11-29,1846,SNPP,SNPP,n,2,284.86,0.36,N,0
21.16809,106.02288,297.93,0.45,0.39,2024-11-29,1846,SNPP,SNPP,n,2,285.22,0.68,N,0
21.02028,106.57687,295.11,0.48,0.4,2024-11-29,1846,SNPP,SNPP,n,2,280.95,0.43,N,0
21.01137,106.54185,301.7,0.48,0.4,2024-11-29,1846,SNPP,SNPP,n,2,287.08,1.74,N,2
21.07571,105.90814,296.13,0.45,0.39,2024-11-29,1846,SNPP,SNPP,n,2,285.19,0.3,N,0
21.07216,105.90742,297.37,0.45,0.39,2024-11-29,1846,SNPP,SNPP,n,2,285.02,0.3,N,0
20.53186,105.86649,301.07,0.45,0.39,2024-11-29,1847,SNPP,SNPP,n,2,287.15,0.69,N,2
20.4039,105.90259,301.5,0.46,0.39,2024-11-29,1847,SNPP,SNPP,n,2,288.14,0.96,N,2
20.3429,105.91302,301.96,0.46,0.39,2024-11-29,1847,SNPP,SNPP,n,2,286.51,0.81,N,0
20.1047,105.16303,341.4,0.46,0.39,2024-11-30,0558,SNPP,SNPP,n,2,292.87,3.98,D,0
20.53736,105.39215,328.5,0.44,0.38,2024-11-30,0558,SNPP,SNPP,n,2,294.34,2.37,D,0
20.927,105.29952,333.6,0.44,0.38,2024-11-30,0558,SNPP,SNPP,n,2,292.9,3.14,D,0
21.00359,105.24139,329.09,0.44,0.39,2024-11-30,0558,SNPP,SNPP,n,2,292.9,2.79,D,0
21.16415,106.08686,332.95,0.41,0.37,2024-11-30,0558,SNPP,SNPP,n,2,294.42,1.85,D,0
21.26706,106.69569,330.52,0.4,0.37,2024-11-30,0558,SNPP,SNPP,n,2,294.31,2.06,D,0
21.33969,106.57958,332.33,0.4,0.37,2024-11-30,0558,SNPP,SNPP,n,2,297.56,2.81,D,0
21.23476,105.83571,325.81,0.42,0.38,2024-11-30,0558,SNPP,SNPP,l,2,299.82,2.47,D,0
21.52863,106.73759,330.49,0.4,0.37,2024-11-30,0558,SNPP,SNPP,n,2,304.29,3.11,D,0
21.46718,105.71452,332.61,0.42,0.38,2024-11-30,0559,SNPP,SNPP,n,2,295.27,6.97,D,0
21.51913,105.96474,330.08,0.41,0.37,2024-11-30,0559,SNPP,SNPP,n,2,297.83,2.65,D,0
21.69134,106.81802,326.3,0.39,0.36,2024-11-30,0559,SNPP,SNPP,n,2,295.47,1.33,D,0
21.69285,106.81757,332.97,0.39,0.36,2024-11-30,0559,SNPP,SNPP,n,2,297.75,4.84,D,0
21.59459,106.17071,329.2,0.41,0.37,2024-11-30,0559,SNPP,SNPP,n,2,295.86,3.22,D,0
21.76271,106.32028,330.27,0.4,0.37,2024-11-30,0559,SNPP,SNPP,n,2,295.84,2.08,D,0
21.5657,105.13788,340.75,0.44,0.38,2024-11-30,0559,SNPP,SNPP,n,2,294.76,5.67,D,0
21.84626,106.01906,331.39,0.41,0.37,2024-11-30,0559,SNPP,SNPP,n,2,295.76,2.13,D,0
21.83068,105.09831,329.22,0.44,0.38,2024-11-30,0559,SNPP,SNPP,n,2,291.49,4.34,D,0
21.82997,105.09408,329.57,0.44,0.38,2024-11-30,0559,SNPP,SNPP,n,2,292.07,2.72,D,0
21.39804,106.7799,302.56,0.39,0.36,2024-11-30,1827,SNPP,SNPP,n,2,284.55,0.36,N,0
21.19697,106.11939,300.8,0.4,0.37,2024-11-30,1828,SNPP,SNPP,n,2,288.69,0.5,N,0
21.09073,106.08195,304.12,0.4,0.37,2024-11-30,1828,SNPP,SNPP,n,2,287.36,0.58,N,0
21.01967,106.53236,324.38,0.39,0.36,2024-11-30,1828,SNPP,SNPP,n,2,291.13,2.94,N,2
21.0152,106.53929,308.44,0.39,0.36,2024-11-30,1828,SNPP,SNPP,n,2,291.23,1.42,N,2
21.04869,105.89719,308.9,0.4,0.37,2024-11-30,1828,SNPP,SNPP,n,2,288.4,0.81,N,0
20.92516,106.07471,297.8,0.4,0.37,2024-11-30,1828,SNPP,SNPP,n,2,287.2,0.34,N,0
20.57044,106.54951,313.12,0.39,0.36,2024-11-30,1828,SNPP,SNPP,n,2,288.47,1.35,N,0
20.53036,105.86613,302.3,0.4,0.37,2024-11-30,1828,SNPP,SNPP,n,2,290.1,0.55,N,2
20.48192,105.88244,299.29,0.4,0.37,2024-11-30,1828,SNPP,SNPP,n,2,288.91,0.44,N,0
20.45377,105.88559,303.37,0.4,0.37,2024-11-30,1828,SNPP,SNPP,n,2,289.47,0.82,N,0
20.40314,105.9006,308.9,0.4,0.37,2024-11-30,1828,SNPP,SNPP,n,2,290.59,0.88,N,2
20.3992,105.90385,305.16,0.4,0.37,2024-11-30,1828,SNPP,SNPP,n,2,290.01,0.88,N,2
20.11733,105.58739,344.6,0.53,0.5,2024-12-01,0539,SNPP,SNPP,n,2,294.03,8.39,D,0
20.87252,105.43305,340.74,0.53,0.5,2024-12-01,0540,SNPP,SNPP,n,2,282.33,7.92,D,0
21.28151,106.35872,334.83,0.45,0.47,2024-12-01,0540,SNPP,SNPP,n,2,292.49,3.46,D,0
21.15622,105.24532,338.97,0.53,0.5,2024-12-01,0540,SNPP,SNPP,n,2,290.73,5.6,D,0
21.25989,105.12205,330.84,0.54,0.51,2024-12-01,0540,SNPP,SNPP,n,2,289.7,4.64,D,0
21.60366,106.29144,341.16,0.45,0.47,2024-12-01,0540,SNPP,SNPP,n,2,295.62,5.26,D,0
21.55473,105.99255,329.6,0.47,0.48,2024-12-01,0540,SNPP,SNPP,n,2,292.65,3.1,D,0
21.47132,105.3979,327.25,0.51,0.5,2024-12-01,0540,SNPP,SNPP,n,2,292.3,2.28,D,0
21.76536,106.7907,329.29,0.42,0.45,2024-12-01,0540,SNPP,SNPP,n,2,294.88,2.69,D,0
21.69099,106.31651,336.18,0.45,0.47,2024-12-01,0540,SNPP,SNPP,n,2,293.49,4.07,D,0
21.54202,105.51478,327.56,0.51,0.49,2024-12-01,0540,SNPP,SNPP,n,2,293.3,3.5,D,0
21.69997,106.03889,342.74,0.47,0.47,2024-12-01,0540,SNPP,SNPP,n,2,296.09,17.37,D,0
21.72883,106.04719,341.17,0.46,0.47,2024-12-01,0540,SNPP,SNPP,n,2,295.04,7.59,D,0
21.72798,106.04285,340.16,0.47,0.47,2024-12-01,0540,SNPP,SNPP,n,2,294.79,7.59,D,0
21.94203,106.62227,329.31,0.43,0.46,2024-12-01,0540,SNPP,SNPP,n,2,295.22,3.18,D,0
21.88047,106.17319,331.58,0.45,0.63,2024-12-02,0521,SNPP,SNPP,n,2,288.54,3.6,D,0
21.39656,105.82101,334.93,0.32,0.55,2024-12-03,0643,SNPP,SNPP,n,2,292.2,2.84,D,0
21.56877,106.49428,299.6,0.37,0.58,2024-12-03,1911,SNPP,SNPP,n,2,287.86,0.38,N,0
21.02124,106.53041,317.1,0.38,0.59,2024-12-03,1912,SNPP,SNPP,n,2,289.04,2.18,N,2
21.01589,106.52907,300.86,0.38,0.59,2024-12-03,1912,SNPP,SNPP,n,2,288.18,1.22,N,2
21.17051,106.53163,332.72,0.55,0.42,2024-12-04,0624,SNPP,SNPP,n,2,297.41,7.15,D,0
21.19983,106.73976,329.77,0.56,0.43,2024-12-04,0624,SNPP,SNPP,n,2,295.79,3.02,D,0
21.39993,106.80473,334.04,0.57,0.43,2024-12-04,0624,SNPP,SNPP,n,2,295.76,4.78,D,0
21.40146,106.80328,332.23,0.57,0.43,2024-12-04,0624,SNPP,SNPP,n,2,294.09,2.93,D,0
20.34337,105.6909,329.51,0.39,0.36,2024-12-05,0605,SNPP,SNPP,n,2,294.71,3.04,D,0
20.43404,105.94212,352.14,0.39,0.36,2024-12-05,0605,SNPP,SNPP,n,2,300.91,34.12,D,0
21.10843,106.79205,340.43,0.38,0.36,2024-12-05,0605,SNPP,SNPP,n,2,301.12,8.61,D,0
21.23291,106.40701,330.69,0.38,0.36,2024-12-05,0605,SNPP,SNPP,n,2,288.36,3.1,D,0
21.22754,106.18954,302.64,0.38,0.36,2024-12-05,1834,SNPP,SNPP,n,2,289.61,0.46,N,0
21.22424,106.18895,306.82,0.38,0.36,2024-12-05,1834,SNPP,SNPP,n,2,289.52,0.68,N,0
20.13288,105.79282,335.73,0.39,0.36,2024-12-10,0611,SNPP,SNPP,n,2,294.47,5.91,D,0
20.11342,105.45666,331.85,0.38,0.36,2024-12-10,0611,SNPP,SNPP,n,2,298.57,2.04,D,0
20.11674,105.4561,332.94,0.38,0.36,2024-12-10,0611,SNPP,SNPP,n,2,298.69,3.64,D,0
20.2048,105.52734,330.77,0.39,0.36,2024-12-10,0611,SNPP,SNPP,n,2,295.27,1.93,D,0
21.35529,105.6939,327.9,0.39,0.36,2024-12-10,0611,SNPP,SNPP,n,2,294.96,2.58,D,0
21.39031,106.32239,330.67,0.4,0.37,2024-12-16,0559,SNPP,SNPP,n,2,290.19,2.01,D,0
21.44781,106.44272,330.2,0.4,0.37,2024-12-16,0559,SNPP,SNPP,n,2,284.85,3.14,D,0
21.47915,106.61761,331.32,0.4,0.37,2024-12-16,0559,SNPP,SNPP,n,2,295.15,3.11,D,0
20.28546,105.88713,325.53,0.5,0.65,2024-12-18,0521,SNPP,SNPP,n,2,290.82,2.23,D,0
20.28458,105.39748,328.41,0.53,0.67,2024-12-18,0521,SNPP,SNPP,n,2,291.68,3.75,D,0
20.28286,105.39951,330.35,0.53,0.67,2024-12-18,0521,SNPP,SNPP,n,2,292.93,4.21,D,0
20.4485,105.67473,367,0.51,0.66,2024-12-18,0521,SNPP,SNPP,h,2,292.55,8.6,D,0
20.44968,105.67612,344.59,0.51,0.66,2024-12-18,0521,SNPP,SNPP,n,2,290.66,5.75,D,0
20.44851,105.67109,331.02,0.51,0.66,2024-12-18,0521,SNPP,SNPP,n,2,290.38,5.75,D,0
20.93046,106.21764,327.54,0.46,0.63,2024-12-18,0521,SNPP,SNPP,n,2,293.64,3.74,D,0
20.87383,105.38176,334.22,0.52,0.67,2024-12-18,0521,SNPP,SNPP,n,2,289.85,5.04,D,0
21.36973,106.84911,338.42,0.41,0.61,2024-12-18,0522,SNPP,SNPP,n,2,294.46,3.63,D,0
21.7214,106.48936,337.82,0.42,0.61,2024-12-18,0522,SNPP,SNPP,n,2,292.94,3.93,D,0
21.71859,106.49019,340.71,0.42,0.61,2024-12-18,0522,SNPP,SNPP,n,2,292.94,3.25,D,0
21.79914,104.93784,334.57,0.53,0.67,2024-12-18,0522,SNPP,SNPP,n,2,283.74,4.57,D,0
20.17292,105.58672,329.85,0.62,0.72,2024-12-18,0702,SNPP,SNPP,n,2,293.53,3.5,D,0
20.21975,105.54685,327.92,0.62,0.72,2024-12-18,0702,SNPP,SNPP,n,2,290.55,5.05,D,0
20.32781,105.26014,333.51,0.6,0.7,2024-12-18,0702,SNPP,SNPP,n,2,287.46,3.18,D,0
21.20384,106.80652,327.22,0.76,0.77,2024-12-18,0702,SNPP,SNPP,n,2,290.44,3.51,D,0
21.22317,106.67419,348.02,0.75,0.77,2024-12-18,0702,SNPP,SNPP,n,2,293.88,11.24,D,0
21.20585,106.80658,327.87,0.76,0.77,2024-12-18,0702,SNPP,SNPP,n,2,290.79,4.89,D,0
21.21873,106.6741,341.33,0.75,0.77,2024-12-18,0702,SNPP,SNPP,n,2,293.23,5.67,D,0
21.1686,105.24263,336.2,0.61,0.71,2024-12-18,0702,SNPP,SNPP,n,2,291.02,4.24,D,0
21.17815,104.95313,348.8,0.58,0.7,2024-12-18,0702,SNPP,SNPP,n,2,290.03,7.09,D,0
21.17238,105.24196,334.73,0.61,0.71,2024-12-18,0702,SNPP,SNPP,n,2,291.2,8.5,D,0
21.17764,104.95892,330.02,0.58,0.7,2024-12-18,0702,SNPP,SNPP,n,2,288.34,6.33,D,0
21.17712,104.95219,340.12,0.58,0.7,2024-12-18,0702,SNPP,SNPP,n,2,289.96,6.33,D,0
21.36908,105.6672,343.54,0.65,0.73,2024-12-18,0702,SNPP,SNPP,n,2,286.3,5.69,D,0
21.35962,105.53989,326.28,0.64,0.72,2024-12-18,0702,SNPP,SNPP,n,2,287.05,3.48,D,0
21.30807,104.86745,327.71,0.58,0.7,2024-12-18,0702,SNPP,SNPP,n,2,291.33,3.33,D,0
21.54331,106.79343,331.44,0.77,0.77,2024-12-18,0702,SNPP,SNPP,n,2,290.13,5.9,D,0
21.42101,105.7099,328.46,0.66,0.73,2024-12-18,0702,SNPP,SNPP,n,2,280.85,4.3,D,0
21.52332,104.94943,325.03,0.59,0.7,2024-12-18,0702,SNPP,SNPP,n,2,287.39,5.46,D,0
21.67552,105.87356,339.23,0.67,0.74,2024-12-18,0702,SNPP,SNPP,n,2,288.38,6.42,D,0
21.67499,105.87388,337.74,0.67,0.74,2024-12-18,0702,SNPP,SNPP,n,2,287.43,4.67,D,0
21.84248,106.07701,352.79,0.7,0.75,2024-12-18,0702,SNPP,SNPP,n,2,292.23,11.36,D,0
21.88381,105.96991,332.55,0.69,0.74,2024-12-18,0702,SNPP,SNPP,n,2,292.45,3.69,D,0
21.54836,106.17718,295.71,0.44,0.62,2024-12-18,1750,SNPP,SNPP,n,2,282.4,0.35,N,0
21.54821,106.17713,296.82,0.44,0.62,2024-12-18,1750,SNPP,SNPP,n,2,282.44,0.26,N,0
21.55947,105.86846,296.93,0.46,0.63,2024-12-18,1750,SNPP,SNPP,n,2,284.2,0.82,N,2
21.48188,105.86913,298.15,0.46,0.63,2024-12-18,1750,SNPP,SNPP,n,2,283.62,0.77,N,0
21.12514,106.32932,296.3,0.42,0.61,2024-12-18,1750,SNPP,SNPP,n,2,284.72,0.62,N,0
20.87576,105.98251,301.57,0.44,0.63,2024-12-18,1751,SNPP,SNPP,n,2,282.72,0.48,N,0
20.34184,105.91388,296.36,0.72,0.76,2024-12-18,1931,SNPP,SNPP,n,2,284.28,1.08,N,0
21.75072,106.82726,338.32,0.79,0.78,2024-12-19,0503,SNPP,SNPP,n,2,285.24,7.93,D,0
20.11335,105.89507,367,0.32,0.55,2024-12-19,0643,SNPP,SNPP,h,2,293.37,4.42,D,0
20.11303,105.89206,330.33,0.32,0.55,2024-12-19,0643,SNPP,SNPP,n,2,291.99,4.42,D,0
20.10616,105.82745,332.93,0.32,0.54,2024-12-19,0643,SNPP,SNPP,n,2,291.9,3,D,0
20.11672,105.59655,328.89,0.62,0.54,2024-12-19,0643,SNPP,SNPP,n,2,292.6,3.62,D,0
20.1171,105.59992,329.32,0.62,0.54,2024-12-19,0643,SNPP,SNPP,n,2,293.1,2.66,D,0
20.15695,105.78963,330.88,0.32,0.54,2024-12-19,0643,SNPP,SNPP,n,2,291.84,3.43,D,0
20.10207,105.26485,338.76,0.59,0.53,2024-12-19,0643,SNPP,SNPP,n,2,292.22,6.57,D,0
20.12035,105.39066,341.07,0.6,0.53,2024-12-19,0643,SNPP,SNPP,n,2,292.69,9.23,D,0
20.13782,105.1852,339.08,0.58,0.52,2024-12-19,0643,SNPP,SNPP,n,2,292.19,8.78,D,0
20.15752,105.14142,338.67,0.58,0.52,2024-12-19,0643,SNPP,SNPP,n,2,291.31,11.15,D,0
20.16095,105.13888,334.97,0.58,0.52,2024-12-19,0643,SNPP,SNPP,n,2,289.62,10.27,D,0
20.42751,105.8567,332.58,0.32,0.55,2024-12-19,0643,SNPP,SNPP,n,2,291.99,2.71,D,0
20.65114,105.57915,330.94,0.62,0.54,2024-12-19,0643,SNPP,SNPP,n,2,291.18,3,D,0
20.65087,105.57744,333.45,0.63,0.54,2024-12-19,0643,SNPP,SNPP,n,2,291.27,5.58,D,0
20.88976,105.39513,344.4,0.61,0.54,2024-12-19,0643,SNPP,SNPP,n,2,294.49,7.26,D,0
20.89476,105.39491,330.59,0.61,0.54,2024-12-19,0643,SNPP,SNPP,n,2,290.45,7.26,D,0
20.91045,105.30663,330.3,0.6,0.53,2024-12-19,0643,SNPP,SNPP,n,2,291.95,4.43,D,0
21.0765,106.62828,355.85,0.37,0.58,2024-12-19,0643,SNPP,SNPP,n,2,296.54,4.98,D,0
21.08179,106.62657,344,0.37,0.58,2024-12-19,0643,SNPP,SNPP,n,2,292.5,4.98,D,0
21.20956,106.56976,328.52,0.37,0.58,2024-12-19,0643,SNPP,SNPP,n,2,291.32,3.52,D,0
21.20919,106.56586,341.27,0.37,0.58,2024-12-19,0643,SNPP,SNPP,n,2,291.24,3.52,D,0
21.26679,106.7082,331.25,0.38,0.58,2024-12-19,0643,SNPP,SNPP,n,2,289.74,2.19,D,0
21.6854,106.60911,367,0.37,0.58,2024-12-19,0643,SNPP,SNPP,h,2,295.44,9.81,D,0
21.6864,106.60665,367,0.37,0.58,2024-12-19,0643,SNPP,SNPP,h,2,293.96,10.91,D,0
21.75098,106.82935,335.86,0.39,0.59,2024-12-19,0643,SNPP,SNPP,n,2,291.74,2.16,D,0
21.67064,106.56336,306.52,0.38,0.59,2024-12-19,1912,SNPP,SNPP,n,2,281.44,0.71,N,0
21.66813,106.56378,302.65,0.38,0.59,2024-12-19,1912,SNPP,SNPP,n,2,281.81,0.82,N,0
21.56929,106.49375,296.03,0.38,0.58,2024-12-19,1912,SNPP,SNPP,n,2,282.8,0.66,N,0
21.45159,106.40382,304.98,0.37,0.58,2024-12-19,1912,SNPP,SNPP,n,2,282.13,0.77,N,0
21.23956,106.49077,296.15,0.38,0.59,2024-12-19,1912,SNPP,SNPP,n,2,282.82,0.54,N,0
21.35705,105.91232,300.95,0.35,0.57,2024-12-19,1912,SNPP,SNPP,n,2,281.2,0.8,N,0
21.23759,106.49079,296.32,0.38,0.59,2024-12-19,1912,SNPP,SNPP,n,2,282.63,0.39,N,0
21.35638,105.91236,303.34,0.35,0.57,2024-12-19,1912,SNPP,SNPP,n,2,280.8,0.64,N,0
21.0398,106.588,296.5,0.39,0.59,2024-12-19,1912,SNPP,SNPP,n,2,284.38,0.31,N,2
21.01902,106.52779,302.5,0.39,0.59,2024-12-19,1912,SNPP,SNPP,n,2,283.56,1.36,N,2
21.01819,106.5315,303.05,0.39,0.59,2024-12-19,1912,SNPP,SNPP,n,2,286.35,1.8,N,2
20.98339,106.66125,318.9,0.4,0.6,2024-12-19,1912,SNPP,SNPP,n,2,283.59,2.32,N,0
20.98253,106.66508,304.74,0.4,0.6,2024-12-19,1912,SNPP,SNPP,n,2,282.26,1.23,N,0
21.01724,106.53033,310.93,0.39,0.59,2024-12-19,1912,SNPP,SNPP,n,2,286.63,1.98,N,2
20.9825,106.66422,321.78,0.4,0.6,2024-12-19,1912,SNPP,SNPP,n,2,283.4,1.57,N,0
20.98333,106.66039,301.49,0.4,0.6,2024-12-19,1912,SNPP,SNPP,n,2,283.12,1.85,N,0
21.00461,105.77867,300.61,0.35,0.57,2024-12-19,1912,SNPP,SNPP,n,2,283.57,0.33,N,0
20.48174,105.88178,295.84,0.36,0.58,2024-12-19,1912,SNPP,SNPP,n,2,284.59,0.47,N,0
20.48616,105.9249,333.61,0.5,0.41,2024-12-20,0624,SNPP,SNPP,n,2,296.8,5.27,D,0
21.01706,106.53042,329.07,0.55,0.43,2024-12-20,0624,SNPP,SNPP,n,2,300.93,3.84,D,2
21.0867,106.70514,331.08,0.57,0.43,2024-12-20,0624,SNPP,SNPP,n,2,293.93,3.9,D,0
21.11344,106.69213,325.09,0.56,0.43,2024-12-20,0624,SNPP,SNPP,n,2,295.62,2.76,D,0
21.20912,106.5051,329.43,0.55,0.43,2024-12-20,0624,SNPP,SNPP,n,2,296.93,3.22,D,0
21.25212,106.68582,332.22,0.57,0.43,2024-12-20,0624,SNPP,SNPP,n,2,296.39,5.45,D,0
21.2561,106.68525,330.92,0.57,0.43,2024-12-20,0624,SNPP,SNPP,n,2,294.98,5.45,D,0
21.23554,106.52361,329.69,0.55,0.43,2024-12-20,0624,SNPP,SNPP,n,2,293.06,2.84,D,0
21.25391,106.68342,337.97,0.57,0.43,2024-12-20,0624,SNPP,SNPP,n,2,299.79,17.46,D,0
21.23503,106.52661,329.78,0.56,0.43,2024-12-20,0624,SNPP,SNPP,n,2,295.47,3.69,D,0
21.23957,106.49782,326.15,0.55,0.43,2024-12-20,0624,SNPP,SNPP,n,2,292.25,1.52,D,0
21.22921,106.41277,344.35,0.55,0.42,2024-12-20,0624,SNPP,SNPP,n,2,298.56,9.36,D,0
21.24837,106.37428,330.07,0.54,0.42,2024-12-20,0624,SNPP,SNPP,n,2,294.16,3.65,D,0
21.32628,105.62018,327.79,0.5,0.41,2024-12-20,0624,SNPP,SNPP,n,2,295.24,2.68,D,0
21.36984,105.69229,332.71,0.5,0.41,2024-12-20,0624,SNPP,SNPP,n,2,292.91,3.63,D,0
21.55964,106.25807,337.07,0.54,0.42,2024-12-20,0624,SNPP,SNPP,n,2,295.24,4.08,D,0
21.61319,105.94991,328.34,0.52,0.42,2024-12-20,0624,SNPP,SNPP,n,2,292.96,1.67,D,0
21.77835,106.70017,342.17,0.38,0.43,2024-12-20,0624,SNPP,SNPP,n,2,292.93,4.49,D,0
21.76338,106.23426,333.13,0.54,0.42,2024-12-20,0624,SNPP,SNPP,n,2,297.15,6.12,D,0
21.64793,105.31682,335.69,0.48,0.4,2024-12-20,0624,SNPP,SNPP,n,2,293.51,9,D,0
21.72651,105.6614,326.26,0.51,0.41,2024-12-20,0624,SNPP,SNPP,n,2,293.26,2.57,D,0
21.8477,106.36679,327.73,0.55,0.43,2024-12-20,0624,SNPP,SNPP,n,2,291.61,2.96,D,0
21.94029,106.21693,330.22,0.54,0.42,2024-12-20,0624,SNPP,SNPP,n,2,293.63,7.1,D,0
21.93979,106.2151,332.56,0.54,0.42,2024-12-20,0624,SNPP,SNPP,n,2,294.92,9.5,D,0
21.2121,106.83344,295.65,0.41,0.45,2024-12-20,1853,SNPP,SNPP,n,2,280.92,0.41,N,0
21.01786,106.53054,311.87,0.39,0.44,2024-12-20,1853,SNPP,SNPP,n,2,289.77,1.61,N,2
21.01752,106.52908,327.71,0.38,0.36,2024-12-21,0605,SNPP,SNPP,l,2,302.65,2.37,D,2
21.07615,106.6701,348.82,0.38,0.36,2024-12-21,0605,SNPP,SNPP,n,2,305.42,18.48,D,0
21.07559,106.66642,341.92,0.38,0.36,2024-12-21,0605,SNPP,SNPP,n,2,305.05,18.48,D,0
21.23361,106.84338,326.8,0.39,0.36,2024-12-21,0605,SNPP,SNPP,n,2,294.63,2.11,D,0
21.2281,106.73811,326.9,0.38,0.36,2024-12-21,0605,SNPP,SNPP,n,2,293.59,2.35,D,0
21.20799,106.46921,332.73,0.38,0.36,2024-12-21,0605,SNPP,SNPP,n,2,296.89,4.9,D,0
21.24407,106.66342,331.02,0.38,0.36,2024-12-21,0605,SNPP,SNPP,n,2,295.4,2.41,D,0
21.23671,106.50204,334.21,0.38,0.36,2024-12-21,0605,SNPP,SNPP,n,2,294.81,3.26,D,0
21.4061,105.75579,331.34,0.39,0.36,2024-12-21,0606,SNPP,SNPP,n,2,295.48,2.91,D,0
21.50813,106.39806,329.49,0.38,0.36,2024-12-21,0606,SNPP,SNPP,n,2,294.11,2.42,D,0
21.40941,105.7552,325.61,0.39,0.36,2024-12-21,0606,SNPP,SNPP,n,2,291.9,2.91,D,0
21.52965,106.4057,331.47,0.38,0.36,2024-12-21,0606,SNPP,SNPP,n,2,296.78,8.95,D,0
21.52909,106.40202,328.19,0.38,0.36,2024-12-21,0606,SNPP,SNPP,n,2,294.63,4.46,D,0
21.5708,106.1861,331.26,0.38,0.36,2024-12-21,0606,SNPP,SNPP,n,2,294.1,3.09,D,0
21.56669,106.11478,329.82,0.38,0.36,2024-12-21,0606,SNPP,SNPP,n,2,294.43,2.38,D,0
21.59669,106.17781,345.48,0.38,0.36,2024-12-21,0606,SNPP,SNPP,n,2,294.22,4.8,D,0
21.76571,106.31104,340.07,0.38,0.36,2024-12-21,0606,SNPP,SNPP,n,2,290.93,3.51,D,0
21.81248,106.32924,330.07,0.38,0.36,2024-12-21,0606,SNPP,SNPP,n,2,291.71,1.75,D,0
21.82516,105.87896,325.43,0.38,0.36,2024-12-21,0606,SNPP,SNPP,n,2,283.08,2.02,D,0
21.86532,106.11886,341.94,0.38,0.36,2024-12-21,0606,SNPP,SNPP,n,2,292.09,4.4,D,0
21.93301,106.23255,325.02,0.38,0.36,2024-12-21,0606,SNPP,SNPP,n,2,289.64,2.16,D,0
21.93245,106.22885,326.86,0.38,0.36,2024-12-21,0606,SNPP,SNPP,n,2,290.27,2.16,D,0
21.72909,104.97641,295.08,0.39,0.36,2024-12-21,1834,SNPP,SNPP,n,2,284.61,0.26,N,0
21.21877,106.16801,304.17,0.38,0.36,2024-12-21,1835,SNPP,SNPP,n,2,283.57,1.01,N,0
21.01839,106.53091,307.32,0.39,0.36,2024-12-21,1835,SNPP,SNPP,n,2,288.83,1.13,N,2
21.01328,106.54143,300.28,0.39,0.36,2024-12-21,1835,SNPP,SNPP,n,2,284.91,0.72,N,2
21.02548,105.71762,296.12,0.38,0.36,2024-12-21,1835,SNPP,SNPP,n,2,284.87,0.34,N,0
20.5313,105.86526,300.27,0.38,0.36,2024-12-21,1835,SNPP,SNPP,n,2,285.8,0.48,N,2
20.48144,105.88338,295.04,0.38,0.36,2024-12-21,1835,SNPP,SNPP,n,2,285,0.3,N,0
20.40734,105.90031,303.7,0.38,0.36,2024-12-21,1835,SNPP,SNPP,n,2,287.29,0.71,N,2
20.40404,105.89973,306.71,0.38,0.36,2024-12-21,1835,SNPP,SNPP,n,2,286.77,0.71,N,2
20.34112,105.91156,303.99,0.38,0.36,2024-12-21,1835,SNPP,SNPP,n,2,285.82,0.51,N,2
20.14877,105.40373,329.58,0.43,0.46,2024-12-22,0546,SNPP,SNPP,n,2,284.81,2.78,D,0
20.28213,105.39787,331.07,0.42,0.46,2024-12-22,0546,SNPP,SNPP,n,2,287.12,2.98,D,0
20.54873,105.47575,339.52,0.42,0.45,2024-12-22,0546,SNPP,SNPP,n,2,288.34,3.85,D,0
20.54798,105.47175,325.24,0.42,0.45,2024-12-22,0546,SNPP,SNPP,n,2,285.27,3.85,D,0
20.94282,105.25694,336.37,0.42,0.45,2024-12-22,0547,SNPP,SNPP,n,2,288.24,3.28,D,0
20.9729,105.23347,329.02,0.42,0.45,2024-12-22,0547,SNPP,SNPP,n,2,288.06,2.67,D,0
20.97423,105.23345,329.82,0.42,0.45,2024-12-22,0547,SNPP,SNPP,n,2,287.48,1.94,D,0
21.21449,106.24513,332.11,0.55,0.43,2024-12-22,0547,SNPP,SNPP,n,2,284.81,15.49,D,0
21.21358,106.24022,351.15,0.55,0.43,2024-12-22,0547,SNPP,SNPP,n,2,285.78,15.49,D,0
21.38503,105.76534,338.73,0.39,0.44,2024-12-22,0547,SNPP,SNPP,n,2,293.19,9.1,D,0
21.45958,105.78302,339.32,0.39,0.44,2024-12-22,0547,SNPP,SNPP,n,2,293.32,5.34,D,0
21.59468,106.16607,335.08,0.55,0.43,2024-12-22,0547,SNPP,SNPP,n,2,292.34,5.92,D,0
21.59553,106.16893,331.45,0.55,0.42,2024-12-22,0547,SNPP,SNPP,n,2,292.26,8.92,D,0
21.74923,105.95216,331.3,0.56,0.43,2024-12-22,0547,SNPP,SNPP,n,2,293.11,5.23,D,0
21.72648,105.34979,339.27,0.4,0.45,2024-12-22,0547,SNPP,SNPP,n,2,287.75,2.64,D,0
21.90951,106.21319,338.93,0.54,0.42,2024-12-22,0547,SNPP,SNPP,n,2,291.21,7.57,D,0
21.91335,106.21239,332.81,0.54,0.42,2024-12-22,0547,SNPP,SNPP,n,2,286.19,7.57,D,0
21.93134,105.78055,335.67,0.57,0.43,2024-12-22,0547,SNPP,SNPP,n,2,292.92,7.76,D,0
21.83131,105.0914,340.44,0.42,0.45,2024-12-22,0547,SNPP,SNPP,n,2,289.76,9.5,D,0
21.88646,105.22343,338.08,0.41,0.45,2024-12-22,0547,SNPP,SNPP,n,2,293.02,6.64,D,0
21.78427,106.72053,315.19,0.5,0.41,2024-12-22,1816,SNPP,SNPP,n,2,275.03,1.44,N,0
21.45366,106.43157,296.59,0.51,0.41,2024-12-22,1816,SNPP,SNPP,n,2,275.66,0.54,N,0
21.58579,105.24435,295.97,0.4,0.44,2024-12-22,1816,SNPP,SNPP,n,2,278.39,0.4,N,0
21.22839,106.7458,295.59,0.49,0.4,2024-12-22,1816,SNPP,SNPP,n,2,271.67,0.44,N,0
21.22046,106.24497,300.87,0.52,0.41,2024-12-22,1816,SNPP,SNPP,n,2,275.28,1.02,N,0
21.21663,106.24448,347.33,0.52,0.41,2024-12-22,1816,SNPP,SNPP,n,2,281.89,16.02,N,0
21.01804,106.53056,302.64,0.5,0.41,2024-12-22,1816,SNPP,SNPP,n,2,278.56,1.8,N,2
21.01299,106.53961,299.46,0.5,0.41,2024-12-22,1816,SNPP,SNPP,n,2,276.4,1.13,N,2
20.40543,105.90176,295.13,0.53,0.42,2024-12-22,1816,SNPP,SNPP,n,2,276.74,0.62,N,2
21.15107,106.55257,330.92,0.34,0.56,2024-12-23,0528,SNPP,SNPP,n,2,287.94,3.25,D,0
21.24495,106.64241,335.73,0.34,0.56,2024-12-23,0528,SNPP,SNPP,n,2,290.2,2.29,D,0
21.25006,106.64137,327.52,0.34,0.56,2024-12-23,0528,SNPP,SNPP,n,2,287.34,1.85,D,0
21.24627,106.64015,335.89,0.34,0.56,2024-12-23,0528,SNPP,SNPP,n,2,289.07,2.99,D,0
21.24755,106.52145,325.19,0.34,0.56,2024-12-23,0528,SNPP,SNPP,n,2,288.77,1.69,D,0
21.22023,106.39424,341.83,0.35,0.57,2024-12-23,0528,SNPP,SNPP,n,2,291.09,4.16,D,0
21.46147,106.40266,354.11,0.34,0.56,2024-12-23,0528,SNPP,SNPP,n,2,291.17,3.65,D,0
21.24986,104.90956,325.58,0.43,0.62,2024-12-23,0528,SNPP,SNPP,n,2,288.39,4.56,D,0
21.66248,106.60927,329.73,0.33,0.55,2024-12-23,0528,SNPP,SNPP,n,2,290.51,1.65,D,0
21.67444,106.20273,332.59,0.35,0.57,2024-12-23,0528,SNPP,SNPP,n,2,287.09,1.65,D,0
21.51939,105.48182,326.82,0.39,0.6,2024-12-23,0528,SNPP,SNPP,n,2,289.66,2.03,D,0
21.69676,106.15388,332.06,0.35,0.57,2024-12-23,0528,SNPP,SNPP,n,2,288.94,3.37,D,0
21.69137,106.1534,326.61,0.35,0.57,2024-12-23,0528,SNPP,SNPP,n,2,290.2,1.46,D,0
21.69668,106.15271,326.11,0.35,0.57,2024-12-23,0528,SNPP,SNPP,n,2,288.62,1.46,D,0
21.67643,106.00978,328.23,0.36,0.57,2024-12-23,0528,SNPP,SNPP,n,2,288.78,2.87,D,0
21.86176,105.81017,329.61,0.37,0.58,2024-12-23,0528,SNPP,SNPP,n,2,287.56,1.92,D,0
21.9172,105.31052,367,0.4,0.6,2024-12-23,0528,SNPP,SNPP,h,2,292.62,6.36,D,0
20.11515,105.24366,331.76,0.75,0.77,2024-12-23,0708,SNPP,SNPP,n,2,288.06,5.52,D,0
20.17572,105.43693,340.62,0.77,0.78,2024-12-23,0708,SNPP,SNPP,n,2,287.95,7.35,D,0
20.17528,105.43099,325.28,0.77,0.78,2024-12-23,0708,SNPP,SNPP,n,2,286.94,7.35,D,0
20.17641,105.43488,353.83,0.77,0.78,2024-12-23,0708,SNPP,SNPP,n,2,289.14,14.24,D,0
20.89692,105.28352,327.96,0.77,0.77,2024-12-23,0708,SNPP,SNPP,n,2,284.3,4.29,D,0
20.99576,105.08105,332.04,0.75,0.77,2024-12-23,0708,SNPP,SNPP,n,2,285.65,4.48,D,0
21.02753,105.12312,333.84,0.75,0.77,2024-12-23,0708,SNPP,SNPP,n,2,285.45,6,D,0
21.46912,106.27863,324.36,0.34,0.56,2024-12-23,1757,SNPP,SNPP,n,2,280.58,1.91,N,0
21.46396,106.27773,324.64,0.34,0.56,2024-12-23,1757,SNPP,SNPP,n,2,279.72,2.46,N,0
21.46363,106.281,297.57,0.34,0.56,2024-12-23,1757,SNPP,SNPP,n,2,279.54,1.26,N,0
21.46289,106.2776,295.77,0.34,0.56,2024-12-23,1757,SNPP,SNPP,n,2,279.33,0.8,N,0
21.48388,105.8709,296.13,0.36,0.57,2024-12-23,1757,SNPP,SNPP,n,2,280.61,0.71,N,0
20.18587,105.45679,325.91,0.39,0.44,2024-12-25,0630,SNPP,SNPP,n,2,284.58,1.78,D,0
21.0371,106.82727,354.47,0.48,0.48,2024-12-25,0631,SNPP,SNPP,n,2,295.58,8.17,D,0
20.87971,105.46928,336.95,0.39,0.44,2024-12-25,0631,SNPP,SNPP,n,2,292.82,6.22,D,0
21.1159,106.70293,331.14,0.47,0.48,2024-12-25,0631,SNPP,SNPP,n,2,294.69,5.58,D,0
20.94963,105.10488,335.65,0.56,0.43,2024-12-25,0631,SNPP,SNPP,n,2,296.6,16.62,D,0
20.95356,105.10398,334.49,0.56,0.43,2024-12-25,0631,SNPP,SNPP,n,2,292.05,12.89,D,0
21.19945,106.8141,355.82,0.48,0.48,2024-12-25,0631,SNPP,SNPP,n,2,295.33,8.92,D,0
21.20406,106.81496,343.59,0.48,0.48,2024-12-25,0631,SNPP,SNPP,n,2,296.71,21.14,D,0
21.23045,106.84876,337.05,0.48,0.48,2024-12-25,0631,SNPP,SNPP,n,2,295.59,8.16,D,0
21.07232,105.49506,340.24,0.4,0.44,2024-12-25,0631,SNPP,SNPP,n,2,298.64,7.79,D,0
21.04225,105.21433,326.8,0.38,0.43,2024-12-25,0631,SNPP,SNPP,n,2,290.53,3.27,D,0
21.24845,106.8083,327.5,0.48,0.48,2024-12-25,0631,SNPP,SNPP,n,2,289.59,3.17,D,0
21.26996,106.7602,342.75,0.48,0.48,2024-12-25,0631,SNPP,SNPP,n,2,294.57,8.17,D,0
21.27295,106.76087,340.94,0.48,0.48,2024-12-25,0631,SNPP,SNPP,n,2,294.76,7.62,D,0
21.13164,105.03843,329.47,0.56,0.43,2024-12-25,0631,SNPP,SNPP,n,2,293.54,6.91,D,0
21.13092,105.03265,339.7,0.56,0.43,2024-12-25,0631,SNPP,SNPP,n,2,294.88,8.9,D,0
21.36893,105.6782,326.45,0.41,0.45,2024-12-25,0631,SNPP,SNPP,n,2,294.62,2.59,D,0
21.44859,104.93294,330.08,0.56,0.43,2024-12-25,0631,SNPP,SNPP,n,2,292.13,2.61,D,0
21.6014,105.72868,341.14,0.42,0.45,2024-12-25,0631,SNPP,SNPP,n,2,296.6,14.17,D,0
21.60093,105.72464,333.78,0.42,0.45,2024-12-25,0631,SNPP,SNPP,n,2,295.96,11.73,D,0
21.57722,104.87975,332.28,0.56,0.43,2024-12-25,0631,SNPP,SNPP,n,2,294.45,8.16,D,0
21.58704,104.86195,331.07,0.56,0.43,2024-12-25,0631,SNPP,SNPP,n,2,293.45,3.64,D,0
21.57976,104.87706,330.27,0.56,0.43,2024-12-25,0631,SNPP,SNPP,n,2,293.68,3.67,D,0
21.67054,105.02612,328.99,0.57,0.43,2024-12-25,0631,SNPP,SNPP,n,2,292.8,4.07,D,0
21.86749,105.88431,341.55,0.43,0.46,2024-12-25,0631,SNPP,SNPP,n,2,290.07,3.8,D,0
21.76992,104.93107,330.66,0.56,0.43,2024-12-25,0631,SNPP,SNPP,n,2,290.23,2.9,D,0
21.90552,104.96185,344.11,0.57,0.43,2024-12-25,0631,SNPP,SNPP,n,2,295.89,13.45,D,0
21.90949,104.96117,338.6,0.57,0.43,2024-12-25,0631,SNPP,SNPP,n,2,292.26,10.52,D,3
20.91174,106.72285,327.29,0.54,0.5,2024-12-28,0534,SNPP,SNPP,n,2,296.16,3.93,D,0
20.91379,106.7194,329.42,0.53,0.5,2024-12-28,0534,SNPP,SNPP,n,2,294.92,3.75,D,0
21.15516,106.52554,330.86,0.54,0.51,2024-12-28,0534,SNPP,SNPP,n,2,294.52,7.02,D,0
21.23165,106.14288,343.63,0.57,0.52,2024-12-28,0534,SNPP,SNPP,n,2,297.78,7.58,D,0
21.23633,106.14146,332.21,0.57,0.52,2024-12-28,0534,SNPP,SNPP,n,2,294.04,7.58,D,0
21.23165,106.14594,341.48,0.57,0.52,2024-12-28,0534,SNPP,SNPP,n,2,296.53,13.96,D,0
21.23631,106.14449,341.58,0.57,0.52,2024-12-28,0534,SNPP,SNPP,n,2,295.21,13.96,D,0
21.46215,106.30545,333.03,0.55,0.51,2024-12-28,0534,SNPP,SNPP,n,2,293.77,3.86,D,0
21.50498,106.17482,336.09,0.56,0.52,2024-12-28,0534,SNPP,SNPP,n,2,292.64,5.6,D,0
21.75111,106.82861,333.8,0.51,0.49,2024-12-28,0534,SNPP,SNPP,n,2,292.88,3.85,D,0
21.76855,106.7267,333.47,0.52,0.5,2024-12-28,0534,SNPP,SNPP,n,2,290.8,3.8,D,0
21.62642,105.58418,339.87,0.61,0.53,2024-12-28,0534,SNPP,SNPP,n,2,292,4.74,D,0
21.70383,105.67562,336.74,0.6,0.53,2024-12-28,0534,SNPP,SNPP,n,2,292.75,9.24,D,0
21.48861,106.39669,301.9,0.52,0.5,2024-12-28,1803,SNPP,SNPP,n,2,284.02,1.4,N,0
21.4805,106.25961,305.38,0.54,0.5,2024-12-28,1803,SNPP,SNPP,n,2,284.63,1.56,N,0
21.47991,106.26489,302.01,0.54,0.5,2024-12-28,1803,SNPP,SNPP,n,2,283.76,1.56,N,0
21.17484,106.54289,301.86,0.51,0.49,2024-12-28,1803,SNPP,SNPP,n,2,284.92,1.57,N,0
21.17425,106.54832,297.59,0.51,0.49,2024-12-28,1803,SNPP,SNPP,n,2,284.87,1.54,N,0
21.17536,106.54147,297.61,0.51,0.49,2024-12-28,1803,SNPP,SNPP,n,2,284.42,0.6,N,0
21.17474,106.54675,295.75,0.51,0.49,2024-12-28,1803,SNPP,SNPP,n,2,284.7,0.6,N,0
21.17408,106.55229,299.45,0.51,0.49,2024-12-28,1803,SNPP,SNPP,n,2,284.31,0.38,N,0
21.12318,106.34482,323.8,0.52,0.5,2024-12-28,1803,SNPP,SNPP,n,2,285.87,2.45,N,0
21.1203,106.32853,295.42,0.52,0.5,2024-12-28,1803,SNPP,SNPP,n,2,284.89,0.79,N,0
21.17376,106.79797,327.09,0.52,0.67,2024-12-29,0515,SNPP,SNPP,n,2,289.91,4.65,D,0
21.17889,106.7966,342.46,0.52,0.67,2024-12-29,0515,SNPP,SNPP,n,2,291.33,4.68,D,0
21.20276,106.81617,337.78,0.52,0.67,2024-12-29,0515,SNPP,SNPP,n,2,291,7.07,D,0
21.17446,106.55753,333.33,0.54,0.68,2024-12-29,0515,SNPP,SNPP,n,2,290.03,4.7,D,0
21.21966,106.7233,338.21,0.52,0.67,2024-12-29,0515,SNPP,SNPP,n,2,292.48,5.34,D,0
21.22697,106.727,330.02,0.52,0.67,2024-12-29,0515,SNPP,SNPP,n,2,290.64,2.54,D,0
21.75812,106.78133,330.37,0.51,0.66,2024-12-29,0516,SNPP,SNPP,n,2,290.49,5.57,D,0
21.62745,106.08869,326.86,0.56,0.69,2024-12-29,0516,SNPP,SNPP,n,2,288.26,2.18,D,0
21.82427,106.26959,332.74,0.54,0.68,2024-12-29,0516,SNPP,SNPP,n,2,289.09,6.67,D,0
21.82289,106.26364,348.3,0.54,0.68,2024-12-29,0516,SNPP,SNPP,n,2,291.52,6.67,D,0
21.82146,106.2667,367,0.54,0.68,2024-12-29,0516,SNPP,SNPP,h,2,293.41,14.07,D,0
21.94927,106.12811,329.42,0.55,0.68,2024-12-29,0516,SNPP,SNPP,n,2,287.95,3.74,D,0
20.75163,105.52912,325.63,0.5,0.66,2024-12-29,0656,SNPP,SNPP,n,2,288.88,1.86,D,0
20.75114,105.52973,325.54,0.5,0.66,2024-12-29,0656,SNPP,SNPP,n,2,288.51,1.55,D,0
21.08242,106.78156,327.98,0.61,0.71,2024-12-29,0656,SNPP,SNPP,n,2,291.11,2.16,D,0
21.08003,106.78563,336.03,0.61,0.71,2024-12-29,0656,SNPP,SNPP,n,2,291.91,3.62,D,0
21.17482,106.5602,330.95,0.59,0.7,2024-12-29,0656,SNPP,SNPP,n,2,291.55,9.04,D,0
21.17388,106.55817,326.92,0.59,0.7,2024-12-29,0656,SNPP,SNPP,n,2,292.27,7.87,D,0
21.17346,106.55275,337.01,0.59,0.7,2024-12-29,0656,SNPP,SNPP,n,2,292.82,6.74,D,0
21.21987,106.72269,349.23,0.61,0.71,2024-12-29,0656,SNPP,SNPP,n,2,292.98,10.84,D,0
21.60144,106.18073,327.62,0.56,0.69,2024-12-29,0656,SNPP,SNPP,n,2,289.73,4.13,D,0
21.63122,106.14859,367,0.56,0.69,2024-12-29,0656,SNPP,SNPP,h,2,291.81,10.29,D,0
21.63074,106.14288,346.52,0.56,0.69,2024-12-29,0656,SNPP,SNPP,n,2,291.17,10.29,D,0
21.63159,106.14469,367,0.56,0.69,2024-12-29,0656,SNPP,SNPP,h,2,293.99,19.14,D,0
21.7536,106.37173,330.67,0.58,0.7,2024-12-29,0656,SNPP,SNPP,n,2,292.04,5.47,D,0
21.75291,106.36635,326.6,0.58,0.7,2024-12-29,0656,SNPP,SNPP,n,2,291.23,6.48,D,0
21.78026,106.20992,328.47,0.57,0.69,2024-12-29,0656,SNPP,SNPP,n,2,292.35,6.93,D,0
21.78709,106.21416,327.32,0.57,0.69,2024-12-29,0656,SNPP,SNPP,n,2,291.29,14.24,D,0
21.78673,106.20954,351.03,0.57,0.69,2024-12-29,0656,SNPP,SNPP,n,2,291.63,6.93,D,0
21.82962,105.36382,344.57,0.5,0.66,2024-12-29,0656,SNPP,SNPP,n,2,291.42,4.49,D,0
21.80925,105.78993,302.86,0.58,0.7,2024-12-29,1744,SNPP,SNPP,n,2,284.02,0.89,N,0
21.8098,105.78893,305.58,0.58,0.7,2024-12-29,1744,SNPP,SNPP,n,2,284.35,1.41,N,0
21.52898,105.69967,298.92,0.59,0.7,2024-12-29,1744,SNPP,SNPP,n,2,284.51,0.76,N,0
21.30638,106.19662,296.21,0.54,0.68,2024-12-29,1744,SNPP,SNPP,n,2,285.38,0.6,N,0
21.2873,106.35084,296.11,0.53,0.67,2024-12-29,1744,SNPP,SNPP,n,2,284.27,1.08,N,0
21.01897,106.52957,301.39,0.51,0.66,2024-12-29,1744,SNPP,SNPP,n,2,288.1,1.33,N,2
21.01454,106.52875,295.72,0.51,0.66,2024-12-29,1744,SNPP,SNPP,n,2,285.27,1.23,N,2
21.01409,106.53382,299.52,0.51,0.66,2024-12-29,1744,SNPP,SNPP,n,2,287.41,1.23,N,0
21.01364,106.53889,299.2,0.51,0.66,2024-12-29,1744,SNPP,SNPP,n,2,287.33,1.13,N,2
21.68133,106.65563,295.72,0.49,0.4,2024-12-31,1847,SNPP,SNPP,n,2,282.51,0.43,N,0
21.41848,106.40823,317.44,0.48,0.4,2024-12-31,1847,SNPP,SNPP,n,2,286.12,2.09,N,0
21.01664,106.53017,298.2,0.49,0.4,2024-12-31,1847,SNPP,SNPP,n,2,288.1,0.89,N,2
21.01579,106.53484,298.51,0.49,0.4,2024-12-31,1847,SNPP,SNPP,n,2,288.32,0.91,N,2
21.01494,106.53953,300.71,0.49,0.4,2024-12-31,1847,SNPP,SNPP,n,2,288.42,0.91,N,2
21.01125,106.53877,304,0.49,0.4,2024-12-31,1847,SNPP,SNPP,n,2,287.83,0.91,N,2
21.00297,105.77527,307.03,0.45,0.39,2024-12-31,1847,SNPP,SNPP,n,2,285.25,0.56,N,0
21.00082,105.77599,301.76,0.45,0.39,2024-12-31,1847,SNPP,SNPP,n,2,284.38,0.54,N,0
20.53171,105.86667,297.61,0.46,0.39,2024-12-31,1848,SNPP,SNPP,n,2,286.9,0.3,N,2
20.40213,105.90186,300.41,0.47,0.39,2024-12-31,1848,SNPP,SNPP,n,2,287.26,1.28,N,2
20.34036,105.91258,300.29,0.47,0.4,2024-12-31,1848,SNPP,SNPP,n,2,286.44,0.63,N,2
20.15337,105.43034,325.68,0.44,0.38,2025-01-01,0559,SNPP,SNPP,n,2,295.28,3.11,D,0
20.19332,105.49548,334.09,0.43,0.38,2025-01-01,0559,SNPP,SNPP,n,2,301.14,2.36,D,0
20.364,105.43468,327.9,0.43,0.38,2025-01-01,0559,SNPP,SNPP,n,2,295.28,2.63,D,0
20.59227,105.69574,332.45,0.42,0.38,2025-01-01,0559,SNPP,SNPP,n,2,297.82,3.14,D,0
20.57974,105.42658,330.1,0.43,0.38,2025-01-01,0559,SNPP,SNPP,n,2,296.33,1.3,D,0
20.90796,106.84671,335.21,0.39,0.36,2025-01-01,0559,SNPP,SNPP,n,2,298.87,3.65,D,3
20.97522,106.36555,333.22,0.4,0.37,2025-01-01,0559,SNPP,SNPP,n,2,297.51,15.05,D,0
20.884,105.21278,329.88,0.44,0.38,2025-01-01,0559,SNPP,SNPP,n,2,293.83,4.13,D,0
20.88394,105.20995,339.38,0.44,0.38,2025-01-01,0559,SNPP,SNPP,n,2,293.41,5.4,D,0
21.21279,106.84631,344.82,0.39,0.36,2025-01-01,0559,SNPP,SNPP,n,2,302.08,4.52,D,0
20.9586,105.24564,330.76,0.44,0.38,2025-01-01,0559,SNPP,SNPP,n,2,294.29,4.07,D,0
21.2204,106.82941,332.11,0.39,0.36,2025-01-01,0559,SNPP,SNPP,n,2,299.9,2.74,D,0
20.96145,105.24117,327.91,0.44,0.38,2025-01-01,0559,SNPP,SNPP,n,2,292.96,4.07,D,0
21.22374,106.82888,342.21,0.39,0.36,2025-01-01,0559,SNPP,SNPP,n,2,299.07,5.97,D,0
21.22229,106.57263,340.46,0.4,0.37,2025-01-01,0559,SNPP,SNPP,n,2,297.87,3.16,D,0
21.21156,106.16392,330.46,0.4,0.37,2025-01-01,0559,SNPP,SNPP,n,2,297.58,3.42,D,0
21.21494,106.16331,334.82,0.4,0.37,2025-01-01,0559,SNPP,SNPP,n,2,295.77,3.42,D,0
21.40106,106.83905,327.66,0.39,0.36,2025-01-01,0559,SNPP,SNPP,n,2,298.75,1.91,D,0
21.40438,106.83842,327.24,0.39,0.36,2025-01-01,0559,SNPP,SNPP,n,2,295.42,1.91,D,0
21.41812,106.35615,330.43,0.4,0.37,2025-01-01,0559,SNPP,SNPP,n,2,295.96,6.18,D,0
21.53278,106.26444,334.25,0.4,0.37,2025-01-01,0600,SNPP,SNPP,n,2,297.08,2.7,D,0
21.49203,105.67146,333.52,0.42,0.37,2025-01-01,0600,SNPP,SNPP,n,2,294.21,3.94,D,0
21.40785,105.11929,332.35,0.44,0.38,2025-01-01,0600,SNPP,SNPP,n,2,296.97,4.57,D,0
21.67653,106.75494,331.13,0.39,0.36,2025-01-01,0600,SNPP,SNPP,n,2,297.23,3.64,D,0
21.40804,105.1198,345.11,0.44,0.38,2025-01-01,0600,SNPP,SNPP,n,2,296.77,5.73,D,0
21.71403,106.80572,330.72,0.39,0.36,2025-01-01,0600,SNPP,SNPP,n,2,296.01,1.96,D,0
21.67409,106.49075,325.01,0.4,0.37,2025-01-01,0600,SNPP,SNPP,n,2,299.82,1.35,D,0
21.77909,106.63922,341.42,0.39,0.36,2025-01-01,0600,SNPP,SNPP,n,2,295.62,6.25,D,0
21.68141,105.99409,329.85,0.41,0.37,2025-01-01,0600,SNPP,SNPP,n,2,294.49,2.74,D,0
21.85076,106.78848,346.5,0.39,0.36,2025-01-01,0600,SNPP,SNPP,n,2,301.42,17.05,D,0
21.70991,105.67644,339.76,0.41,0.37,2025-01-01,0600,SNPP,SNPP,n,2,295.36,5.61,D,0
21.77143,105.92512,349.55,0.41,0.37,2025-01-01,0600,SNPP,SNPP,n,2,302.29,8.35,D,0
21.77483,105.92453,334.68,0.41,0.37,2025-01-01,0600,SNPP,SNPP,n,2,294.88,2.39,D,0
21.82195,106.14836,330.69,0.4,0.37,2025-01-01,0600,SNPP,SNPP,n,2,294.71,4.87,D,0
21.82134,106.1446,327.76,0.4,0.37,2025-01-01,0600,SNPP,SNPP,n,2,294.66,4.87,D,0
21.89516,106.51629,330.89,0.39,0.36,2025-01-01,0600,SNPP,SNPP,n,2,296.96,2.39,D,0
21.83099,106.11861,338.56,0.4,0.37,2025-01-01,0600,SNPP,SNPP,n,2,299,11.11,D,0
21.76103,105.64995,333.04,0.41,0.37,2025-01-01,0600,SNPP,SNPP,n,2,293.96,3.66,D,0
21.8515,105.83754,335.9,0.41,0.37,2025-01-01,0600,SNPP,SNPP,n,2,296.03,5.1,D,0
21.90016,105.24617,339.45,0.43,0.38,2025-01-01,0600,SNPP,SNPP,n,2,294.27,3.16,D,0
21.56712,106.49324,298.32,0.39,0.36,2025-01-01,1828,SNPP,SNPP,n,2,286.39,0.66,N,0
21.04102,106.58869,300.13,0.39,0.36,2025-01-01,1829,SNPP,SNPP,n,2,289.15,0.71,N,0
21.02098,106.60815,299.34,0.39,0.36,2025-01-01,1829,SNPP,SNPP,n,2,288.05,0.48,N,0
21.01987,106.53142,311.45,0.39,0.36,2025-01-01,1829,SNPP,SNPP,n,2,290.33,1.41,N,2
20.82721,106.54855,298.92,0.39,0.36,2025-01-01,1829,SNPP,SNPP,n,2,286.55,0.58,N,0
20.53178,105.86478,302.05,0.4,0.37,2025-01-01,1829,SNPP,SNPP,n,2,287.87,0.39,N,2
20.4545,105.88752,300.45,0.4,0.37,2025-01-01,1829,SNPP,SNPP,n,2,288.66,0.46,N,2
20.40795,105.89911,308.55,0.4,0.37,2025-01-01,1829,SNPP,SNPP,n,2,289.06,1.16,N,2
20.40403,105.90232,307.58,0.4,0.37,2025-01-01,1829,SNPP,SNPP,n,2,289.38,0.86,N,2
20.40066,105.90176,299.08,0.4,0.37,2025-01-01,1829,SNPP,SNPP,n,2,288.38,1.01,N,2
20.34282,105.91228,298.45,0.4,0.37,2025-01-01,1829,SNPP,SNPP,n,2,287.73,0.38,N,0
20.41296,105.59397,328.28,0.51,0.49,2025-01-02,0540,SNPP,SNPP,n,2,293.73,3.97,D,0
21.01915,106.52859,336.98,0.44,0.46,2025-01-02,0541,SNPP,SNPP,n,2,299.23,2.95,D,2
21.08668,106.83366,341.24,0.42,0.45,2025-01-02,0541,SNPP,SNPP,n,2,301.03,9.32,D,0
21.0681,106.57858,330.92,0.43,0.46,2025-01-02,0541,SNPP,SNPP,n,2,297.28,1.95,D,0
21.05459,106.41633,340.4,0.44,0.46,2025-01-02,0541,SNPP,SNPP,n,2,295.78,5.9,D,0
21.05379,106.41212,338.86,0.44,0.46,2025-01-02,0541,SNPP,SNPP,n,2,295.15,5.9,D,0
21.20706,106.71211,338.83,0.42,0.45,2025-01-02,0541,SNPP,SNPP,n,2,298.96,4.43,D,0
21.20632,106.7082,341.86,0.42,0.45,2025-01-02,0541,SNPP,SNPP,n,2,299.2,4.43,D,0
21.29987,106.62922,338.77,0.43,0.46,2025-01-02,0541,SNPP,SNPP,n,2,297.92,4.07,D,0
21.30401,106.62825,332.9,0.43,0.46,2025-01-02,0541,SNPP,SNPP,n,2,297.77,4.07,D,0
21.31532,106.64226,334.31,0.42,0.46,2025-01-02,0541,SNPP,SNPP,n,2,295.42,4.47,D,0
21.16077,105.25986,337.26,0.52,0.5,2025-01-02,0541,SNPP,SNPP,n,2,293.88,6.2,D,0
21.44259,106.44223,346.16,0.43,0.46,2025-01-02,0541,SNPP,SNPP,n,2,295.27,6.14,D,0
21.56249,106.15575,336.26,0.45,0.47,2025-01-02,0541,SNPP,SNPP,n,2,294.23,3.27,D,0
21.58653,106.23516,327.3,0.44,0.46,2025-01-02,0541,SNPP,SNPP,n,2,295.49,2.61,D,0
21.61104,105.94158,298.25,0.45,0.47,2025-01-02,1810,SNPP,SNPP,n,2,286.21,0.53,N,0
21.26545,106.67717,300.21,0.4,0.44,2025-01-02,1810,SNPP,SNPP,n,2,286.24,0.95,N,0
21.26138,106.67635,316.13,0.4,0.44,2025-01-02,1810,SNPP,SNPP,n,2,286.67,0.95,N,0
21.15464,106.80614,312.21,0.39,0.44,2025-01-02,1810,SNPP,SNPP,n,2,284.91,0.47,N,0
21.02028,106.53136,312.14,0.4,0.45,2025-01-02,1810,SNPP,SNPP,n,2,289.41,1.02,N,2
21.01616,106.53078,313.7,0.4,0.45,2025-01-02,1810,SNPP,SNPP,n,2,288.21,1.02,N,2
21.01567,106.53469,302.37,0.4,0.45,2025-01-02,1810,SNPP,SNPP,n,2,289.78,1.02,N,0
20.40863,105.90115,301.82,0.43,0.46,2025-01-02,1810,SNPP,SNPP,n,2,288.06,0.59,N,2
20.40437,105.90061,304.71,0.43,0.46,2025-01-02,1810,SNPP,SNPP,n,2,288.32,1.84,N,2
20.60323,105.25707,367,0.53,0.67,2025-01-03,0522,SNPP,SNPP,h,2,291.45,6.98,D,0
20.60182,105.259,348.23,0.53,0.67,2025-01-03,0522,SNPP,SNPP,n,2,289.11,9.42,D,0
20.80741,105.42513,350.86,0.51,0.66,2025-01-03,0522,SNPP,SNPP,n,2,291.08,5.57,D,0
20.80649,105.42117,326.33,0.51,0.66,2025-01-03,0522,SNPP,SNPP,n,2,291.07,5.57,D,0
21.18003,106.51302,328.49,0.43,0.62,2025-01-03,0522,SNPP,SNPP,n,2,293.07,2.08,D,0
21.25097,106.72801,328.08,0.42,0.61,2025-01-03,0522,SNPP,SNPP,n,2,294.24,3.09,D,0
21.25478,106.72717,326.82,0.42,0.61,2025-01-03,0522,SNPP,SNPP,n,2,294.39,3.39,D,0
21.36142,106.83998,340.29,0.41,0.6,2025-01-03,0522,SNPP,SNPP,n,2,296.66,3.81,D,0
21.13673,105.833,327.05,0.47,0.64,2025-01-03,0522,SNPP,SNPP,n,2,294.17,3.37,D,0
21.16522,105.2598,337.32,0.51,0.66,2025-01-03,0522,SNPP,SNPP,n,2,292.12,3.26,D,0
21.16065,105.2392,328.75,0.52,0.67,2025-01-03,0522,SNPP,SNPP,n,2,291.08,3.89,D,0
21.55803,105.60942,328.24,0.48,0.65,2025-01-03,0522,SNPP,SNPP,n,2,290.59,3.45,D,0
21.55479,105.61124,334.5,0.48,0.65,2025-01-03,0522,SNPP,SNPP,n,2,291.71,3.57,D,0
21.76542,106.31744,350.43,0.43,0.62,2025-01-03,0522,SNPP,SNPP,n,2,292.62,7.31,D,0
21.70019,105.55223,334.29,0.48,0.65,2025-01-03,0522,SNPP,SNPP,n,2,291.84,3.32,D,0
20.10365,105.20518,347.48,0.6,0.7,2025-01-03,0702,SNPP,SNPP,n,2,292.88,7.63,D,0
20.51747,105.52958,367,0.63,0.72,2025-01-03,0702,SNPP,SNPP,h,2,290.38,11.96,D,0
20.69442,105.22367,326.82,0.61,0.71,2025-01-03,0702,SNPP,SNPP,n,2,289.56,2.6,D,0
20.90303,105.3043,367,0.62,0.71,2025-01-03,0702,SNPP,SNPP,h,2,290.88,57.08,D,0
20.90265,105.2996,343.15,0.62,0.71,2025-01-03,0702,SNPP,SNPP,n,2,297.5,28.16,D,0
20.90946,105.30072,329.11,0.62,0.71,2025-01-03,0702,SNPP,SNPP,n,2,290.46,28.16,D,0
20.89939,105.30145,330.13,0.62,0.71,2025-01-03,0702,SNPP,SNPP,n,2,291.14,25.79,D,0
20.90617,105.30228,367,0.62,0.71,2025-01-03,0702,SNPP,SNPP,h,2,297.63,25.79,D,0
20.90582,105.29765,337.79,0.62,0.71,2025-01-03,0702,SNPP,SNPP,n,2,290.46,25.79,D,0
20.99599,105.08475,332.87,0.6,0.71,2025-01-03,0702,SNPP,SNPP,n,2,292.25,4.53,D,0
21.03542,105.15943,325.2,0.61,0.71,2025-01-03,0702,SNPP,SNPP,n,2,291.91,4.11,D,0
21.17872,106.46702,367,0.74,0.76,2025-01-03,0702,SNPP,SNPP,h,2,293.57,16.28,D,0
21.18209,106.51418,335.38,0.74,0.76,2025-01-03,0702,SNPP,SNPP,n,2,291.52,8,D,0
21.16543,105.26381,329.76,0.62,0.71,2025-01-03,0702,SNPP,SNPP,n,2,291.79,8.61,D,0
21.16495,105.25758,338.64,0.62,0.71,2025-01-03,0702,SNPP,SNPP,n,2,294.72,7.4,D,0
21.3094,106.75164,352.21,0.77,0.77,2025-01-03,0702,SNPP,SNPP,n,2,292.25,12.92,D,0
21.50836,106.23065,327.57,0.72,0.75,2025-01-03,0702,SNPP,SNPP,n,2,290.28,2.55,D,0
21.50585,106.22969,329.14,0.72,0.75,2025-01-03,0702,SNPP,SNPP,n,2,290.69,3.82,D,0
21.66983,105.26015,367,0.62,0.72,2025-01-03,0702,SNPP,SNPP,h,2,291.28,14.8,D,0
21.66638,105.25863,333.56,0.62,0.72,2025-01-03,0703,SNPP,SNPP,n,2,288.05,9.6,D,0
21.67308,105.25811,346.59,0.62,0.72,2025-01-03,0703,SNPP,SNPP,n,2,290.16,9.6,D,0
21.73912,105.32751,367,0.63,0.72,2025-01-03,0703,SNPP,SNPP,h,2,293.23,15.28,D,0
21.74137,105.3271,352.31,0.63,0.72,2025-01-03,0703,SNPP,SNPP,n,2,290.94,16.22,D,0
21.91951,106.21136,325.91,0.72,0.76,2025-01-03,0703,SNPP,SNPP,n,2,290.53,4.71,D,0
21.4845,105.86973,299.62,0.45,0.63,2025-01-03,1751,SNPP,SNPP,n,2,286.98,0.63,N,0
21.01773,106.53104,307.54,0.4,0.6,2025-01-03,1751,SNPP,SNPP,n,2,289.09,2.17,N,2
21.01734,106.53502,300.77,0.4,0.6,2025-01-03,1751,SNPP,SNPP,n,2,288.65,1.21,N,0
21.01134,106.53836,300.3,0.4,0.6,2025-01-03,1751,SNPP,SNPP,n,2,288.06,1.21,N,2
20.53138,105.8643,300.9,0.44,0.62,2025-01-03,1751,SNPP,SNPP,n,2,287.63,0.78,N,2
20.42282,105.90086,299.32,0.44,0.62,2025-01-03,1751,SNPP,SNPP,n,2,288.04,0.69,N,0
20.40542,105.8989,305.92,0.44,0.62,2025-01-03,1751,SNPP,SNPP,n,2,287.71,1.24,N,2
21.36396,106.8362,328.65,0.8,0.78,2025-01-04,0503,SNPP,SNPP,n,2,289.56,5.97,D,0
20.16669,105.67361,335.6,0.63,0.54,2025-01-04,0643,SNPP,SNPP,n,2,291.7,2.09,D,0
20.19985,105.55779,327.99,0.62,0.54,2025-01-04,0643,SNPP,SNPP,n,2,292.21,3.54,D,0
20.19997,105.55732,329.05,0.62,0.54,2025-01-04,0643,SNPP,SNPP,n,2,291.88,5.06,D,0
20.18066,105.32254,339.6,0.6,0.53,2025-01-04,0643,SNPP,SNPP,n,2,293.97,10.53,D,0
20.43115,105.74436,367,0.32,0.55,2025-01-04,0643,SNPP,SNPP,h,2,294.18,5.03,D,0
20.93597,105.2955,340.82,0.61,0.53,2025-01-04,0643,SNPP,SNPP,n,2,297.93,12.25,D,0
20.94321,105.2686,329.23,0.61,0.53,2025-01-04,0643,SNPP,SNPP,n,2,295.11,3.62,D,0
20.97481,105.05106,353.2,0.59,0.53,2025-01-04,0643,SNPP,SNPP,n,2,297.21,22.51,D,0
20.9797,105.05062,347.65,0.59,0.53,2025-01-04,0643,SNPP,SNPP,n,2,290.99,22.51,D,0
20.97748,105.05025,353.68,0.59,0.53,2025-01-04,0643,SNPP,SNPP,n,2,298.77,35.64,D,0
21.15881,106.52425,328.03,0.37,0.58,2025-01-04,0643,SNPP,SNPP,n,2,296.07,2.39,D,0
21.2233,106.73927,353.13,0.38,0.59,2025-01-04,0643,SNPP,SNPP,n,2,295.39,5.68,D,0
21.08047,105.08799,326.3,0.59,0.53,2025-01-04,0643,SNPP,SNPP,n,2,293.75,4.26,D,0
21.07959,105.03417,328.86,0.59,0.53,2025-01-04,0643,SNPP,SNPP,n,2,294.64,6.16,D,0
21.07718,105.03729,333.23,0.59,0.53,2025-01-04,0643,SNPP,SNPP,n,2,295.31,5.09,D,0
21.30241,106.75336,328.26,0.38,0.59,2025-01-04,0643,SNPP,SNPP,n,2,289.03,1.28,D,0
21.36079,106.84142,367,0.39,0.59,2025-01-04,0643,SNPP,SNPP,h,2,311.79,25.37,D,0
21.36118,106.84538,330.2,0.39,0.59,2025-01-04,0643,SNPP,SNPP,n,2,297.88,25.37,D,0
21.36042,106.83761,330.34,0.39,0.59,2025-01-04,0643,SNPP,SNPP,n,2,294.55,16.33,D,0
21.40652,106.39301,331.09,0.36,0.58,2025-01-04,0644,SNPP,SNPP,n,2,294.8,2.41,D,0
21.42945,106.46042,329.24,0.37,0.58,2025-01-04,0644,SNPP,SNPP,n,2,292.5,2.08,D,0
21.41437,106.3086,327.63,0.36,0.57,2025-01-04,0644,SNPP,SNPP,n,2,294.51,1.15,D,0
21.54073,106.74623,329.9,0.39,0.59,2025-01-04,0644,SNPP,SNPP,n,2,291.97,1.8,D,0
21.63862,106.66209,334.28,0.38,0.59,2025-01-04,0644,SNPP,SNPP,n,2,294.93,2.59,D,0
21.63746,105.57935,329.63,0.32,0.55,2025-01-04,0644,SNPP,SNPP,n,2,292.14,2.33,D,0
21.70794,106.07024,326.58,0.35,0.57,2025-01-04,0644,SNPP,SNPP,n,2,295.24,1.96,D,0
21.70022,105.10666,326.56,0.61,0.53,2025-01-04,0644,SNPP,SNPP,n,2,293.62,4.28,D,0
21.78111,105.56607,332.53,0.33,0.55,2025-01-04,0644,SNPP,SNPP,n,2,291.61,1.62,D,0
21.84398,105.83864,325.66,0.34,0.56,2025-01-04,0644,SNPP,SNPP,n,2,292.38,1.56,D,0
21.93022,106.23112,367,0.36,0.57,2025-01-04,0644,SNPP,SNPP,h,2,295.88,5.82,D,0
21.93557,106.23066,349.06,0.36,0.57,2025-01-04,0644,SNPP,SNPP,n,2,291.71,4.42,D,0
21.81324,105.03091,329.57,0.6,0.53,2025-01-04,0644,SNPP,SNPP,n,2,293.85,5.35,D,0
21.92295,105.61333,329.1,0.33,0.55,2025-01-04,0644,SNPP,SNPP,n,2,292.3,2.11,D,0
21.11353,106.71095,297.89,0.79,0.78,2025-01-04,1732,SNPP,SNPP,n,2,282.57,0.42,N,0
21.52786,105.99794,301.47,0.35,0.57,2025-01-04,1912,SNPP,SNPP,n,2,282.24,0.65,N,0
21.02242,106.53168,298.91,0.39,0.59,2025-01-04,1912,SNPP,SNPP,n,2,284.93,1.13,N,0
21.01701,106.53033,305.55,0.39,0.59,2025-01-04,1912,SNPP,SNPP,n,2,285.94,1.13,N,2
21.01533,106.53783,298,0.39,0.59,2025-01-04,1912,SNPP,SNPP,n,2,286.09,1.4,N,2
21.02156,106.53259,298.86,0.39,0.59,2025-01-04,1912,SNPP,SNPP,n,2,285.36,0.97,N,0
21.01452,106.53873,297.88,0.39,0.59,2025-01-04,1912,SNPP,SNPP,n,2,286.24,1.2,N,2
20.98922,105.89752,295.64,0.36,0.57,2025-01-04,1913,SNPP,SNPP,n,2,283.86,0.26,N,0
20.82451,106.02521,295.82,0.37,0.58,2025-01-04,1913,SNPP,SNPP,n,2,282.8,0.34,N,0
20.48131,105.88159,298.6,0.37,0.58,2025-01-04,1913,SNPP,SNPP,n,2,285.7,0.43,N,0
20.34382,105.91376,295.95,0.37,0.58,2025-01-04,1913,SNPP,SNPP,n,2,285.63,0.52,N,0
20.15463,105.5732,332.65,0.48,0.4,2025-01-05,0624,SNPP,SNPP,n,2,297.14,5.65,D,0
20.2802,105.40787,335.68,0.48,0.4,2025-01-05,0624,SNPP,SNPP,n,2,295.27,6.83,D,0
20.63561,105.31728,333.11,0.48,0.4,2025-01-05,0624,SNPP,SNPP,n,2,296.85,9.1,D,0
20.90587,106.83775,328.66,0.39,0.44,2025-01-05,0625,SNPP,SNPP,n,2,295.37,1.89,D,3
20.89394,106.70726,328.66,0.57,0.43,2025-01-05,0625,SNPP,SNPP,n,2,296.23,2.01,D,0
20.75205,105.46858,328.38,0.49,0.4,2025-01-05,0625,SNPP,SNPP,n,2,295.95,2.28,D,0
20.75617,105.38559,329.85,0.48,0.4,2025-01-05,0625,SNPP,SNPP,n,2,293.49,5.9,D,0
21.08142,106.7204,345.52,0.57,0.43,2025-01-05,0625,SNPP,SNPP,n,2,298.3,7.7,D,0
21.1088,106.77817,329.5,0.38,0.44,2025-01-05,0625,SNPP,SNPP,n,2,301.94,1.88,D,0
21.19298,106.69109,327.83,0.57,0.43,2025-01-05,0625,SNPP,SNPP,n,2,295.16,3.86,D,0
20.98967,104.99398,331.46,0.46,0.39,2025-01-05,0625,SNPP,SNPP,n,2,297.61,3.34,D,0
21.21385,106.72886,326.69,0.38,0.43,2025-01-05,0625,SNPP,SNPP,n,2,300.88,2.08,D,0
21.19016,106.50282,331.4,0.56,0.43,2025-01-05,0625,SNPP,SNPP,n,2,298.94,10.86,D,0
21.00525,105.02787,329.85,0.47,0.39,2025-01-05,0625,SNPP,SNPP,n,2,295.46,3.58,D,0
21.02216,105.12763,328.55,0.47,0.4,2025-01-05,0625,SNPP,SNPP,n,2,295.53,3.34,D,0
21.24239,106.72881,339.05,0.38,0.43,2025-01-05,0625,SNPP,SNPP,n,2,296.02,5.08,D,0
21.15735,105.22177,335.08,0.48,0.4,2025-01-05,0625,SNPP,SNPP,n,2,298.56,5.75,D,0
21.16102,105.22121,332.84,0.48,0.4,2025-01-05,0625,SNPP,SNPP,n,2,295.15,5.21,D,0
21.23545,105.16991,325.86,0.48,0.4,2025-01-05,0625,SNPP,SNPP,n,2,294.19,3.07,D,0
21.23484,105.16526,330.37,0.48,0.4,2025-01-05,0625,SNPP,SNPP,n,2,295.76,2.59,D,0
21.26535,104.97473,333.53,0.47,0.39,2025-01-05,0625,SNPP,SNPP,n,2,295.24,5.68,D,0
21.2526,104.88043,332.01,0.46,0.39,2025-01-05,0625,SNPP,SNPP,n,2,299.13,5.26,D,0
21.26589,104.9761,334.74,0.47,0.39,2025-01-05,0625,SNPP,SNPP,n,2,296.48,6.74,D,0
21.25305,104.87698,333.91,0.46,0.39,2025-01-05,0625,SNPP,SNPP,n,2,297.51,7.48,D,0
21.30244,104.86009,332.65,0.46,0.39,2025-01-05,0625,SNPP,SNPP,n,2,297.95,2.44,D,0
21.30606,104.85955,345.91,0.46,0.39,2025-01-05,0625,SNPP,SNPP,n,2,297.81,7.78,D,0
21.5643,106.21964,330.33,0.54,0.42,2025-01-05,0625,SNPP,SNPP,n,2,294.86,5.31,D,0
21.61267,105.59166,330.49,0.5,0.41,2025-01-05,0625,SNPP,SNPP,n,2,294.67,2.74,D,0
21.58921,105.34988,328.06,0.49,0.4,2025-01-05,0625,SNPP,SNPP,n,2,294.98,2.59,D,0
21.69037,106.05095,326.23,0.53,0.42,2025-01-05,0625,SNPP,SNPP,n,2,294.33,3.16,D,0
21.75131,106.09257,334.74,0.54,0.42,2025-01-05,0625,SNPP,SNPP,n,2,296.38,5.64,D,0
21.69303,105.32307,331.75,0.49,0.4,2025-01-05,0625,SNPP,SNPP,n,2,294.36,3.68,D,0
21.7587,105.32045,325.61,0.49,0.4,2025-01-05,0625,SNPP,SNPP,n,2,295.12,2.68,D,0
21.94505,106.2115,331.33,0.55,0.43,2025-01-05,0625,SNPP,SNPP,n,2,296.06,7.71,D,0
21.90696,105.55456,340.55,0.51,0.41,2025-01-05,0625,SNPP,SNPP,n,2,298.89,5.76,D,0
21.94092,105.5797,341.88,0.51,0.41,2025-01-05,0625,SNPP,SNPP,n,2,298.23,7.2,D,0
21.94468,105.57903,340.54,0.51,0.41,2025-01-05,0625,SNPP,SNPP,n,2,294.62,9.06,D,0
21.92675,105.26281,335.7,0.49,0.4,2025-01-05,0625,SNPP,SNPP,n,2,295.79,4.57,D,0
21.9453,105.31763,329.36,0.49,0.4,2025-01-05,0625,SNPP,SNPP,n,2,294.01,3.37,D,0
21.89171,104.85474,325.21,0.47,0.4,2025-01-05,0625,SNPP,SNPP,n,2,294.67,2.35,D,0
21.30687,106.36898,307.63,0.39,0.44,2025-01-05,1854,SNPP,SNPP,n,2,284.14,1.34,N,0
21.18626,106.51965,310.81,0.39,0.44,2025-01-05,1854,SNPP,SNPP,n,2,286.3,1.05,N,0
21.18222,106.51885,307.91,0.39,0.44,2025-01-05,1854,SNPP,SNPP,n,2,286.03,1.05,N,0
21.17883,106.51472,325.31,0.39,0.44,2025-01-05,1854,SNPP,SNPP,n,2,287.57,4.18,N,0
21.17817,106.51817,339.31,0.39,0.44,2025-01-05,1854,SNPP,SNPP,n,2,287.96,2.55,N,0
21.17407,106.51769,296.38,0.39,0.44,2025-01-05,1854,SNPP,SNPP,n,2,285.03,2.55,N,0
21.16482,106.5442,297.86,0.4,0.44,2025-01-05,1854,SNPP,SNPP,n,2,285.16,0.5,N,0
21.16413,106.54778,310.93,0.4,0.44,2025-01-05,1854,SNPP,SNPP,n,2,287.31,1.84,N,0
21.45223,104.93893,297.31,0.48,0.4,2025-01-05,1854,SNPP,SNPP,n,2,284.05,0.57,N,0
21.03213,106.55698,298.44,0.4,0.44,2025-01-05,1854,SNPP,SNPP,n,2,285.98,0.43,N,0
21.02035,106.53082,302.92,0.4,0.44,2025-01-05,1854,SNPP,SNPP,n,2,289.15,1.02,N,2
21.01632,106.52994,309.97,0.4,0.44,2025-01-05,1854,SNPP,SNPP,n,2,289.25,1.62,N,2
21.01484,106.53754,300.31,0.4,0.44,2025-01-05,1854,SNPP,SNPP,n,2,289,1.62,N,2
21.01696,106.53014,316.6,0.4,0.44,2025-01-05,1854,SNPP,SNPP,n,2,290.44,2.01,N,2
20.9543,106.57218,312.65,0.4,0.44,2025-01-05,1854,SNPP,SNPP,n,2,285.54,1.19,N,0
20.53029,105.86794,297.72,0.56,0.43,2025-01-05,1854,SNPP,SNPP,n,2,287.5,0.41,N,2
20.14552,105.88115,333.92,0.39,0.36,2025-01-06,0606,SNPP,SNPP,n,2,298.79,2.91,D,0
20.12581,105.33045,327.79,0.39,0.37,2025-01-06,0606,SNPP,SNPP,n,2,295.65,1.56,D,0
20.15808,105.4902,330.4,0.39,0.36,2025-01-06,0606,SNPP,SNPP,n,2,296.07,1.26,D,0
20.12584,105.17973,353.67,0.4,0.37,2025-01-06,0606,SNPP,SNPP,n,2,295.77,6.33,D,0
20.16931,105.32284,333.9,0.39,0.37,2025-01-06,0606,SNPP,SNPP,n,2,295.71,3.45,D,0
20.17144,105.10975,339.6,0.4,0.37,2025-01-06,0606,SNPP,SNPP,n,2,292.15,6.22,D,0
20.5026,105.65454,328.08,0.39,0.36,2025-01-06,0606,SNPP,SNPP,n,2,295.37,3.64,D,0
20.77898,106.70531,330.96,0.38,0.36,2025-01-06,0606,SNPP,SNPP,n,2,297.38,2.66,D,0
20.77843,106.70163,331.45,0.38,0.36,2025-01-06,0606,SNPP,SNPP,n,2,298.21,2.66,D,0
20.61331,105.62721,346.84,0.39,0.36,2025-01-06,0606,SNPP,SNPP,n,2,298.82,9.85,D,0
20.81816,106.76283,328.96,0.38,0.36,2025-01-06,0606,SNPP,SNPP,n,2,296.28,7.09,D,3
20.82148,106.76227,336.51,0.38,0.36,2025-01-06,0606,SNPP,SNPP,n,2,303.89,7.09,D,3
20.66395,105.57999,333.81,0.39,0.36,2025-01-06,0606,SNPP,SNPP,n,2,294.12,2.38,D,0
20.919,106.84822,329.57,0.39,0.36,2025-01-06,0606,SNPP,SNPP,n,2,297.14,1.98,D,0
20.91237,106.73591,334.68,0.38,0.36,2025-01-06,0606,SNPP,SNPP,n,2,300.57,2.12,D,0
20.97458,106.70222,333.78,0.38,0.36,2025-01-06,0606,SNPP,SNPP,n,2,299.05,3.31,D,0
21.01966,106.52834,332.77,0.38,0.36,2025-01-06,0606,SNPP,SNPP,n,2,301.11,1.81,D,2
20.87569,105.46568,336.41,0.39,0.36,2025-01-06,0606,SNPP,SNPP,n,2,297.94,3.89,D,0
21.08304,106.72502,341.68,0.39,0.36,2025-01-06,0606,SNPP,SNPP,n,2,306.56,12.31,D,0
21.08635,106.72446,338.58,0.39,0.36,2025-01-06,0606,SNPP,SNPP,n,2,301.66,12.31,D,0
21.21586,106.84606,330.94,0.39,0.36,2025-01-06,0606,SNPP,SNPP,n,2,303.65,1.68,D,0
21.21421,106.83498,329.3,0.39,0.36,2025-01-06,0606,SNPP,SNPP,n,2,298.57,2.96,D,0
21.21918,106.84551,327.71,0.39,0.36,2025-01-06,0606,SNPP,SNPP,n,2,296.41,1.68,D,0
21.21753,106.83442,333.21,0.39,0.36,2025-01-06,0606,SNPP,SNPP,n,2,297.89,2.96,D,0
20.9953,105.38647,334.75,0.39,0.36,2025-01-06,0606,SNPP,SNPP,n,2,298.96,45.43,D,0
20.99471,105.38271,300.72,0.39,0.36,2025-01-06,0606,SNPP,SNPP,l,2,319.98,45.43,D,0
21.17273,106.51262,327.68,0.38,0.36,2025-01-06,0606,SNPP,SNPP,n,2,297.46,2.34,D,0
20.99804,105.38213,326.18,0.39,0.36,2025-01-06,0606,SNPP,SNPP,n,2,294.11,3.28,D,0
21.1777,106.52306,334.58,0.38,0.36,2025-01-06,0606,SNPP,SNPP,n,2,296.33,31.32,D,0
21.17714,106.51938,330.17,0.38,0.36,2025-01-06,0606,SNPP,SNPP,n,2,298.38,31.32,D,0
21.17604,106.51205,328.73,0.38,0.36,2025-01-06,0606,SNPP,SNPP,n,2,295.78,2.34,D,0
21.181,106.52248,345.69,0.38,0.36,2025-01-06,0606,SNPP,SNPP,n,2,297.88,6.7,D,0
21.21919,106.73167,335.12,0.39,0.36,2025-01-06,0606,SNPP,SNPP,n,2,298.66,2.72,D,0
21.23516,106.63434,326.25,0.38,0.36,2025-01-06,0606,SNPP,SNPP,n,2,295.92,2.59,D,0
21.23461,106.63065,329.77,0.38,0.36,2025-01-06,0606,SNPP,SNPP,n,2,295.17,2.59,D,0
21.226,106.39389,336,0.38,0.36,2025-01-06,0606,SNPP,SNPP,n,2,301.32,4.08,D,0
21.2293,106.39367,336.6,0.38,0.36,2025-01-06,0606,SNPP,SNPP,n,2,298.42,4.99,D,0
21.08372,105.15111,330.53,0.39,0.36,2025-01-06,0606,SNPP,SNPP,n,2,295.55,1.88,D,0
21.36086,106.84085,337.72,0.39,0.36,2025-01-06,0606,SNPP,SNPP,n,2,307.32,3.84,D,0
21.12843,105.21645,330.81,0.39,0.36,2025-01-06,0606,SNPP,SNPP,n,2,295.83,2.21,D,0
21.13459,105.02915,335.42,0.4,0.37,2025-01-06,0606,SNPP,SNPP,n,2,297.1,6.75,D,0
21.13794,105.02856,328.7,0.4,0.37,2025-01-06,0606,SNPP,SNPP,n,2,294.48,2.37,D,0
21.26264,105.68658,330.69,0.39,0.36,2025-01-06,0606,SNPP,SNPP,n,2,296.56,1.69,D,0
21.20948,104.98061,329.18,0.4,0.37,2025-01-06,0606,SNPP,SNPP,n,2,295.46,1.63,D,0
21.4363,106.33072,326.65,0.38,0.36,2025-01-06,0606,SNPP,SNPP,n,2,295.5,2.83,D,0
21.28832,105.16007,329.71,0.39,0.36,2025-01-06,0606,SNPP,SNPP,n,2,296.16,2.52,D,0
21.25633,104.87424,325.57,0.4,0.37,2025-01-06,0606,SNPP,SNPP,n,2,292.47,8.59,D,0
21.25572,104.87046,356.29,0.4,0.37,2025-01-06,0606,SNPP,SNPP,n,2,304.02,8.59,D,0
21.49148,106.35905,339.02,0.38,0.36,2025-01-06,0606,SNPP,SNPP,n,2,297,3.8,D,0
21.57346,106.70128,330.78,0.39,0.36,2025-01-06,0606,SNPP,SNPP,n,2,295.19,2.2,D,0
21.57291,106.69759,333.76,0.39,0.36,2025-01-06,0606,SNPP,SNPP,n,2,296.53,2.73,D,0
21.48189,105.74608,328.52,0.39,0.36,2025-01-06,0606,SNPP,SNPP,n,2,296.27,2.38,D,0
21.5707,106.28052,330.78,0.38,0.36,2025-01-06,0606,SNPP,SNPP,n,2,296.26,1.99,D,0
21.6346,106.68291,327.91,0.39,0.36,2025-01-06,0606,SNPP,SNPP,n,2,295.05,1.56,D,0
21.63116,106.50121,332.02,0.38,0.36,2025-01-06,0606,SNPP,SNPP,n,2,297.63,2.16,D,0
21.60208,106.08558,335.34,0.38,0.36,2025-01-06,0606,SNPP,SNPP,n,2,300.06,4.1,D,0
21.60539,106.085,343.32,0.38,0.36,2025-01-06,0606,SNPP,SNPP,n,2,298.42,4.1,D,0
21.63935,106.21906,326.29,0.38,0.36,2025-01-06,0606,SNPP,SNPP,n,2,296.63,1.75,D,0
21.72865,106.22629,334.2,0.38,0.36,2025-01-06,0606,SNPP,SNPP,n,2,303.18,20.42,D,0
21.55954,104.90849,332.9,0.4,0.37,2025-01-06,0606,SNPP,SNPP,n,2,294.88,7.17,D,0
21.56472,104.91928,333.19,0.4,0.37,2025-01-06,0606,SNPP,SNPP,n,2,297,5.56,D,0
21.5641,104.91546,330.99,0.4,0.37,2025-01-06,0606,SNPP,SNPP,n,2,294.99,5.56,D,0
21.73001,105.94933,329.36,0.38,0.36,2025-01-06,0606,SNPP,SNPP,n,2,293.76,3.97,D,0
21.73274,105.94504,331.44,0.38,0.36,2025-01-06,0606,SNPP,SNPP,n,2,295.75,3.97,D,0
21.61813,105.03814,331.58,0.39,0.36,2025-01-06,0606,SNPP,SNPP,n,2,294.8,5.33,D,0
21.86007,106.11232,334.76,0.38,0.36,2025-01-06,0606,SNPP,SNPP,n,2,298.02,12.89,D,0
21.84539,105.50987,332.58,0.39,0.36,2025-01-06,0606,SNPP,SNPP,n,2,294.96,3.14,D,0
21.8487,105.50926,332.74,0.39,0.36,2025-01-06,0606,SNPP,SNPP,n,2,294.09,3.14,D,0
21.93363,105.60065,326.14,0.39,0.36,2025-01-06,0606,SNPP,SNPP,n,2,293.52,2.2,D,0
21.93055,105.02007,327.43,0.39,0.36,2025-01-06,0606,SNPP,SNPP,n,2,290.42,2.57,D,0
21.18757,106.52904,320.97,0.39,0.36,2025-01-06,1835,SNPP,SNPP,n,2,286.88,1.92,N,0
21.18877,106.52161,298.51,0.39,0.36,2025-01-06,1835,SNPP,SNPP,n,2,285.97,0.56,N,0
21.18153,106.52411,319.77,0.39,0.36,2025-01-06,1835,SNPP,SNPP,n,2,288.56,5.48,N,0
21.17821,106.52352,367,0.39,0.36,2025-01-06,1835,SNPP,SNPP,h,2,293.45,5.48,N,0
21.1776,106.52731,314.36,0.39,0.36,2025-01-06,1835,SNPP,SNPP,n,2,287.3,2.13,N,0
21.17489,106.52294,333.11,0.39,0.36,2025-01-06,1835,SNPP,SNPP,n,2,289.84,2.16,N,0
21.17549,106.51921,311.77,0.39,0.36,2025-01-06,1835,SNPP,SNPP,n,2,286.82,2.16,N,0
21.17428,106.52674,308.99,0.39,0.36,2025-01-06,1835,SNPP,SNPP,n,2,287.66,1.7,N,0
21.16949,106.5564,304.57,0.39,0.36,2025-01-06,1835,SNPP,SNPP,n,2,287.49,1.09,N,0
21.17217,106.51865,321.62,0.39,0.36,2025-01-06,1835,SNPP,SNPP,n,2,286.58,2.16,N,0
21.17157,106.52236,321.66,0.39,0.36,2025-01-06,1835,SNPP,SNPP,n,2,288.39,2.16,N,0
21.16677,106.55209,299.16,0.39,0.36,2025-01-06,1835,SNPP,SNPP,n,2,286.76,0.91,N,0
21.19856,106.12009,307.69,0.38,0.36,2025-01-06,1835,SNPP,SNPP,n,2,287.04,1.03,N,0
21.08091,106.45303,319.82,0.39,0.36,2025-01-06,1835,SNPP,SNPP,n,2,285.44,1.3,N,0
21.01732,106.52927,318.85,0.39,0.36,2025-01-06,1835,SNPP,SNPP,n,2,290.7,2.32,N,2
21.01612,106.5367,300.52,0.39,0.36,2025-01-06,1835,SNPP,SNPP,n,2,288.54,1.2,N,2
21.01551,106.54041,306.63,0.39,0.36,2025-01-06,1835,SNPP,SNPP,n,2,288.99,1.2,N,2
20.96303,106.75724,299.44,0.39,0.36,2025-01-06,1835,SNPP,SNPP,n,2,288.47,0.54,N,0
20.97804,106.60246,298.76,0.39,0.36,2025-01-06,1835,SNPP,SNPP,n,2,285.27,0.58,N,0
21.00233,105.77539,297.95,0.38,0.36,2025-01-06,1835,SNPP,SNPP,n,2,285.81,0.26,N,0
20.82788,106.54937,297.49,0.39,0.36,2025-01-06,1835,SNPP,SNPP,n,2,285.72,0.36,N,0
20.53069,105.86703,303.28,0.38,0.36,2025-01-06,1835,SNPP,SNPP,n,2,289.1,0.33,N,2
20.48087,105.88078,298.09,0.38,0.36,2025-01-06,1835,SNPP,SNPP,n,2,286.93,0.54,N,0
20.45264,105.88705,300.56,0.38,0.36,2025-01-06,1835,SNPP,SNPP,n,2,287.86,0.68,N,2
20.40681,105.9015,307.17,0.38,0.36,2025-01-06,1835,SNPP,SNPP,n,2,289.1,0.97,N,2
20.4035,105.9009,308.96,0.38,0.36,2025-01-06,1835,SNPP,SNPP,n,2,289.08,0.97,N,2
20.39961,105.90399,307.4,0.38,0.36,2025-01-06,1835,SNPP,SNPP,n,2,289.04,0.73,N,2
20.34042,105.91227,299.05,0.38,0.36,2025-01-06,1835,SNPP,SNPP,n,2,288,0.62,N,0
20.13636,106.02402,311.11,0.39,0.36,2025-01-06,1835,SNPP,SNPP,n,2,286.69,0.54,N,0
21.15728,105.20354,339.47,0.42,0.45,2025-01-07,0547,SNPP,SNPP,n,2,294.2,3.06,D,0
21.17022,105.24955,327.38,0.42,0.45,2025-01-07,0547,SNPP,SNPP,n,2,291.95,2.1,D,0
21.21028,104.97878,327.49,0.43,0.46,2025-01-07,0547,SNPP,SNPP,n,2,291.65,2.22,D,0
21.27571,104.9772,331.46,0.43,0.46,2025-01-07,0547,SNPP,SNPP,n,2,291.38,3.57,D,0
21.16679,106.52146,314.13,0.5,0.41,2025-01-07,1816,SNPP,SNPP,n,2,286.71,1.92,N,0
21.16307,106.52066,306.74,0.5,0.41,2025-01-07,1816,SNPP,SNPP,n,2,286,1.2,N,0
21.01969,106.52992,301.47,0.5,0.41,2025-01-07,1816,SNPP,SNPP,n,2,288.98,1.4,N,2
21.01585,106.52751,307.46,0.5,0.41,2025-01-07,1816,SNPP,SNPP,n,2,287.41,2.08,N,2
21.01455,106.53708,299.34,0.5,0.41,2025-01-07,1816,SNPP,SNPP,n,2,289.18,1.22,N,2
21.01015,106.54128,298.88,0.5,0.41,2025-01-07,1816,SNPP,SNPP,n,2,288.49,1.22,N,2
20.96212,106.75521,298.07,0.48,0.4,2025-01-07,1816,SNPP,SNPP,n,2,287.91,0.66,N,0
20.78503,105.46644,336.69,0.4,0.6,2025-01-08,0528,SNPP,SNPP,n,2,288.58,4.11,D,0
21.36814,104.96312,339.32,0.37,0.58,2025-01-09,0650,SNPP,SNPP,n,2,290.19,3.17,D,0
21.77215,106.80174,347.84,0.49,0.65,2025-01-09,0650,SNPP,SNPP,n,2,289.09,6.11,D,0
21.77174,106.79662,331.8,0.49,0.65,2025-01-09,0650,SNPP,SNPP,n,2,287.77,6.11,D,0
21.49483,105.89809,330.67,0.39,0.37,2025-01-11,0612,SNPP,SNPP,n,2,290.36,2.24,D,0
21.60502,106.23313,333.79,0.4,0.37,2025-01-11,0612,SNPP,SNPP,n,2,289.29,2.89,D,0
21.60342,106.17393,330.5,0.4,0.37,2025-01-11,0612,SNPP,SNPP,n,2,291.97,5.1,D,0
21.73424,105.94013,325.89,0.4,0.37,2025-01-11,0612,SNPP,SNPP,n,2,285.31,1.91,D,0
21.84096,105.95342,328.76,0.4,0.37,2025-01-11,0612,SNPP,SNPP,n,2,286.37,1.15,D,0
21.69009,106.58667,297.24,0.42,0.38,2025-01-11,1841,SNPP,SNPP,n,2,279.83,1.21,N,0
21.68939,106.59074,318.59,0.42,0.38,2025-01-11,1841,SNPP,SNPP,n,2,283.06,1.21,N,0
21.71157,106.37687,327.29,0.41,0.37,2025-01-11,1841,SNPP,SNPP,n,2,284.19,1.7,N,0
21.71091,106.38077,317.33,0.41,0.37,2025-01-11,1841,SNPP,SNPP,n,2,283.66,1.7,N,0
21.70749,106.38017,295.21,0.41,0.37,2025-01-11,1841,SNPP,SNPP,n,2,280.95,1.7,N,0
21.55843,105.87103,297.71,0.4,0.37,2025-01-11,1841,SNPP,SNPP,n,2,281.7,0.75,N,0
21.52186,105.77322,342.76,0.4,0.37,2025-01-11,1841,SNPP,SNPP,n,2,283.26,6.23,N,0
21.18565,106.33825,318.77,0.41,0.37,2025-01-11,1841,SNPP,SNPP,n,2,282.88,1.64,N,0
21.19777,106.12075,295.31,0.41,0.37,2025-01-11,1841,SNPP,SNPP,n,2,283.1,0.58,N,0
21.09025,106.62582,300.72,0.42,0.38,2025-01-11,1841,SNPP,SNPP,n,2,281.79,0.76,N,0
21.08956,106.62985,303.54,0.42,0.38,2025-01-11,1841,SNPP,SNPP,n,2,282.27,0.76,N,0
21.01753,106.70661,335.85,0.43,0.38,2025-01-11,1841,SNPP,SNPP,n,2,289.2,18.59,N,0
21.01406,106.70592,335.14,0.43,0.38,2025-01-11,1841,SNPP,SNPP,n,2,285.36,18.59,N,0
21.01912,106.53049,332.94,0.42,0.38,2025-01-11,1841,SNPP,SNPP,n,2,289.39,1.83,N,2
21.01567,106.52982,298.28,0.42,0.38,2025-01-11,1841,SNPP,SNPP,n,2,283.88,1.83,N,2
21.01428,106.53789,303.05,0.42,0.38,2025-01-11,1841,SNPP,SNPP,n,2,286.46,1.54,N,2
21.01014,106.54126,302.13,0.42,0.38,2025-01-11,1841,SNPP,SNPP,n,2,286.07,1.14,N,2
20.40801,105.90064,305.55,0.41,0.37,2025-01-11,1841,SNPP,SNPP,n,2,284.97,0.77,N,2
20.40462,105.89998,298.68,0.41,0.37,2025-01-11,1841,SNPP,SNPP,n,2,284.55,0.77,N,2
20.40056,105.90324,304.38,0.41,0.37,2025-01-11,1841,SNPP,SNPP,n,2,286.54,0.66,N,2
20.39717,105.90258,297.64,0.41,0.37,2025-01-11,1841,SNPP,SNPP,n,2,284.71,0.66,N,2
20.4316,105.94588,332.61,0.48,0.4,2025-01-12,0553,SNPP,SNPP,n,2,299.42,4.5,D,0
20.50513,105.44241,336.9,0.51,0.41,2025-01-12,0553,SNPP,SNPP,n,2,296.54,4.27,D,0
20.60771,105.92206,333.04,0.48,0.4,2025-01-12,0553,SNPP,SNPP,n,2,294.38,9.78,D,0
20.54577,105.56421,331.78,0.5,0.41,2025-01-12,0553,SNPP,SNPP,n,2,294.07,7.81,D,0
20.61136,105.92134,356.17,0.48,0.4,2025-01-12,0553,SNPP,SNPP,n,2,296.62,9.78,D,0
20.61103,105.92297,342.13,0.48,0.4,2025-01-12,0553,SNPP,SNPP,n,2,295.5,9.67,D,0
20.61022,105.9184,328.02,0.48,0.4,2025-01-12,0553,SNPP,SNPP,n,2,295.79,9.67,D,0
20.5463,105.5611,342.09,0.5,0.41,2025-01-12,0553,SNPP,SNPP,n,2,293.46,7.48,D,0
20.62536,105.63807,332.45,0.49,0.41,2025-01-12,0553,SNPP,SNPP,n,2,292.56,5.19,D,0
20.60624,105.30935,329.47,0.51,0.41,2025-01-12,0553,SNPP,SNPP,n,2,295.23,2.94,D,0
20.60958,105.31105,329.05,0.51,0.41,2025-01-12,0553,SNPP,SNPP,n,2,292.48,5.16,D,0
20.72995,105.63797,347.69,0.49,0.4,2025-01-12,0553,SNPP,SNPP,n,2,295.84,6.08,D,0
20.72343,105.60095,341.4,0.49,0.41,2025-01-12,0553,SNPP,SNPP,n,2,293.32,8,D,0
21.08175,106.43385,336.8,0.45,0.39,2025-01-12,0553,SNPP,SNPP,n,2,299.9,8.4,D,0
21.20829,106.66497,354.35,0.44,0.38,2025-01-12,0553,SNPP,SNPP,n,2,302.47,30.21,D,0
21.20757,106.66077,325.72,0.44,0.38,2025-01-12,0553,SNPP,SNPP,n,2,293.7,5.73,D,0
21.23938,106.78429,332.39,0.43,0.38,2025-01-12,0553,SNPP,SNPP,n,2,299.84,4.16,D,0
21.25362,106.54703,331.41,0.44,0.39,2025-01-12,0553,SNPP,SNPP,n,2,296.45,2.05,D,0
21.23408,106.01311,331.4,0.47,0.39,2025-01-12,0553,SNPP,SNPP,n,2,296.96,3.67,D,0
21.12252,105.20124,343.59,0.51,0.41,2025-01-12,0553,SNPP,SNPP,n,2,293.74,10.24,D,0
21.34633,106.22459,325.7,0.45,0.39,2025-01-12,0553,SNPP,SNPP,l,2,298.12,2.38,D,0
21.32361,105.74954,330.4,0.48,0.4,2025-01-12,0553,SNPP,SNPP,n,2,294.93,3.54,D,0
21.5085,106.75064,345.83,0.43,0.38,2025-01-12,0553,SNPP,SNPP,n,2,294.27,7.72,D,0
21.464,106.08563,332.16,0.46,0.39,2025-01-12,0553,SNPP,SNPP,n,2,297.42,2.65,D,0
21.46161,105.92075,340.21,0.47,0.4,2025-01-12,0553,SNPP,SNPP,n,2,298.73,6.84,D,0
21.55588,106.43024,331.89,0.44,0.39,2025-01-12,0553,SNPP,SNPP,n,2,296.42,5.3,D,0
21.30497,104.85905,328.22,0.53,0.42,2025-01-12,0553,SNPP,SNPP,n,2,294.81,1.55,D,0
21.59996,106.49788,325.98,0.44,0.38,2025-01-12,0553,SNPP,SNPP,n,2,296.33,1.88,D,0
21.62279,106.61005,334,0.44,0.38,2025-01-12,0553,SNPP,SNPP,n,2,298.52,3.93,D,0
21.47802,105.75555,344.11,0.48,0.4,2025-01-12,0553,SNPP,SNPP,n,2,294.32,4.69,D,0
21.59245,106.13448,330.92,0.46,0.39,2025-01-12,0553,SNPP,SNPP,n,2,297.93,4.77,D,0
21.47921,105.48257,335.9,0.49,0.4,2025-01-12,0553,SNPP,SNPP,n,2,294.79,5.31,D,0
21.64746,106.41412,332.64,0.44,0.39,2025-01-12,0553,SNPP,SNPP,n,2,294.24,5.92,D,0
21.56535,105.39927,332.69,0.49,0.41,2025-01-12,0553,SNPP,SNPP,n,2,294.85,3.97,D,0
21.75841,106.27838,343.91,0.45,0.39,2025-01-12,0553,SNPP,SNPP,n,2,306.08,6.77,D,0
21.76267,106.28199,325.69,0.45,0.39,2025-01-12,0553,SNPP,SNPP,l,2,296.55,2.07,D,0
21.76195,106.2777,335.93,0.45,0.39,2025-01-12,0553,SNPP,SNPP,n,2,297.48,3.84,D,0
21.76135,106.27884,341.44,0.45,0.39,2025-01-12,0553,SNPP,SNPP,n,2,299.6,5.66,D,0
21.76477,106.17189,335.5,0.45,0.39,2025-01-12,0553,SNPP,SNPP,n,2,295.6,6.07,D,0
21.68094,105.43655,330.61,0.49,0.4,2025-01-12,0553,SNPP,SNPP,n,2,294.74,4.68,D,0
21.85611,106.13664,343.11,0.45,0.39,2025-01-12,0554,SNPP,SNPP,n,2,294.77,10.25,D,0
21.93052,106.44053,331.14,0.44,0.38,2025-01-12,0554,SNPP,SNPP,n,2,295.57,4.07,D,0
21.93401,106.43977,325.11,0.44,0.38,2025-01-12,0554,SNPP,SNPP,n,2,290.14,1.82,D,0
21.80757,105.64716,325.81,0.48,0.4,2025-01-12,0554,SNPP,SNPP,n,2,292.14,2.28,D,0
21.8614,105.91225,344.7,0.46,0.39,2025-01-12,0554,SNPP,SNPP,n,2,297.37,17.3,D,0
21.83881,105.52328,334.43,0.48,0.4,2025-01-12,0554,SNPP,SNPP,n,2,297.57,3.33,D,0
21.92459,105.97766,330.29,0.46,0.39,2025-01-12,0554,SNPP,SNPP,n,2,292.49,2.66,D,0
21.82908,105.28311,344.6,0.5,0.41,2025-01-12,0554,SNPP,SNPP,n,2,299.53,19.2,D,0
21.92402,105.56058,348.62,0.48,0.4,2025-01-12,0554,SNPP,SNPP,n,2,297.52,8.17,D,0
21.93815,105.57661,332.81,0.48,0.4,2025-01-12,0554,SNPP,SNPP,n,2,295.92,4.86,D,0
21.89081,105.2412,330.66,0.5,0.41,2025-01-12,0554,SNPP,SNPP,n,2,294.3,3.03,D,0
21.65027,106.41261,307.97,0.43,0.38,2025-01-12,1822,SNPP,SNPP,n,2,284.28,1.66,N,0
21.58373,106.78244,304.12,0.42,0.38,2025-01-12,1822,SNPP,SNPP,n,2,280.82,0.82,N,0
21.73988,105.24537,299.79,0.49,0.4,2025-01-12,1822,SNPP,SNPP,n,2,281.08,0.64,N,0
21.5666,106.49343,296.54,0.43,0.38,2025-01-12,1822,SNPP,SNPP,n,2,281.96,0.54,N,0
21.5579,105.86945,295.71,0.45,0.39,2025-01-12,1822,SNPP,SNPP,n,2,282.52,0.61,N,2
21.21972,106.68013,317.48,0.42,0.38,2025-01-12,1822,SNPP,SNPP,n,2,281.67,1.27,N,0
21.21912,106.68427,297,0.42,0.38,2025-01-12,1822,SNPP,SNPP,n,2,281.64,0.91,N,0
21.21227,106.65809,312.6,0.42,0.38,2025-01-12,1822,SNPP,SNPP,n,2,282.04,1.25,N,0
21.21169,106.66213,303.74,0.42,0.38,2025-01-12,1822,SNPP,SNPP,n,2,281.65,1.25,N,0
21.20822,106.66158,307.09,0.42,0.38,2025-01-12,1822,SNPP,SNPP,n,2,280.95,1.25,N,0
21.40826,105.05747,308.01,0.49,0.41,2025-01-12,1822,SNPP,SNPP,n,2,281.54,1.18,N,0
21.26417,105.54799,295.76,0.47,0.39,2025-01-12,1822,SNPP,SNPP,n,2,278.86,0.31,N,0
21.03946,106.58907,297.5,0.42,0.38,2025-01-12,1822,SNPP,SNPP,n,2,285.81,0.82,N,0
21.03812,106.58973,299.51,0.42,0.38,2025-01-12,1822,SNPP,SNPP,n,2,284.89,0.67,N,0
21.018,106.53228,318.18,0.42,0.38,2025-01-12,1822,SNPP,SNPP,n,2,287.19,2.36,N,2
21.01394,106.53579,308.86,0.42,0.38,2025-01-12,1822,SNPP,SNPP,n,2,286.27,0.99,N,2
21.01336,106.53986,305.26,0.42,0.38,2025-01-12,1822,SNPP,SNPP,n,2,287.46,0.99,N,2
21.00988,106.5393,306.31,0.42,0.38,2025-01-12,1822,SNPP,SNPP,n,2,284.09,0.99,N,0
20.99023,106.35131,295.24,0.43,0.38,2025-01-12,1822,SNPP,SNPP,n,2,278.79,0.46,N,0
20.93071,106.67155,323.57,0.42,0.38,2025-01-12,1822,SNPP,SNPP,n,2,282.87,2.15,N,0
21.00218,105.77759,300.13,0.45,0.39,2025-01-12,1822,SNPP,SNPP,n,2,282.53,0.62,N,0
20.52988,105.86427,295.33,0.44,0.39,2025-01-12,1823,SNPP,SNPP,n,2,283.65,0.5,N,2
20.45217,105.88438,295.66,0.44,0.39,2025-01-12,1823,SNPP,SNPP,n,2,284.33,0.7,N,0
20.40663,105.89872,309.09,0.44,0.39,2025-01-12,1823,SNPP,SNPP,n,2,284.54,1.37,N,2
20.4025,105.90238,304.12,0.44,0.39,2025-01-12,1823,SNPP,SNPP,n,2,286.03,0.94,N,2
20.39895,105.90183,316.03,0.44,0.39,2025-01-12,1823,SNPP,SNPP,n,2,288.24,2.16,N,2
20.34031,105.91138,297.95,0.44,0.38,2025-01-12,1823,SNPP,SNPP,n,2,285.18,0.57,N,0
20.11404,105.50189,332.2,0.33,0.55,2025-01-13,0534,SNPP,SNPP,n,2,294.28,3.09,D,0
20.66895,105.17449,344,0.34,0.56,2025-01-13,0534,SNPP,SNPP,n,2,291.95,4.66,D,0
20.67178,105.17551,342.11,0.34,0.56,2025-01-13,0534,SNPP,SNPP,n,2,292.95,4.5,D,0
21.11747,106.84345,355.48,0.52,0.5,2025-01-13,0534,SNPP,SNPP,n,2,300.26,10.67,D,0
21.1175,106.84556,338.31,0.52,0.5,2025-01-13,0534,SNPP,SNPP,n,2,296.89,7.19,D,0
21.10804,106.75191,340.89,0.52,0.5,2025-01-13,0534,SNPP,SNPP,n,2,302.06,7.47,D,0
20.87273,105.46355,367,0.32,0.55,2025-01-13,0534,SNPP,SNPP,h,2,299.74,27.17,D,0
20.87211,105.46061,341.91,0.32,0.55,2025-01-13,0534,SNPP,SNPP,n,2,294.55,17.07,D,0
20.97232,105.79552,334.77,0.61,0.53,2025-01-13,0534,SNPP,SNPP,n,2,294.22,4.06,D,0
20.86852,104.87499,333.41,0.35,0.57,2025-01-13,0534,SNPP,SNPP,n,2,292.92,2.6,D,0
21.42457,106.3168,326.8,0.55,0.51,2025-01-13,0535,SNPP,SNPP,n,2,294.35,1.82,D,0
21.19581,105.09204,331.54,0.33,0.55,2025-01-13,0535,SNPP,SNPP,n,2,293.27,1.18,D,0
21.19778,105.08997,333.6,0.33,0.55,2025-01-13,0535,SNPP,SNPP,n,2,294.47,1.96,D,0
21.27431,104.97366,335.97,0.34,0.56,2025-01-13,0535,SNPP,SNPP,n,2,296.1,3.64,D,0
21.27371,104.97079,347.94,0.34,0.56,2025-01-13,0535,SNPP,SNPP,n,2,292.69,3.64,D,0
21.27135,104.97301,367,0.34,0.56,2025-01-13,0535,SNPP,SNPP,h,2,295.38,5.88,D,0
21.47442,105.71223,331.41,0.6,0.53,2025-01-13,0535,SNPP,SNPP,n,2,292.76,3.41,D,0
21.59375,106.24548,327.65,0.55,0.51,2025-01-13,0535,SNPP,SNPP,n,2,297.77,5.41,D,0
21.55978,106.07858,338.92,0.57,0.52,2025-01-13,0535,SNPP,SNPP,n,2,294.1,6.99,D,0
21.59733,106.23902,352.16,0.55,0.51,2025-01-13,0535,SNPP,SNPP,n,2,294.46,14,D,0
21.48491,104.96619,338.73,0.33,0.56,2025-01-13,0535,SNPP,SNPP,n,2,290.52,2.87,D,0
21.48258,104.96631,329.41,0.33,0.56,2025-01-13,0535,SNPP,SNPP,n,2,292.6,3.07,D,0
21.79255,106.41263,326.53,0.54,0.5,2025-01-13,0535,SNPP,SNPP,n,2,292.43,2.82,D,0
21.73262,105.48276,338.23,0.61,0.54,2025-01-13,0535,SNPP,SNPP,n,2,293.24,7.74,D,0
21.73141,105.47698,334.34,0.61,0.54,2025-01-13,0535,SNPP,SNPP,n,2,292.05,7.74,D,0
21.86059,105.0089,340.68,0.33,0.55,2025-01-13,0535,SNPP,SNPP,n,2,291.86,4.22,D,0
21.59915,106.24257,321.79,0.54,0.5,2025-01-13,1803,SNPP,SNPP,n,2,284.54,2.53,N,0
21.60052,106.14254,300.53,0.54,0.51,2025-01-13,1803,SNPP,SNPP,n,2,280.73,1,N,0
21.23318,106.4912,302.52,0.51,0.49,2025-01-13,1804,SNPP,SNPP,n,2,282.14,2.49,N,0
21.22936,106.48886,299.09,0.51,0.49,2025-01-13,1804,SNPP,SNPP,n,2,283.28,1.33,N,0
21.01547,106.53159,297.47,0.5,0.49,2025-01-13,1804,SNPP,SNPP,n,2,286.21,0.93,N,2
21.01492,106.53651,297.21,0.5,0.49,2025-01-13,1804,SNPP,SNPP,n,2,287.16,0.93,N,2
21.04832,105.24218,307.73,0.61,0.53,2025-01-13,1804,SNPP,SNPP,n,2,283.22,2.55,N,0
21.0477,105.24815,305.13,0.61,0.53,2025-01-13,1804,SNPP,SNPP,n,2,282.29,1.7,N,0
21.04684,105.2475,322.05,0.61,0.53,2025-01-13,1804,SNPP,SNPP,n,2,283.03,4.17,N,0
21.30742,106.4793,344.05,0.54,0.68,2025-01-14,0516,SNPP,SNPP,n,2,289.65,6.39,D,0
21.30553,106.48208,356.95,0.54,0.68,2025-01-14,0516,SNPP,SNPP,n,2,291.23,8.52,D,0
20.39987,105.2927,334.62,0.48,0.65,2025-01-14,0656,SNPP,SNPP,n,2,293.88,2.05,D,0
20.64929,105.47182,349.32,0.5,0.66,2025-01-14,0656,SNPP,SNPP,n,2,294.62,9.26,D,0
20.64971,105.47339,346.25,0.5,0.66,2025-01-14,0656,SNPP,SNPP,n,2,294.12,7.38,D,0
21.19048,105.0239,328.31,0.47,0.64,2025-01-14,0656,SNPP,SNPP,n,2,293.9,5.01,D,0
21.43146,105.75298,333.41,0.53,0.67,2025-01-14,0656,SNPP,SNPP,n,2,290.8,2.65,D,0
21.43782,105.7534,331.87,0.53,0.67,2025-01-14,0656,SNPP,SNPP,n,2,289.71,2.96,D,0
21.52062,105.71339,330.79,0.53,0.67,2025-01-14,0656,SNPP,SNPP,n,2,293.49,4.83,D,0
21.76121,104.91652,330.16,0.47,0.64,2025-01-14,0656,SNPP,SNPP,n,2,293.53,3.02,D,0
21.76334,104.91658,332.4,0.47,0.64,2025-01-14,0656,SNPP,SNPP,n,2,293.15,2.83,D,0
21.93765,105.08583,348.36,0.49,0.65,2025-01-14,0656,SNPP,SNPP,n,2,294.35,6.74,D,0
21.48225,105.86799,295.46,0.57,0.69,2025-01-14,1745,SNPP,SNPP,n,2,282.95,1.3,N,0
21.49148,105.72842,327.69,0.52,0.5,2025-01-15,0637,SNPP,SNPP,n,2,291.16,3.19,D,0
21.6509,106.56059,339.72,0.6,0.53,2025-01-15,0637,SNPP,SNPP,n,2,292.71,6.66,D,0
21.78304,105.98843,331.36,0.55,0.51,2025-01-15,0637,SNPP,SNPP,n,2,293.18,4.84,D,0
21.83299,105.96327,329.04,0.55,0.51,2025-01-15,0637,SNPP,SNPP,n,2,295.21,3.96,D,0
20.15105,105.53068,333.41,0.42,0.37,2025-01-16,0618,SNPP,SNPP,n,2,289.79,3.32,D,0
20.61768,105.63152,334.12,0.42,0.38,2025-01-16,0618,SNPP,SNPP,n,2,292.63,3.08,D,0
20.65898,105.17712,332.66,0.41,0.37,2025-01-16,0618,SNPP,SNPP,n,2,294.66,2.15,D,0
20.6624,105.1766,334.02,0.41,0.37,2025-01-16,0618,SNPP,SNPP,n,2,290.97,4.13,D,0
21.01744,106.53031,333.46,0.46,0.39,2025-01-16,0618,SNPP,SNPP,n,2,306.58,3.85,D,2
21.01833,106.53149,332.75,0.46,0.39,2025-01-16,0618,SNPP,SNPP,n,2,305.76,3.28,D,2
20.97528,106.09323,343.37,0.44,0.39,2025-01-16,0618,SNPP,SNPP,n,2,297,6.4,D,0
21.09182,106.81095,344.2,0.48,0.4,2025-01-16,0618,SNPP,SNPP,n,2,302.11,16.06,D,0
21.10578,106.83184,346.53,0.48,0.4,2025-01-16,0618,SNPP,SNPP,n,2,302.59,9.8,D,0
20.92439,105.48227,346.22,0.42,0.38,2025-01-16,0618,SNPP,SNPP,n,2,299.87,9.72,D,0
21.14684,106.60888,331.12,0.47,0.4,2025-01-16,0618,SNPP,SNPP,n,2,296.65,3.36,D,0
21.14626,106.6044,331.24,0.47,0.4,2025-01-16,0618,SNPP,SNPP,n,2,297.1,3.36,D,0
21.18536,106.47942,346.57,0.46,0.39,2025-01-16,0618,SNPP,SNPP,n,2,302.05,6.79,D,0
21.18902,106.47916,338.61,0.46,0.39,2025-01-16,0618,SNPP,SNPP,n,2,298.41,6.79,D,0
21.04904,105.17683,331.41,0.41,0.37,2025-01-16,0618,SNPP,SNPP,n,2,297.25,2.47,D,0
21.26152,106.68813,332.46,0.47,0.4,2025-01-16,0618,SNPP,SNPP,n,2,296.58,1.99,D,0
21.26071,106.68512,329.42,0.47,0.4,2025-01-16,0618,SNPP,SNPP,n,2,294.86,15.1,D,0
21.26493,106.6889,330.76,0.47,0.4,2025-01-16,0618,SNPP,SNPP,n,2,294.92,9.16,D,0
21.26436,106.68445,338.1,0.47,0.4,2025-01-16,0618,SNPP,SNPP,n,2,300.79,15.1,D,0
21.31296,106.82883,352.32,0.48,0.4,2025-01-16,0618,SNPP,SNPP,n,2,298.43,12.93,D,0
21.33993,106.83377,334.02,0.48,0.4,2025-01-16,0618,SNPP,SNPP,n,2,302.91,2.93,D,0
21.26426,105.07494,327.66,0.41,0.37,2025-01-16,0619,SNPP,SNPP,n,2,294.97,1.57,D,0
21.27039,104.96894,330.95,0.41,0.37,2025-01-16,0619,SNPP,SNPP,n,2,293.44,2.07,D,0
21.37435,105.66977,326.95,0.43,0.38,2025-01-16,0619,SNPP,SNPP,n,2,290.6,1.67,D,0
21.43832,105.66743,350.2,0.43,0.38,2025-01-16,0619,SNPP,SNPP,n,2,292.87,6.22,D,0
21.43777,105.66343,339.95,0.43,0.38,2025-01-16,0619,SNPP,SNPP,n,2,292,6.22,D,0
21.38459,104.86655,345.31,0.41,0.37,2025-01-16,0619,SNPP,SNPP,n,2,295.68,7.97,D,0
21.68408,106.62788,331.16,0.48,0.4,2025-01-16,0619,SNPP,SNPP,n,2,296.63,2.32,D,0
21.68367,106.62943,331.95,0.48,0.4,2025-01-16,0619,SNPP,SNPP,n,2,297.19,3.47,D,0
21.55125,105.05829,330.33,0.41,0.37,2025-01-16,0619,SNPP,SNPP,n,2,294.27,2.02,D,0
21.55642,105.04528,330.97,0.41,0.37,2025-01-16,0619,SNPP,SNPP,n,2,298.1,1.94,D,0
21.60618,105.32385,333.92,0.42,0.38,2025-01-16,0619,SNPP,SNPP,n,2,296.82,5.1,D,0
21.73843,106.25748,329.09,0.46,0.39,2025-01-16,0619,SNPP,SNPP,n,2,297.77,2.61,D,0
21.70633,106.02146,341.05,0.45,0.39,2025-01-16,0619,SNPP,SNPP,n,2,294.92,8.29,D,0
21.60958,105.32301,343.4,0.42,0.38,2025-01-16,0619,SNPP,SNPP,n,2,303.42,27.64,D,0
21.70492,106.02243,332.41,0.45,0.39,2025-01-16,0619,SNPP,SNPP,n,2,296.98,8.89,D,0
21.70436,106.01813,329.57,0.45,0.39,2025-01-16,0619,SNPP,SNPP,n,2,292.42,4.75,D,0
21.73886,106.25389,328.56,0.46,0.39,2025-01-16,0619,SNPP,SNPP,n,2,295.25,1.09,D,0
21.60369,105.13962,332.95,0.42,0.37,2025-01-16,0619,SNPP,SNPP,n,2,296.17,4.03,D,0
21.74879,106.16171,328.65,0.45,0.39,2025-01-16,0619,SNPP,SNPP,n,2,294.63,1.63,D,0
21.6618,105.02855,337.39,0.41,0.37,2025-01-16,0619,SNPP,SNPP,n,2,298.56,7.91,D,0
21.74307,105.5331,327.29,0.43,0.38,2025-01-16,0619,SNPP,SNPP,l,2,300.23,2.52,D,0
21.89363,106.13701,338.91,0.45,0.39,2025-01-16,0619,SNPP,SNPP,n,2,294.91,8.28,D,0
21.86692,105.91098,339.24,0.44,0.39,2025-01-16,0619,SNPP,SNPP,n,2,297.19,11.07,D,0
21.78476,105.00941,331.19,0.41,0.37,2025-01-16,0619,SNPP,SNPP,n,2,296.24,3.93,D,0
21.78398,105.00962,331.45,0.41,0.37,2025-01-16,0619,SNPP,SNPP,n,2,297.77,4.18,D,0
21.91587,105.02981,325.87,0.41,0.37,2025-01-16,0619,SNPP,SNPP,n,2,296.89,1.13,D,0
21.92224,106.40221,298.07,0.47,0.4,2025-01-16,1847,SNPP,SNPP,n,2,284.55,1.52,N,0
21.70368,106.38618,303.68,0.47,0.4,2025-01-16,1847,SNPP,SNPP,n,2,284.09,0.93,N,0
21.6282,106.43011,304.06,0.48,0.4,2025-01-16,1847,SNPP,SNPP,n,2,283.93,0.84,N,0
21.56054,105.87014,304.82,0.45,0.39,2025-01-16,1847,SNPP,SNPP,n,2,284.3,0.83,N,2
21.55893,105.8672,303.97,0.45,0.39,2025-01-16,1847,SNPP,SNPP,n,2,284.2,0.77,N,2
21.55817,105.87154,297.77,0.45,0.39,2025-01-16,1847,SNPP,SNPP,n,2,283.97,0.77,N,0
21.22526,106.51725,297.37,0.49,0.4,2025-01-16,1848,SNPP,SNPP,n,2,283.57,0.72,N,0
21.22363,106.51476,296.13,0.49,0.4,2025-01-16,1848,SNPP,SNPP,n,2,283.99,0.68,N,0
21.16884,105.91671,304.8,0.46,0.39,2025-01-16,1848,SNPP,SNPP,n,2,284.2,0.76,N,0
21.02036,106.53053,298.63,0.49,0.4,2025-01-16,1848,SNPP,SNPP,n,2,287.56,0.97,N,2
21.01667,106.52976,306.65,0.49,0.4,2025-01-16,1848,SNPP,SNPP,n,2,287.51,2.16,N,2
21.01494,106.53915,301.21,0.49,0.4,2025-01-16,1848,SNPP,SNPP,n,2,288.22,1.47,N,2
21.01394,106.53596,300.31,0.49,0.4,2025-01-16,1848,SNPP,SNPP,n,2,287.5,1.1,N,2
20.40281,105.8997,297.49,0.47,0.4,2025-01-16,1848,SNPP,SNPP,n,2,286.66,1.42,N,2
20.13233,105.42708,332.65,0.44,0.38,2025-01-17,0559,SNPP,SNPP,n,2,297.75,5.79,D,0
20.18074,105.45355,332.83,0.43,0.38,2025-01-17,0559,SNPP,SNPP,n,2,300.39,22.35,D,0
20.18006,105.44949,301.61,0.43,0.38,2025-01-17,0559,SNPP,SNPP,l,2,302.51,22.35,D,0
20.18623,105.46468,330.11,0.43,0.38,2025-01-17,0559,SNPP,SNPP,n,2,293.01,4.12,D,0
20.18559,105.46086,332.89,0.43,0.38,2025-01-17,0559,SNPP,SNPP,n,2,293.56,3.07,D,0
20.18426,105.45304,340.36,0.43,0.38,2025-01-17,0559,SNPP,SNPP,n,2,297.71,22.35,D,0
20.45074,105.84596,331.92,0.42,0.38,2025-01-17,0559,SNPP,SNPP,n,2,296.35,3.51,D,0
20.45009,105.842,331.07,0.42,0.38,2025-01-17,0559,SNPP,SNPP,n,2,296.09,3.51,D,0
20.44925,105.84253,332.21,0.42,0.38,2025-01-17,0559,SNPP,SNPP,n,2,297.52,6.77,D,0
20.69686,106.72126,329.82,0.4,0.37,2025-01-17,0559,SNPP,SNPP,n,2,296.29,2.59,D,0
20.44326,105.08337,330.29,0.45,0.39,2025-01-17,0559,SNPP,SNPP,n,2,294.13,2.98,D,0
20.5368,105.5699,334.49,0.43,0.38,2025-01-17,0559,SNPP,SNPP,n,2,295.37,6.06,D,0
20.62995,105.54028,337.9,0.43,0.38,2025-01-17,0600,SNPP,SNPP,n,2,297.57,4.01,D,0
20.94472,106.71152,331.97,0.39,0.37,2025-01-17,0600,SNPP,SNPP,n,2,297.38,2.56,D,0
20.97694,106.8489,342.5,0.39,0.36,2025-01-17,0600,SNPP,SNPP,n,2,298.51,4.58,D,0
20.81862,105.44297,330.09,0.43,0.38,2025-01-17,0600,SNPP,SNPP,n,2,294.38,4.06,D,0
20.81665,105.44392,336.16,0.43,0.38,2025-01-17,0600,SNPP,SNPP,n,2,294.72,3.43,D,0
21.05777,106.80341,328.35,0.39,0.36,2025-01-17,0600,SNPP,SNPP,n,2,297.77,2.2,D,0
21.01748,106.53078,341.44,0.4,0.37,2025-01-17,0600,SNPP,SNPP,n,2,306.02,5.19,D,2
21.09532,106.8238,335.49,0.39,0.36,2025-01-17,0600,SNPP,SNPP,n,2,302.37,3.42,D,0
21.09472,106.82004,331.09,0.39,0.36,2025-01-17,0600,SNPP,SNPP,n,2,298.89,3.42,D,0
20.87338,105.46214,340.72,0.43,0.38,2025-01-17,0600,SNPP,SNPP,n,2,301.27,13.59,D,0
20.86248,105.37569,334.4,0.43,0.38,2025-01-17,0600,SNPP,SNPP,n,2,295.23,3.68,D,0
21.20787,106.61327,343.42,0.39,0.37,2025-01-17,0600,SNPP,SNPP,n,2,297.96,6.57,D,0
21.20069,106.52492,330.5,0.4,0.37,2025-01-17,0600,SNPP,SNPP,n,2,296.29,2.48,D,0
21.20465,106.52814,330.12,0.4,0.37,2025-01-17,0600,SNPP,SNPP,n,2,294.63,3.57,D,0
21.22318,106.56767,350.43,0.4,0.37,2025-01-17,0600,SNPP,SNPP,n,2,298.17,6.44,D,0
21.22258,106.56394,325.45,0.4,0.37,2025-01-17,0600,SNPP,SNPP,n,2,295.74,6.44,D,0
21.26207,106.68131,332.36,0.39,0.36,2025-01-17,0600,SNPP,SNPP,n,2,298.13,3.91,D,0
21.26724,106.69215,335.52,0.39,0.36,2025-01-17,0600,SNPP,SNPP,n,2,301.19,5.3,D,0
21.26663,106.68835,332.68,0.39,0.36,2025-01-17,0600,SNPP,SNPP,n,2,300.1,5.3,D,0
21.25117,106.52747,339.79,0.4,0.37,2025-01-17,0600,SNPP,SNPP,n,2,295.45,5.88,D,0
21.161,105.23609,330.2,0.43,0.38,2025-01-17,0600,SNPP,SNPP,n,2,294.48,4.46,D,0
21.16658,105.2051,329.67,0.43,0.38,2025-01-17,0600,SNPP,SNPP,n,2,292.67,3.77,D,0
21.16589,105.20101,329.5,0.43,0.38,2025-01-17,0600,SNPP,SNPP,n,2,294.14,3.77,D,0
21.40211,106.36298,333.91,0.4,0.37,2025-01-17,0600,SNPP,SNPP,n,2,298.14,3.09,D,0
21.40362,106.36275,338.38,0.4,0.37,2025-01-17,0600,SNPP,SNPP,n,2,301.5,4.8,D,0
21.24066,105.16967,325.09,0.43,0.38,2025-01-17,0600,SNPP,SNPP,n,2,295.79,2.1,D,0
21.48934,106.61691,327.93,0.39,0.36,2025-01-17,0600,SNPP,SNPP,n,2,300.84,2.52,D,0
21.35274,105.77556,331.05,0.41,0.37,2025-01-17,0600,SNPP,SNPP,n,2,296.03,2.33,D,0
21.49702,106.51424,330.57,0.4,0.37,2025-01-17,0600,SNPP,SNPP,n,2,294.73,6.34,D,0
21.50036,106.5136,338.54,0.4,0.37,2025-01-17,0600,SNPP,SNPP,n,2,298.43,6.34,D,0
21.53285,105.16613,335.22,0.43,0.38,2025-01-17,0600,SNPP,SNPP,n,2,296.01,4.14,D,0
21.72976,106.34624,331.63,0.4,0.37,2025-01-17,0600,SNPP,SNPP,n,2,296.91,3.7,D,0
21.53349,105.16648,336.97,0.43,0.38,2025-01-17,0600,SNPP,SNPP,n,2,296.46,5.39,D,0
21.66759,105.92352,327.03,0.41,0.37,2025-01-17,0600,SNPP,SNPP,n,2,295.62,2.37,D,0
21.72101,106.18588,329.97,0.4,0.37,2025-01-17,0600,SNPP,SNPP,n,2,298.37,2.43,D,0
21.75893,106.31316,342.46,0.4,0.37,2025-01-17,0600,SNPP,SNPP,n,2,297.91,5.79,D,0
21.78178,106.3049,326.4,0.4,0.37,2025-01-17,0600,SNPP,SNPP,n,2,297.41,0.74,D,0
21.78215,105.97964,330.98,0.4,0.37,2025-01-17,0600,SNPP,SNPP,n,2,296.45,2.9,D,0
21.93925,106.48061,332.76,0.39,0.36,2025-01-17,0600,SNPP,SNPP,n,2,299,3.67,D,0
21.92373,106.23211,332.59,0.4,0.37,2025-01-17,0600,SNPP,SNPP,l,2,306.02,29.54,D,0
21.92476,106.2318,333.75,0.4,0.37,2025-01-17,0600,SNPP,SNPP,n,2,297.21,26.72,D,0
21.93693,105.58194,329.63,0.41,0.37,2025-01-17,0600,SNPP,SNPP,n,2,298.71,3.96,D,0
21.89999,105.36166,330.62,0.42,0.38,2025-01-17,0600,SNPP,SNPP,n,2,294.92,3.64,D,0
21.94036,105.58136,330.8,0.41,0.37,2025-01-17,0600,SNPP,SNPP,n,2,296.34,4.58,D,0
21.91173,105.24111,331.07,0.43,0.38,2025-01-17,0600,SNPP,SNPP,n,2,296.41,2.63,D,0
21.83111,106.26889,299.02,0.4,0.37,2025-01-17,1829,SNPP,SNPP,n,2,285.73,0.97,N,0
21.82332,105.86974,303.1,0.4,0.37,2025-01-17,1829,SNPP,SNPP,n,2,284.66,0.54,N,0
21.59122,106.44993,296.33,0.39,0.36,2025-01-17,1829,SNPP,SNPP,n,2,285.5,0.49,N,0
21.56774,106.49199,297,0.39,0.36,2025-01-17,1829,SNPP,SNPP,n,2,284.72,0.55,N,0
21.50936,105.73068,299.73,0.4,0.37,2025-01-17,1829,SNPP,SNPP,n,2,284.69,0.66,N,0
21.50597,105.73006,295.28,0.4,0.37,2025-01-17,1829,SNPP,SNPP,n,2,284.65,0.66,N,0
21.45448,105.74619,301.68,0.4,0.37,2025-01-17,1829,SNPP,SNPP,n,2,283.74,0.27,N,0
21.2618,106.68313,330.17,0.39,0.36,2025-01-17,1829,SNPP,SNPP,n,2,285.2,1.73,N,0
21.26237,106.67939,304.92,0.39,0.36,2025-01-17,1829,SNPP,SNPP,n,2,284.11,1.73,N,0
21.15351,106.8178,297.02,0.39,0.36,2025-01-17,1829,SNPP,SNPP,n,2,282.83,0.42,N,0
21.19747,106.12122,297.64,0.4,0.37,2025-01-17,1829,SNPP,SNPP,n,2,285.8,0.26,N,0
21.17121,105.9173,295.61,0.4,0.37,2025-01-17,1829,SNPP,SNPP,n,2,284.54,0.25,N,0
21.16783,105.91674,296.7,0.4,0.37,2025-01-17,1829,SNPP,SNPP,n,2,284.25,0.25,N,0
21.0394,106.58754,299.29,0.39,0.36,2025-01-17,1829,SNPP,SNPP,n,2,287.07,0.76,N,0
21.01855,106.53115,312.38,0.39,0.36,2025-01-17,1829,SNPP,SNPP,n,2,290.71,1.15,N,2
21.01522,106.53058,305.37,0.39,0.36,2025-01-17,1829,SNPP,SNPP,n,2,286.38,1.15,N,2
21.01351,106.54176,300.81,0.39,0.36,2025-01-17,1829,SNPP,SNPP,n,2,288.03,1.3,N,3
21.01018,106.54118,301.41,0.39,0.36,2025-01-17,1829,SNPP,SNPP,n,2,288.13,0.75,N,2
21.08797,106.00611,300.03,0.4,0.37,2025-01-17,1829,SNPP,SNPP,n,2,284.58,0.47,N,0
20.96318,106.75797,298.36,0.39,0.36,2025-01-17,1829,SNPP,SNPP,n,2,287.03,0.3,N,0
20.78645,106.58782,297.88,0.39,0.36,2025-01-17,1829,SNPP,SNPP,n,2,286.22,0.3,N,0
20.53017,105.86462,301.3,0.4,0.37,2025-01-17,1829,SNPP,SNPP,n,2,287.16,0.63,N,2
20.4533,105.88757,302.47,0.4,0.37,2025-01-17,1829,SNPP,SNPP,n,2,287.84,0.69,N,2
20.40675,105.89912,309.39,0.4,0.37,2025-01-17,1829,SNPP,SNPP,n,2,288.01,1.26,N,2
20.40283,105.90233,308.47,0.4,0.37,2025-01-17,1829,SNPP,SNPP,n,2,288.69,1.36,N,2
20.39947,105.90178,317.55,0.4,0.37,2025-01-17,1829,SNPP,SNPP,n,2,290.28,1.36,N,2
20.34138,105.9113,298.8,0.4,0.37,2025-01-17,1829,SNPP,SNPP,n,2,287.62,0.6,N,0
21.07695,106.80835,347.03,0.41,0.61,2025-01-19,0522,SNPP,SNPP,n,2,292.01,3.68,D,0
21.07606,106.80437,327.29,0.41,0.61,2025-01-19,0522,SNPP,SNPP,n,2,290.65,3.68,D,0
21.07906,106.79154,340.65,0.41,0.61,2025-01-19,0522,SNPP,SNPP,n,2,292.96,6.19,D,0
21.22301,106.84757,333.94,0.41,0.6,2025-01-19,0522,SNPP,SNPP,n,2,292.65,4.97,D,0
21.25013,106.81234,367,0.41,0.61,2025-01-19,0522,SNPP,SNPP,h,2,298.1,18.64,D,0
21.24904,106.81255,367,0.41,0.61,2025-01-19,0522,SNPP,SNPP,h,2,298.13,19.11,D,0
21.24825,106.80904,325.57,0.41,0.61,2025-01-19,0522,SNPP,SNPP,n,2,292.19,9.04,D,0
21.36161,106.80476,328.03,0.41,0.6,2025-01-19,0522,SNPP,SNPP,n,2,291.05,2.9,D,0
21.49402,106.0547,367,0.45,0.63,2025-01-19,0522,SNPP,SNPP,h,2,295.97,14.51,D,0
21.49982,106.05357,326.77,0.45,0.63,2025-01-19,0522,SNPP,SNPP,n,2,291.77,3.1,D,0
21.6228,106.22289,367,0.44,0.62,2025-01-19,0522,SNPP,SNPP,h,2,291.25,8.6,D,0
21.71921,106.19626,350.62,0.44,0.62,2025-01-19,0522,SNPP,SNPP,n,2,290.79,5.54,D,0
21.78445,106.02802,327.06,0.45,0.63,2025-01-19,0522,SNPP,SNPP,n,2,292.04,2.6,D,0
20.1065,105.51224,338.11,0.63,0.72,2025-01-19,0702,SNPP,SNPP,n,2,289.89,5.1,D,0
20.17577,105.85184,326.74,0.66,0.73,2025-01-19,0702,SNPP,SNPP,n,2,291.95,3.67,D,0
20.50714,105.74278,331.8,0.65,0.73,2025-01-19,0702,SNPP,SNPP,n,2,289.49,5.47,D,0
21.32549,106.55697,335.64,0.75,0.77,2025-01-19,0703,SNPP,SNPP,n,2,290.26,7.87,D,0
21.32125,106.55958,329.58,0.75,0.77,2025-01-19,0703,SNPP,SNPP,n,2,289.25,8.97,D,0
21.48409,106.09244,329.05,0.7,0.75,2025-01-19,0703,SNPP,SNPP,n,2,290.33,7.99,D,0
21.48356,106.08545,330.21,0.7,0.75,2025-01-19,0703,SNPP,SNPP,n,2,290.68,6.36,D,0
21.48236,106.09152,337.24,0.7,0.75,2025-01-19,0703,SNPP,SNPP,n,2,291.33,9.8,D,0
21.51388,106.03858,336.28,0.7,0.75,2025-01-19,0703,SNPP,SNPP,n,2,290.04,5.71,D,0
21.76582,105.87373,332.04,0.69,0.74,2025-01-19,0703,SNPP,SNPP,n,2,290.37,5.46,D,0
21.79039,105.74395,325.29,0.67,0.74,2025-01-19,0703,SNPP,SNPP,n,2,287.06,4.06,D,0
21.85281,105.83701,325.24,0.68,0.74,2025-01-19,0703,SNPP,SNPP,n,2,289.1,2.4,D,0
21.81633,106.79085,322.78,0.4,0.6,2025-01-19,1751,SNPP,SNPP,n,2,282.26,1.9,N,0
21.78183,105.79759,302.1,0.46,0.63,2025-01-19,1751,SNPP,SNPP,n,2,284.78,1.39,N,0
21.77868,105.79549,303.8,0.46,0.63,2025-01-19,1751,SNPP,SNPP,n,2,285,1.31,N,0
21.77831,105.79951,296.56,0.46,0.63,2025-01-19,1751,SNPP,SNPP,n,2,284.89,1.06,N,0
21.62207,106.22688,302.21,0.43,0.62,2025-01-19,1751,SNPP,SNPP,n,2,285.9,0.8,N,0
21.62097,106.22833,305.41,0.43,0.62,2025-01-19,1751,SNPP,SNPP,n,2,286.27,1.02,N,0
21.1085,106.81417,302.65,0.39,0.59,2025-01-19,1751,SNPP,SNPP,n,2,283.81,0.91,N,0
21.08267,106.73438,299.45,0.39,0.59,2025-01-19,1751,SNPP,SNPP,n,2,284.27,0.58,N,0
21.08235,106.73781,301.89,0.39,0.59,2025-01-19,1751,SNPP,SNPP,n,2,284.49,0.58,N,0
21.07713,106.73376,367,0.39,0.59,2025-01-19,1751,SNPP,SNPP,h,2,288.59,5.68,N,0
21.07681,106.73719,336.31,0.39,0.59,2025-01-19,1751,SNPP,SNPP,n,2,286.7,5.68,N,0
21.07747,106.73029,298.9,0.39,0.59,2025-01-19,1751,SNPP,SNPP,n,2,284.68,5.58,N,0
21.01958,106.5281,306.76,0.4,0.6,2025-01-19,1751,SNPP,SNPP,n,2,288.65,1.87,N,2
21.01322,106.53541,296.98,0.4,0.6,2025-01-19,1751,SNPP,SNPP,n,2,286.69,0.67,N,2
21.01284,106.53936,301.77,0.4,0.6,2025-01-19,1751,SNPP,SNPP,n,2,288.74,0.67,N,2
20.53144,105.86475,299.98,0.44,0.62,2025-01-19,1751,SNPP,SNPP,n,2,286.78,0.72,N,2
20.45384,105.88525,296.71,0.44,0.62,2025-01-19,1751,SNPP,SNPP,n,2,286.35,0.67,N,2
20.40552,105.90108,304.84,0.44,0.62,2025-01-19,1751,SNPP,SNPP,n,2,287.58,0.87,N,2
20.39972,105.90051,302.79,0.44,0.62,2025-01-19,1751,SNPP,SNPP,n,2,287.97,0.87,N,2
20.40547,105.89876,305.77,0.44,0.62,2025-01-19,1751,SNPP,SNPP,n,2,287.19,1.73,N,2
20.39926,105.9023,302.67,0.44,0.62,2025-01-19,1751,SNPP,SNPP,n,2,287.59,1.16,N,2
20.14276,105.54839,330.99,0.62,0.54,2025-01-20,0643,SNPP,SNPP,n,2,294.06,2.8,D,0
20.2436,105.40199,328.26,0.61,0.53,2025-01-20,0643,SNPP,SNPP,n,2,294.28,3.97,D,0
20.43368,105.94926,367,0.33,0.55,2025-01-20,0643,SNPP,SNPP,h,2,296.75,5.93,D,0
20.43587,105.95089,354.56,0.33,0.56,2025-01-20,0643,SNPP,SNPP,n,2,296.24,7.92,D,0
20.43555,105.94765,331.36,0.33,0.55,2025-01-20,0643,SNPP,SNPP,n,2,293.18,5.5,D,0
20.49512,105.62431,341.48,0.64,0.54,2025-01-20,0643,SNPP,SNPP,n,2,293.62,7.43,D,0
20.49369,105.62357,338.46,0.64,0.54,2025-01-20,0643,SNPP,SNPP,n,2,294.07,7.47,D,0
20.51096,105.49233,326.37,0.62,0.54,2025-01-20,0643,SNPP,SNPP,n,2,295.62,3.8,D,0
20.75985,105.65137,341.79,0.32,0.55,2025-01-20,0644,SNPP,SNPP,n,2,293.87,4.27,D,0
21.07284,106.73509,348.97,0.38,0.59,2025-01-20,0644,SNPP,SNPP,n,2,295.05,2.99,D,0
21.07247,106.73119,331.78,0.38,0.59,2025-01-20,0644,SNPP,SNPP,n,2,293.79,2.99,D,0
21.10398,106.82983,350.61,0.39,0.59,2025-01-20,0644,SNPP,SNPP,n,2,295.76,5.43,D,0
21.13083,106.54182,329.26,0.37,0.58,2025-01-20,0644,SNPP,SNPP,n,2,293.33,2.69,D,0
21.13325,106.54246,331.13,0.37,0.58,2025-01-20,0644,SNPP,SNPP,n,2,293.92,2.34,D,0
21.21694,106.50555,331.89,0.37,0.58,2025-01-20,0644,SNPP,SNPP,n,2,295.58,3.41,D,0
21.25245,106.81183,325.38,0.39,0.59,2025-01-20,0644,SNPP,SNPP,n,2,294.51,2.24,D,0
21.34348,106.83334,339.3,0.39,0.59,2025-01-20,0644,SNPP,SNPP,n,2,295.18,3.3,D,0
21.35964,106.82763,340.76,0.39,0.59,2025-01-20,0644,SNPP,SNPP,n,2,294.04,2.21,D,0
21.33412,106.56776,332.92,0.37,0.58,2025-01-20,0644,SNPP,SNPP,n,2,294.13,1.82,D,0
21.35965,106.82733,341.6,0.39,0.59,2025-01-20,0644,SNPP,SNPP,n,2,294.04,3.21,D,0
21.33592,106.56697,328.63,0.37,0.58,2025-01-20,0644,SNPP,SNPP,n,2,293.87,1.68,D,0
21.32818,105.7681,367,0.33,0.55,2025-01-20,0644,SNPP,SNPP,h,2,296.05,6.55,D,0
21.4184,106.40318,325.54,0.37,0.58,2025-01-20,0644,SNPP,SNPP,n,2,294.35,0.9,D,0
21.47809,106.54967,325.36,0.37,0.58,2025-01-20,0644,SNPP,SNPP,n,2,295.19,1.57,D,0
21.49787,106.47021,338.69,0.37,0.58,2025-01-20,0644,SNPP,SNPP,n,2,293.31,4.25,D,0
21.60599,106.72546,367,0.39,0.59,2025-01-20,0644,SNPP,SNPP,h,2,302.73,33.4,D,0
21.56879,106.0544,332.91,0.35,0.57,2025-01-20,0644,SNPP,SNPP,n,2,293.04,2.33,D,0
21.62848,106.44243,327.39,0.37,0.58,2025-01-20,0644,SNPP,SNPP,n,2,292.5,1.54,D,0
21.61456,106.03374,330.14,0.35,0.57,2025-01-20,0644,SNPP,SNPP,n,2,291.53,1.57,D,0
21.61415,106.0356,337.7,0.35,0.57,2025-01-20,0644,SNPP,SNPP,n,2,290.52,3.02,D,0
21.66632,106.47718,336.65,0.37,0.58,2025-01-20,0644,SNPP,SNPP,n,2,293.11,2.75,D,0
21.6081,105.64845,331.99,0.33,0.55,2025-01-20,0644,SNPP,SNPP,n,2,294.05,2.09,D,0
21.76053,106.83392,327.35,0.39,0.6,2025-01-20,0644,SNPP,SNPP,n,2,294.27,2.8,D,0
21.66685,105.87106,327.45,0.34,0.56,2025-01-20,0644,SNPP,SNPP,n,2,294.5,2.22,D,0
21.68821,105.92621,330.33,0.34,0.56,2025-01-20,0644,SNPP,SNPP,n,2,293.52,1.67,D,0
21.67829,105.57554,331.09,0.33,0.55,2025-01-20,0644,SNPP,SNPP,n,2,293.67,3.68,D,0
21.67795,105.57228,336.93,0.33,0.55,2025-01-20,0644,SNPP,SNPP,n,2,294.06,2.96,D,0
21.67602,105.57422,329.04,0.33,0.55,2025-01-20,0644,SNPP,SNPP,n,2,294.3,2.34,D,0
21.68113,105.57369,343.25,0.33,0.55,2025-01-20,0644,SNPP,SNPP,n,2,293.52,2.34,D,0
21.92962,106.44772,330.51,0.37,0.58,2025-01-20,0644,SNPP,SNPP,n,2,293.31,3.14,D,0
21.8168,105.25931,340.05,0.62,0.54,2025-01-20,0644,SNPP,SNPP,n,2,293.02,5.96,D,0
20.15915,105.8861,326.96,0.5,0.41,2025-01-21,0625,SNPP,SNPP,l,2,301.49,3.86,D,0
20.14741,105.76558,328.22,0.5,0.41,2025-01-21,0625,SNPP,SNPP,n,2,299.13,1.75,D,0
20.1612,105.72514,333.66,0.49,0.41,2025-01-21,0625,SNPP,SNPP,n,2,299.03,11.95,D,0
20.16604,105.44839,330.35,0.48,0.4,2025-01-21,0625,SNPP,SNPP,n,2,295.43,0.67,D,0
20.16797,105.44534,336.78,0.48,0.4,2025-01-21,0625,SNPP,SNPP,n,2,298.22,3.2,D,0
20.26197,105.4747,346.28,0.48,0.4,2025-01-21,0625,SNPP,SNPP,n,2,304.55,6.8,D,0
20.26565,105.47407,335.4,0.48,0.4,2025-01-21,0625,SNPP,SNPP,n,2,300.72,5.07,D,0
20.49009,105.62946,336.5,0.49,0.4,2025-01-21,0625,SNPP,SNPP,n,2,296.16,4.9,D,0
20.56468,105.23812,327.24,0.47,0.4,2025-01-21,0625,SNPP,SNPP,n,2,296.39,2.89,D,0
20.60556,105.53395,327.75,0.49,0.4,2025-01-21,0625,SNPP,SNPP,n,2,294.28,2.98,D,0
20.64898,105.57697,331.86,0.49,0.4,2025-01-21,0625,SNPP,SNPP,n,2,299.13,4.03,D,0
20.73919,105.41214,332.77,0.48,0.4,2025-01-21,0625,SNPP,SNPP,n,2,295.87,3.2,D,0
20.99102,105.09794,334.87,0.47,0.4,2025-01-21,0625,SNPP,SNPP,n,2,291.6,7.1,D,0
20.99041,105.09315,327.18,0.47,0.4,2025-01-21,0625,SNPP,SNPP,n,2,293.01,4.16,D,0
21.24036,106.84562,331.4,0.39,0.44,2025-01-21,0625,SNPP,SNPP,n,2,299.9,2.4,D,0
21.24885,106.8139,345.67,0.39,0.44,2025-01-21,0625,SNPP,SNPP,n,2,301.62,8.74,D,0
21.23157,106.41123,332.49,0.55,0.43,2025-01-21,0625,SNPP,SNPP,n,2,297.83,6.4,D,0
21.28801,106.83179,330.19,0.39,0.44,2025-01-21,0625,SNPP,SNPP,n,2,294.86,1.44,D,0
21.23429,106.36919,331.47,0.55,0.43,2025-01-21,0625,SNPP,SNPP,n,2,294.95,3.18,D,0
21.46913,106.59508,329.43,0.57,0.43,2025-01-21,0625,SNPP,SNPP,n,2,294.24,5.81,D,0
21.48126,106.37686,330.59,0.55,0.43,2025-01-21,0625,SNPP,SNPP,n,2,294.6,3.31,D,0
21.37798,105.04566,331.2,0.47,0.4,2025-01-21,0625,SNPP,SNPP,n,2,294.21,3.58,D,0
21.48009,105.2922,331.36,0.49,0.4,2025-01-21,0625,SNPP,SNPP,n,2,295.41,2.65,D,0
21.4838,105.29166,329,0.49,0.4,2025-01-21,0625,SNPP,SNPP,n,2,295.28,2.65,D,0
21.61459,105.95022,336.34,0.53,0.42,2025-01-21,0625,SNPP,SNPP,n,2,296.49,4.81,D,0
21.65352,106.06973,332.81,0.54,0.42,2025-01-21,0625,SNPP,SNPP,n,2,291.78,7.77,D,0
21.65427,106.068,341.22,0.54,0.42,2025-01-21,0625,SNPP,SNPP,n,2,291.49,5.86,D,0
21.65143,105.91722,343.63,0.53,0.42,2025-01-21,0625,SNPP,SNPP,n,2,300.03,7,D,0
21.706,106.23117,330.14,0.55,0.42,2025-01-21,0625,SNPP,SNPP,n,2,290.49,4.7,D,0
21.69889,106.14132,331.87,0.54,0.42,2025-01-21,0625,SNPP,SNPP,n,2,285.64,3.05,D,0
21.64046,105.34737,338.82,0.49,0.4,2025-01-21,0625,SNPP,SNPP,n,2,296.51,5.95,D,0
21.66109,104.97182,330.48,0.47,0.4,2025-01-21,0625,SNPP,SNPP,n,2,294.21,2.65,D,0
21.76715,105.35007,341.17,0.49,0.4,2025-01-21,0625,SNPP,SNPP,n,2,296.64,10.94,D,0
21.76432,105.34774,331.62,0.49,0.4,2025-01-21,0625,SNPP,SNPP,n,2,298.25,10.14,D,0
21.84134,105.32597,346.44,0.49,0.4,2025-01-21,0625,SNPP,SNPP,n,2,294.6,11.3,D,0
21.07242,106.79003,337.29,0.39,0.44,2025-01-21,0625,SNPP,SNPP,n,2,299.2,4.24,D,0
20.91319,105.5168,345.43,0.49,0.4,2025-01-21,0625,SNPP,SNPP,n,2,298.1,13.04,D,0
21.07989,106.78442,339.13,0.39,0.44,2025-01-21,0625,SNPP,SNPP,n,2,302.01,3.54,D,0
21.0749,106.74445,329.96,0.38,0.43,2025-01-21,0625,SNPP,SNPP,n,2,297.95,1.81,D,0
21.10329,106.83418,340.34,0.39,0.44,2025-01-21,0625,SNPP,SNPP,n,2,300.76,5.66,D,0
21.11222,106.84026,330.14,0.39,0.44,2025-01-21,0625,SNPP,SNPP,n,2,297.73,2.31,D,0
21.10701,106.79668,333.09,0.39,0.44,2025-01-21,0625,SNPP,SNPP,n,2,300.93,2.77,D,0
21.12187,106.5843,340.4,0.56,0.43,2025-01-21,0625,SNPP,SNPP,n,2,301.1,7.92,D,0
21.10896,106.35175,333.49,0.55,0.42,2025-01-21,0625,SNPP,SNPP,n,2,297.84,5.4,D,0
21.01847,106.53236,298.45,0.4,0.44,2025-01-21,1854,SNPP,SNPP,n,2,286.58,0.41,N,2
20.73048,105.27721,296.36,0.52,0.41,2025-01-21,1854,SNPP,SNPP,n,2,285.26,0.59,N,0
20.14206,105.46159,326.25,0.39,0.36,2025-01-22,0606,SNPP,SNPP,n,2,294.34,3.31,D,0
20.12135,105.33065,340.03,0.39,0.37,2025-01-22,0606,SNPP,SNPP,n,2,294.38,3.67,D,0
20.12076,105.32692,332.78,0.39,0.37,2025-01-22,0606,SNPP,SNPP,n,2,294.42,3.67,D,0
20.17158,105.33372,330.61,0.39,0.36,2025-01-22,0606,SNPP,SNPP,n,2,295.05,2.78,D,0
20.24399,105.50889,346,0.39,0.36,2025-01-22,0606,SNPP,SNPP,n,2,292.94,4.9,D,0
20.30398,105.54786,345.13,0.39,0.36,2025-01-22,0606,SNPP,SNPP,n,2,297.4,8.18,D,0
20.59395,105.3274,337.55,0.39,0.36,2025-01-22,0606,SNPP,SNPP,n,2,297.34,7.7,D,0
21.44308,106.40389,308.24,0.39,0.36,2025-01-22,1835,SNPP,SNPP,n,2,287.55,1.21,N,0
21.01519,106.53748,301.14,0.39,0.36,2025-01-22,1835,SNPP,SNPP,n,2,288.37,1.4,N,2
21.00794,106.53998,300.37,0.39,0.36,2025-01-22,1835,SNPP,SNPP,n,2,285.53,1.25,N,2
20.86385,105.1623,367,0.42,0.61,2025-01-24,0528,SNPP,SNPP,h,2,297.81,9.99,D,0
20.86266,105.15685,328.94,0.42,0.61,2025-01-24,0528,SNPP,SNPP,n,2,289.62,9.99,D,0
20.86905,105.15925,350.71,0.42,0.61,2025-01-24,0528,SNPP,SNPP,n,2,290.68,7.8,D,0
20.19132,105.5489,332.5,0.39,0.36,2025-01-27,0612,SNPP,SNPP,n,2,289.1,1.73,D,0
20.87829,106.6004,336.58,0.41,0.37,2025-01-27,0612,SNPP,SNPP,n,2,296.39,5.33,D,0
21.01813,106.53023,331.17,0.41,0.37,2025-01-27,0612,SNPP,SNPP,n,2,304.27,3.13,D,2
20.99721,106.28419,329.14,0.4,0.37,2025-01-27,0612,SNPP,SNPP,n,2,293.61,2.09,D,0
21.0863,106.79263,335.03,0.41,0.37,2025-01-27,0612,SNPP,SNPP,n,2,296.87,8.89,D,0
21.08573,106.78856,337.03,0.41,0.37,2025-01-27,0612,SNPP,SNPP,n,2,295.6,6.89,D,0
21.28443,106.61659,328.16,0.41,0.37,2025-01-27,0612,SNPP,SNPP,n,2,296.51,1.6,D,0
21.12736,105.25001,334.88,0.39,0.36,2025-01-27,0612,SNPP,SNPP,n,2,297.65,4.53,D,0
21.40347,106.37701,335.51,0.4,0.37,2025-01-27,0612,SNPP,SNPP,n,2,292.98,4.82,D,0
21.49867,106.31015,330.85,0.4,0.37,2025-01-27,0612,SNPP,SNPP,n,2,293.83,3.9,D,0
21.51995,106.41038,330.96,0.41,0.37,2025-01-27,0612,SNPP,SNPP,n,2,293.09,1.36,D,0
21.76679,106.70277,332.03,0.42,0.37,2025-01-27,0612,SNPP,SNPP,n,2,289.17,3.05,D,0
21.72447,106.20614,336.2,0.4,0.37,2025-01-27,0612,SNPP,SNPP,n,2,294.05,4.54,D,0
21.72784,106.20549,337.96,0.4,0.37,2025-01-27,0612,SNPP,SNPP,n,2,291.32,4.54,D,0
21.75573,105.87026,330.5,0.4,0.37,2025-01-27,0612,SNPP,SNPP,n,2,287.44,3.15,D,0
20.48201,105.88342,295.31,0.41,0.37,2025-01-27,1842,SNPP,SNPP,n,2,283.55,0.47,N,0
20.45352,105.88604,297.85,0.41,0.37,2025-01-27,1842,SNPP,SNPP,n,2,284.64,0.44,N,2
20.40564,105.90158,301.65,0.41,0.37,2025-01-27,1842,SNPP,SNPP,n,2,284.45,0.54,N,2
20.40224,105.90092,302.27,0.41,0.37,2025-01-27,1842,SNPP,SNPP,n,2,284.71,0.62,N,2
20.39819,105.90418,296.15,0.41,0.37,2025-01-27,1842,SNPP,SNPP,n,2,284.65,0.62,N,2
21.51409,105.33778,329.34,0.5,0.41,2025-01-28,0554,SNPP,SNPP,n,2,289.5,2.11,D,0
21.51511,105.33931,327.42,0.5,0.41,2025-01-28,0554,SNPP,SNPP,n,2,289.79,2.79,D,0
21.22906,106.14495,333.41,0.44,0.38,2025-01-28,1822,SNPP,SNPP,n,2,285.2,5.23,N,0
21.06524,106.83463,312.64,0.41,0.37,2025-01-28,1823,SNPP,SNPP,n,2,282.83,1.18,N,0
21.06182,106.83396,297.93,0.41,0.37,2025-01-28,1823,SNPP,SNPP,n,2,281.78,0.65,N,0
21.05036,106.84016,309.57,0.41,0.37,2025-01-28,1823,SNPP,SNPP,n,2,281.32,1.16,N,0
20.82603,106.57951,324.92,0.42,0.38,2025-01-28,1823,SNPP,SNPP,n,2,278.95,0.88,N,0
20.82257,106.57896,298.22,0.42,0.38,2025-01-28,1823,SNPP,SNPP,n,2,274.9,0.88,N,0
20.53115,105.86709,297.24,0.44,0.39,2025-01-28,1823,SNPP,SNPP,n,2,285.57,0.5,N,2
21.05958,106.83732,299.9,0.48,0.48,2025-01-29,1804,SNPP,SNPP,n,2,283.38,1.31,N,0
21.05898,106.84251,312.19,0.48,0.48,2025-01-29,1804,SNPP,SNPP,n,2,284.36,1.31,N,0
21.02023,106.53035,295.9,0.5,0.49,2025-01-29,1804,SNPP,SNPP,n,2,285.78,1.15,N,2
21.01454,106.53957,297.3,0.5,0.49,2025-01-29,1804,SNPP,SNPP,n,2,285.96,1.55,N,2
20.53007,105.8667,299.51,0.55,0.51,2025-01-29,1804,SNPP,SNPP,n,2,283.95,0.91,N,2
20.17696,105.58691,346.76,0.5,0.66,2025-01-30,0656,SNPP,SNPP,n,2,295.27,10.48,D,0
20.18338,105.45389,326.19,0.49,0.65,2025-01-30,0656,SNPP,SNPP,n,2,291.01,1.85,D,0
20.1838,105.45436,327.65,0.49,0.65,2025-01-30,0656,SNPP,SNPP,n,2,289.91,1.51,D,0
20.19941,105.58058,344.54,0.49,0.49,2025-01-31,0637,SNPP,SNPP,n,2,297.65,9.49,D,0
20.20078,105.58167,339.23,0.49,0.49,2025-01-31,0637,SNPP,SNPP,n,2,295.84,7.9,D,0
20.20023,105.57671,336.13,0.49,0.49,2025-01-31,0637,SNPP,SNPP,n,2,295.64,5.19,D,0
20.54128,105.55843,330.1,0.5,0.49,2025-01-31,0637,SNPP,SNPP,n,2,293.92,3.47,D,0
20.54634,105.56267,333.57,0.5,0.49,2025-01-31,0637,SNPP,SNPP,n,2,293.12,5.24,D,0
21.07436,106.42595,302.12,0.48,0.4,2025-02-01,1848,SNPP,SNPP,n,2,285.28,0.73,N,0
21.07353,106.4306,296.27,0.48,0.4,2025-02-01,1848,SNPP,SNPP,n,2,285.97,1.33,N,0
21.07069,106.42519,296.34,0.48,0.4,2025-02-01,1848,SNPP,SNPP,n,2,284.3,0.73,N,0
21.76878,106.23889,345.19,0.43,0.62,2025-02-04,0522,SNPP,SNPP,n,2,289.04,5.49,D,0
21.78326,106.22371,355.63,0.43,0.62,2025-02-04,0522,SNPP,SNPP,n,2,289.51,4.81,D,0
21.06427,106.65759,325.03,0.75,0.77,2025-02-04,0703,SNPP,SNPP,n,2,289.54,6.24,D,0
21.06596,106.65488,333.17,0.75,0.77,2025-02-04,0703,SNPP,SNPP,n,2,289.2,5.82,D,0
21.27785,106.51199,326.46,0.74,0.76,2025-02-04,0703,SNPP,SNPP,n,2,286.7,5.62,D,0
21.6695,106.83298,325.7,0.78,0.78,2025-02-04,0703,SNPP,SNPP,n,2,285.29,3.68,D,0
21.79372,106.80513,328.48,0.78,0.78,2025-02-04,0703,SNPP,SNPP,n,2,287.47,4.74,D,0
21.81727,106.71674,326.43,0.77,0.78,2025-02-04,0703,SNPP,SNPP,n,2,287.03,8.25,D,0
21.82446,106.71497,326.5,0.77,0.78,2025-02-04,0703,SNPP,SNPP,n,2,286.34,8.27,D,0
21.81534,106.32233,329.6,0.73,0.76,2025-02-04,0703,SNPP,SNPP,n,2,287.51,4.91,D,0
21.12617,104.87125,330.9,0.58,0.52,2025-02-05,0644,SNPP,SNPP,n,2,291.27,10.5,D,0
21.12568,104.86674,338.87,0.58,0.52,2025-02-05,0644,SNPP,SNPP,n,2,292.97,9.64,D,0
21.13047,104.86577,339.67,0.58,0.52,2025-02-05,0644,SNPP,SNPP,n,2,290.09,13.29,D,0
21.05817,106.83504,316.39,0.61,0.54,2025-02-09,1757,SNPP,SNPP,n,2,282.95,2.37,N,0
20.20883,105.57483,325.47,0.39,0.6,2025-02-10,0650,SNPP,SNPP,n,2,289.47,1.01,D,0
20.13794,105.4659,342.65,0.39,0.44,2025-02-11,0631,SNPP,SNPP,n,2,295.97,6.12,D,0
20.15796,105.29677,327.66,0.57,0.43,2025-02-11,0631,SNPP,SNPP,n,2,294.12,1.95,D,0
20.26919,105.42632,332.87,0.39,0.44,2025-02-11,0631,SNPP,SNPP,n,2,293.82,3.87,D,0
20.26792,105.187,329.32,0.56,0.43,2025-02-11,0631,SNPP,SNPP,n,2,295.64,4.25,D,0
20.40988,105.66922,327.76,0.4,0.44,2025-02-11,0631,SNPP,SNPP,n,2,295.3,2.32,D,0
20.47736,105.54544,341.4,0.39,0.44,2025-02-11,0631,SNPP,SNPP,n,2,292.76,3.65,D,0
20.5104,105.54496,336.97,0.39,0.44,2025-02-11,0631,SNPP,SNPP,n,2,294.35,2.58,D,0
20.5187,105.57896,330.35,0.4,0.44,2025-02-11,0631,SNPP,SNPP,n,2,298.09,2.9,D,0
20.52277,105.57828,353.88,0.4,0.44,2025-02-11,0631,SNPP,SNPP,n,2,297.08,6.42,D,0
20.81387,106.74989,329.28,0.47,0.48,2025-02-11,0631,SNPP,SNPP,n,2,294.81,4.53,D,0
20.67219,105.21657,339.08,0.57,0.43,2025-02-11,0631,SNPP,SNPP,n,2,298.25,8.92,D,0
20.675,105.04367,332.88,0.56,0.43,2025-02-11,0631,SNPP,SNPP,n,2,298.33,4.77,D,0
20.81033,105.20539,343.03,0.57,0.43,2025-02-11,0631,SNPP,SNPP,n,2,296.94,15.22,D,0
20.87107,105.46192,340.66,0.39,0.44,2025-02-11,0631,SNPP,SNPP,n,2,296.8,9.37,D,0
20.87085,105.46173,339.5,0.39,0.44,2025-02-11,0631,SNPP,SNPP,n,2,296.19,9.26,D,0
21.0546,106.83963,340.77,0.48,0.48,2025-02-11,0631,SNPP,SNPP,n,2,296.16,5.5,D,0
21.09213,106.81177,331.85,0.48,0.48,2025-02-11,0631,SNPP,SNPP,n,2,293.08,2.82,D,0
21.23949,106.77464,342.64,0.48,0.48,2025-02-11,0631,SNPP,SNPP,n,2,299.81,7.31,D,0
21.24832,106.81154,333.53,0.48,0.48,2025-02-11,0631,SNPP,SNPP,n,2,299.39,15.62,D,0
21.24772,106.80641,339.98,0.48,0.48,2025-02-11,0631,SNPP,SNPP,n,2,300.61,18.9,D,0
21.23825,106.77636,340.72,0.48,0.48,2025-02-11,0631,SNPP,SNPP,n,2,298.3,7.37,D,0
21.24626,106.80825,353.42,0.48,0.48,2025-02-11,0631,SNPP,SNPP,n,2,300.63,24.99,D,0
21.2101,106.21024,341.16,0.44,0.46,2025-02-11,0631,SNPP,SNPP,n,2,296.23,13.73,D,0
21.20962,106.20599,352.56,0.44,0.46,2025-02-11,0631,SNPP,SNPP,n,2,303.06,38.51,D,0
21.30302,106.63292,330.1,0.47,0.48,2025-02-11,0631,SNPP,SNPP,n,2,296.95,3.17,D,0
21.43764,105.67649,328.22,0.41,0.45,2025-02-11,0631,SNPP,SNPP,n,2,289.69,3.19,D,0
21.77072,106.83018,343.75,0.49,0.49,2025-02-11,0631,SNPP,SNPP,n,2,294.84,6.94,D,0
21.77197,106.82783,331.42,0.49,0.49,2025-02-11,0631,SNPP,SNPP,n,2,293.95,2.9,D,0
21.70645,105.88313,342.76,0.43,0.46,2025-02-11,0631,SNPP,SNPP,n,2,292.96,8.66,D,0
21.7161,105.63934,331.74,0.41,0.45,2025-02-11,0631,SNPP,SNPP,n,2,292.88,4.72,D,0
21.76296,105.8173,352.4,0.42,0.46,2025-02-11,0631,SNPP,SNPP,n,2,294.63,25.01,D,0
21.91554,106.16199,336.61,0.45,0.47,2025-02-11,0631,SNPP,SNPP,n,2,291.7,3.57,D,0
21.91986,106.16142,340.76,0.45,0.47,2025-02-11,0631,SNPP,SNPP,n,2,291.51,6,D,0
21.91713,106.16228,340.46,0.45,0.47,2025-02-11,0631,SNPP,SNPP,n,2,293.25,9.92,D,0
21.92401,105.58772,336.84,0.41,0.45,2025-02-11,0631,SNPP,SNPP,n,2,292.98,6.05,D,0
20.14998,105.09106,331,0.38,0.36,2025-02-12,0612,SNPP,SNPP,n,2,296.75,4.93,D,0
20.27895,105.11457,337.45,0.38,0.36,2025-02-12,0612,SNPP,SNPP,n,2,292.68,5.02,D,0
21.22941,106.78378,334.78,0.41,0.37,2025-02-12,0612,SNPP,SNPP,n,2,299.3,15.37,D,0
21.08208,106.69991,334.97,0.44,0.38,2025-02-13,0553,SNPP,SNPP,n,2,294.83,4.44,D,0
20.67352,105.2912,333.21,0.33,0.55,2025-02-14,0534,SNPP,SNPP,n,2,293.71,2.28,D,0
20.95901,105.24636,325.71,0.33,0.55,2025-02-14,0535,SNPP,SNPP,n,2,289.51,2.27,D,0
20.97838,105.16113,326.64,0.33,0.56,2025-02-14,0535,SNPP,SNPP,n,2,287.98,2.94,D,0
20.97778,105.15823,337.84,0.33,0.56,2025-02-14,0535,SNPP,SNPP,n,2,288.71,3.24,D,0
20.98277,105.15667,367,0.33,0.56,2025-02-14,0535,SNPP,SNPP,h,2,290.12,7.88,D,0
20.98335,105.15942,350.56,0.33,0.56,2025-02-14,0535,SNPP,SNPP,n,2,292.63,9.3,D,0
20.97979,105.15754,367,0.33,0.56,2025-02-14,0535,SNPP,SNPP,h,2,291.43,8.45,D,0
20.9804,105.16039,348.78,0.33,0.56,2025-02-14,0535,SNPP,SNPP,n,2,291.37,9.24,D,0
20.98536,105.15871,331.89,0.33,0.56,2025-02-14,0535,SNPP,SNPP,n,2,290.76,2.51,D,0
21.01252,104.98457,335.22,0.34,0.56,2025-02-14,0535,SNPP,SNPP,n,2,292.72,2.58,D,0
20.39241,105.32445,331.6,0.48,0.64,2025-03-03,0656,SNPP,SNPP,n,2,295.35,4.99,D,0
20.71379,104.93639,333.14,0.45,0.63,2025-03-03,0656,SNPP,SNPP,n,2,291,1.76,D,0
20.74681,105.16031,330.02,0.47,0.64,2025-03-03,0656,SNPP,SNPP,n,2,293.67,5.11,D,0
20.78412,105.00689,354.49,0.46,0.63,2025-03-03,0656,SNPP,SNPP,n,2,293.35,9.4,D,0
20.141,105.4884,336.81,0.48,0.48,2025-03-04,0637,SNPP,SNPP,n,2,297.48,2.41,D,0
20.14176,105.45627,341.39,0.47,0.48,2025-03-04,0637,SNPP,SNPP,n,2,300.8,11.49,D,0
20.14796,105.43236,332.96,0.47,0.48,2025-03-04,0637,SNPP,SNPP,n,2,299.46,4.45,D,0
20.32374,105.41732,336.15,0.47,0.48,2025-03-04,0637,SNPP,SNPP,n,2,300.99,2.64,D,0
20.4882,105.60201,351.69,0.49,0.49,2025-03-04,0637,SNPP,SNPP,n,2,300.16,7.78,D,0
20.49268,105.60132,353.39,0.49,0.49,2025-03-04,0637,SNPP,SNPP,n,2,299.67,10.18,D,0
20.72238,105.24805,335.25,0.47,0.48,2025-03-04,0637,SNPP,SNPP,n,2,300.76,5.06,D,0
20.73969,105.20418,342.19,0.47,0.47,2025-03-04,0637,SNPP,SNPP,n,2,304.57,6.81,D,0
20.77303,104.99821,340.82,0.45,0.47,2025-03-04,0637,SNPP,SNPP,n,2,302.51,7.56,D,0
20.77247,104.9936,333.98,0.45,0.47,2025-03-04,0637,SNPP,SNPP,n,2,300.81,7.56,D,0
20.77401,104.99478,339.93,0.45,0.47,2025-03-04,0637,SNPP,SNPP,n,2,300.78,15.24,D,0
20.87347,105.20395,340.53,0.47,0.48,2025-03-04,0637,SNPP,SNPP,n,2,301.21,4.56,D,0
20.87529,105.18137,333.43,0.47,0.47,2025-03-04,0637,SNPP,SNPP,n,2,301.21,4.57,D,0
20.87967,105.18067,356.19,0.47,0.47,2025-03-04,0637,SNPP,SNPP,n,2,309.81,63.76,D,0
20.87918,105.17643,341.33,0.47,0.47,2025-03-04,0637,SNPP,SNPP,n,2,303.27,12.33,D,0
20.95483,105.10249,340.32,0.46,0.47,2025-03-04,0637,SNPP,SNPP,n,2,298.63,5.07,D,0
21.10962,105.12938,332.96,0.47,0.47,2025-03-04,0637,SNPP,SNPP,n,2,297.88,2.91,D,0
21.10463,104.89401,334.72,0.45,0.47,2025-03-04,0637,SNPP,SNPP,n,2,306.66,2.35,D,0
21.33127,106.6104,339,0.58,0.52,2025-03-04,0637,SNPP,SNPP,n,2,297.56,5.81,D,0
21.73747,106.81381,336.18,0.61,0.53,2025-03-04,0637,SNPP,SNPP,n,2,297.42,6.55,D,0
21.94687,106.83558,330.54,0.61,0.54,2025-03-04,0637,SNPP,SNPP,n,2,298.49,5.46,D,0
21.79669,105.27479,340.27,0.49,0.48,2025-03-04,0637,SNPP,SNPP,n,2,301.05,6.37,D,0
21.83928,104.93751,334.84,0.46,0.47,2025-03-04,0637,SNPP,SNPP,n,2,296.82,3.15,D,3
21.93514,105.27246,346.54,0.49,0.48,2025-03-04,0637,SNPP,SNPP,n,2,298.49,6.63,D,0
20.69932,104.91285,333,0.4,0.37,2025-03-05,0618,SNPP,SNPP,n,2,300.02,1.93,D,0
20.96486,105.24064,334.88,0.41,0.37,2025-03-05,0618,SNPP,SNPP,n,2,295.78,3.44,D,0
21.08769,104.88095,335.69,0.4,0.37,2025-03-05,0618,SNPP,SNPP,n,2,300.63,3.55,D,0
21.6177,105.15491,331.93,0.41,0.37,2025-03-05,0618,SNPP,SNPP,n,2,298.09,5.12,D,0
21.72021,105.14308,336.45,0.41,0.37,2025-03-05,0618,SNPP,SNPP,n,2,298.73,2.8,D,0
21.78097,105.30144,333.99,0.42,0.37,2025-03-05,0618,SNPP,SNPP,n,2,300.66,5.75,D,0
21.77909,105.11324,333.62,0.41,0.37,2025-03-05,0618,SNPP,SNPP,n,2,295.1,2.18,D,0
21.86344,105.34593,334.82,0.42,0.38,2025-03-05,0618,SNPP,SNPP,n,2,301.67,10.19,D,0
21.9375,105.39552,336.99,0.42,0.38,2025-03-05,0618,SNPP,SNPP,n,2,294.06,7.52,D,0
21.93841,105.39155,334.07,0.42,0.38,2025-03-05,0619,SNPP,SNPP,n,2,296.03,6.28,D,0
20.16414,105.06979,367,0.35,0.57,2025-03-14,0649,SNPP,SNPP,h,2,293.34,7.45,D,0
20.41554,105.04585,332.98,0.54,0.42,2025-03-15,0630,SNPP,SNPP,n,2,298.47,4.21,D,0
20.52099,105.31495,331.28,0.56,0.43,2025-03-15,0630,SNPP,SNPP,n,2,292.82,3.84,D,0
20.52032,105.30955,335.09,0.56,0.43,2025-03-15,0630,SNPP,SNPP,n,2,293.97,3.25,D,0
20.81947,105.12975,337.04,0.55,0.43,2025-03-15,0631,SNPP,SNPP,n,2,293.15,5.65,D,0
21.2274,106.38749,327.68,0.56,0.69,2025-03-19,0515,SNPP,SNPP,n,2,282.12,3.81,D,0
21.05382,106.70277,330.17,0.54,0.68,2025-03-19,0515,SNPP,SNPP,n,2,285.13,3.23,D,0
21.60316,106.30853,335.53,0.56,0.69,2025-03-19,0515,SNPP,SNPP,n,2,280.51,4.64,D,0
21.59624,106.16605,338.31,0.57,0.69,2025-03-19,0515,SNPP,SNPP,n,2,281.32,5.26,D,0
21.59632,106.16242,326,0.57,0.69,2025-03-19,0515,SNPP,SNPP,n,2,280.37,3.33,D,0
21.63597,106.1321,333.92,0.57,0.69,2025-03-19,0515,SNPP,SNPP,n,2,282.63,3.96,D,0
20.48225,105.7048,332.34,0.49,0.65,2025-03-19,0656,SNPP,SNPP,n,2,283.11,4.38,D,0
20.44693,105.60115,337.93,0.48,0.48,2025-03-20,0637,SNPP,SNPP,n,2,299.56,4.86,D,0
20.50672,105.58426,339.9,0.48,0.48,2025-03-20,0637,SNPP,SNPP,n,2,294.23,9.67,D,0
20.55025,105.56951,358.16,0.48,0.48,2025-03-20,0637,SNPP,SNPP,n,2,296.26,15.59,D,0
20.57867,105.39026,331,0.47,0.48,2025-03-20,0637,SNPP,SNPP,n,2,293.49,3.18,D,0
20.57775,105.38818,327.44,0.47,0.48,2025-03-20,0637,SNPP,SNPP,n,2,293.98,3.33,D,0
20.70935,105.44849,349.46,0.47,0.48,2025-03-20,0637,SNPP,SNPP,n,2,293.96,7.4,D,0
20.85711,104.87064,332.08,0.44,0.46,2025-03-20,0637,SNPP,SNPP,n,2,298.03,3.98,D,0
21.0903,106.82173,340.11,0.59,0.52,2025-03-20,0637,SNPP,SNPP,n,2,296.88,14.57,D,0
21.08971,106.81606,335.76,0.58,0.52,2025-03-20,0637,SNPP,SNPP,n,2,296.51,14.57,D,0
21.09343,106.80453,345.03,0.58,0.52,2025-03-20,0637,SNPP,SNPP,n,2,296.98,8.31,D,0
20.9448,105.3265,341.4,0.47,0.48,2025-03-20,0637,SNPP,SNPP,n,2,296.24,5.11,D,0
21.13586,106.69618,330.05,0.57,0.52,2025-03-20,0637,SNPP,SNPP,n,2,297.26,5.6,D,0
21.20069,106.23632,330.16,0.54,0.51,2025-03-20,0637,SNPP,SNPP,n,2,297.7,145.69,D,0
21.20303,106.23994,341.66,0.54,0.51,2025-03-20,0637,SNPP,SNPP,n,2,297.55,104.3,D,0
21.20715,106.23383,342.67,0.54,0.51,2025-03-20,0637,SNPP,SNPP,n,2,296.96,104.3,D,0
21.24424,106.05138,341.1,0.52,0.5,2025-03-20,0637,SNPP,SNPP,n,2,296.54,9.5,D,0
21.44064,106.39197,340.74,0.55,0.51,2025-03-20,0637,SNPP,SNPP,n,2,297.2,11.99,D,0
21.44149,106.39455,340.07,0.55,0.51,2025-03-20,0637,SNPP,SNPP,n,2,295.46,6.04,D,0
21.46642,106.5411,341.69,0.57,0.52,2025-03-20,0637,SNPP,SNPP,n,2,302.77,14.16,D,0
21.41451,105.74828,337.12,0.5,0.49,2025-03-20,0637,SNPP,SNPP,n,2,296.63,3.97,D,0
21.48461,106.25832,337.31,0.54,0.51,2025-03-20,0637,SNPP,SNPP,n,2,297.15,6.98,D,0
21.50008,106.22501,346.25,0.54,0.51,2025-03-20,0637,SNPP,SNPP,n,2,296.45,9.22,D,0
21.57725,106.5407,345.68,0.57,0.52,2025-03-20,0637,SNPP,SNPP,n,2,299.01,6.16,D,0
21.52006,105.78333,333.35,0.51,0.49,2025-03-20,0637,SNPP,SNPP,n,2,295.86,3.7,D,0
21.60027,106.48181,338.24,0.56,0.52,2025-03-20,0637,SNPP,SNPP,n,2,297.35,4.65,D,0
21.6104,106.17582,331.33,0.54,0.51,2025-03-20,0637,SNPP,SNPP,n,2,294.75,2.85,D,0
21.61095,106.01137,351.78,0.53,0.5,2025-03-20,0637,SNPP,SNPP,n,2,299.81,35.27,D,0
21.63442,106.1602,339.69,0.54,0.51,2025-03-20,0637,SNPP,SNPP,n,2,297.58,3.38,D,0
21.63913,106.15974,328.23,0.54,0.51,2025-03-20,0637,SNPP,SNPP,n,2,296.85,2.25,D,0
21.72098,106.75816,355.33,0.59,0.53,2025-03-20,0637,SNPP,SNPP,n,2,297.03,13.52,D,0
21.74242,106.6796,332,0.58,0.52,2025-03-20,0637,SNPP,SNPP,n,2,298.16,4.61,D,0
21.7414,106.2655,338.95,0.55,0.51,2025-03-20,0637,SNPP,SNPP,n,2,297.09,2.96,D,0
21.71264,106.00784,331.32,0.53,0.5,2025-03-20,0637,SNPP,SNPP,n,2,296.57,3.94,D,0
21.74166,106.26241,340.55,0.55,0.51,2025-03-20,0637,SNPP,SNPP,n,2,298.42,3.72,D,0
21.74909,106.19591,340.01,0.54,0.51,2025-03-20,0637,SNPP,SNPP,n,2,296.83,15.26,D,0
21.65583,105.32943,339.91,0.48,0.48,2025-03-20,0637,SNPP,SNPP,n,2,296.72,10.53,D,0
21.65535,105.32503,339.21,0.48,0.48,2025-03-20,0637,SNPP,SNPP,n,2,297.8,10.53,D,0
21.75434,106.11034,329.22,0.54,0.51,2025-03-20,0637,SNPP,SNPP,n,2,296.08,3.48,D,0
21.77938,106.30145,340.47,0.55,0.51,2025-03-20,0637,SNPP,SNPP,n,2,298.57,8.47,D,0
21.64684,105.0492,340.47,0.46,0.47,2025-03-20,0637,SNPP,SNPP,n,2,291.24,7.84,D,0
21.78274,106.19774,335.15,0.54,0.51,2025-03-20,0637,SNPP,SNPP,n,2,297.07,9.07,D,0
21.80208,106.02599,346.96,0.53,0.5,2025-03-20,0637,SNPP,SNPP,n,2,298.18,16.75,D,0
21.77038,105.74165,352.13,0.51,0.49,2025-03-20,0637,SNPP,SNPP,n,2,295.41,8.59,D,0
21.76228,105.54815,335.88,0.49,0.49,2025-03-20,0637,SNPP,SNPP,n,2,295.75,2.79,D,0
21.8403,106.11369,340.59,0.54,0.51,2025-03-20,0637,SNPP,SNPP,n,2,295.78,10.11,D,0
21.76389,105.54987,331.73,0.5,0.49,2025-03-20,0637,SNPP,SNPP,n,2,295.46,4.41,D,0
21.83733,106.11148,347.15,0.54,0.51,2025-03-20,0637,SNPP,SNPP,n,2,295.65,8.39,D,0
21.82045,105.81857,333.68,0.52,0.5,2025-03-20,0637,SNPP,SNPP,n,2,293.85,4.48,D,0
21.82837,105.80544,343.29,0.51,0.5,2025-03-20,0637,SNPP,SNPP,n,2,310.96,98.97,D,0
21.833,105.80515,328.81,0.51,0.5,2025-03-20,0637,SNPP,SNPP,n,2,293.38,4.8,D,0
21.85911,105.87336,331.41,0.52,0.5,2025-03-20,0637,SNPP,SNPP,n,2,296.07,3.27,D,0
21.90245,106.14149,340.63,0.54,0.51,2025-03-20,0637,SNPP,SNPP,n,2,297.02,32.16,D,0
21.88674,105.91132,346.45,0.52,0.5,2025-03-20,0637,SNPP,SNPP,n,2,300.89,33.7,D,0
21.92303,106.1989,334.94,0.55,0.51,2025-03-20,0637,SNPP,SNPP,n,2,295,4.11,D,0
21.86508,105.55215,330.14,0.5,0.49,2025-03-20,0637,SNPP,SNPP,n,2,294.79,2.94,D,0
21.85817,105.49162,354.48,0.49,0.49,2025-03-20,0637,SNPP,SNPP,n,2,300.99,10.99,D,0
21.88132,105.53371,329.88,0.5,0.49,2025-03-20,0637,SNPP,SNPP,n,2,293.83,3.7,D,0
21.8807,105.52837,335.4,0.5,0.49,2025-03-20,0637,SNPP,SNPP,n,2,293.92,3.7,D,0
21.85954,105.49273,341.81,0.49,0.49,2025-03-20,0637,SNPP,SNPP,n,2,301.94,10.99,D,0
21.88181,105.52969,330.43,0.5,0.49,2025-03-20,0637,SNPP,SNPP,n,2,293.55,5.31,D,0
21.88438,105.22278,336.77,0.47,0.48,2025-03-20,0637,SNPP,SNPP,n,2,297.26,3.29,D,0
21.92362,105.17297,337.79,0.47,0.48,2025-03-20,0637,SNPP,SNPP,n,2,294.45,5.35,D,0
20.11335,105.60147,338.85,0.48,0.48,2025-03-20,0637,SNPP,SNPP,n,2,299.91,6.53,D,0
20.19651,105.84771,334.53,0.49,0.49,2025-03-20,0637,SNPP,SNPP,n,2,295.5,3.66,D,0
20.22338,105.8324,337.54,0.49,0.49,2025-03-20,0637,SNPP,SNPP,n,2,296.1,3.49,D,0
20.2015,105.55882,345.98,0.47,0.48,2025-03-20,0637,SNPP,SNPP,n,2,297.06,5.02,D,0
20.18635,105.42664,341.68,0.46,0.47,2025-03-20,0637,SNPP,SNPP,n,2,296.23,6.55,D,0
20.19073,105.42596,340.73,0.46,0.47,2025-03-20,0637,SNPP,SNPP,n,2,298.04,7.71,D,0
21.34901,106.19897,298.02,0.56,0.52,2025-03-20,1906,SNPP,SNPP,n,2,283.84,0.58,N,0
21.21387,106.22717,337.79,0.57,0.52,2025-03-20,1906,SNPP,SNPP,n,2,286.29,6.58,N,0
21.21275,106.23246,325.51,0.57,0.52,2025-03-20,1906,SNPP,SNPP,n,2,286.48,6.58,N,0
21.21166,106.23763,332.74,0.57,0.52,2025-03-20,1906,SNPP,SNPP,n,2,286.73,3.19,N,0
21.21037,106.24375,299.59,0.57,0.52,2025-03-20,1906,SNPP,SNPP,n,2,283.98,3.19,N,0
21.2056,106.24286,335.06,0.57,0.52,2025-03-20,1906,SNPP,SNPP,n,2,285.75,4.94,N,0
21.20793,106.23181,298.29,0.57,0.52,2025-03-20,1906,SNPP,SNPP,n,2,283.83,1.74,N,0
21.20683,106.23703,313.42,0.57,0.52,2025-03-20,1906,SNPP,SNPP,n,2,284.92,4.94,N,0
21.21321,106.23177,340.17,0.57,0.52,2025-03-20,1906,SNPP,SNPP,n,2,288.43,5.56,N,0
21.21429,106.22644,305.67,0.57,0.52,2025-03-20,1906,SNPP,SNPP,n,2,284.04,5.18,N,0
21.21216,106.23692,309.41,0.57,0.52,2025-03-20,1906,SNPP,SNPP,n,2,285.68,5.56,N,0
21.21094,106.2429,317.62,0.57,0.52,2025-03-20,1906,SNPP,SNPP,n,2,285.16,2.45,N,0
21.20614,106.24216,348.48,0.57,0.52,2025-03-20,1906,SNPP,SNPP,n,2,286.87,7.87,N,0
21.2084,106.23109,306.68,0.57,0.52,2025-03-20,1906,SNPP,SNPP,n,2,284.33,4.42,N,0
21.01748,106.5314,305.16,0.6,0.53,2025-03-20,1906,SNPP,SNPP,n,2,287.74,1.91,N,2
20.40009,105.90009,300.52,0.56,0.52,2025-03-20,1906,SNPP,SNPP,n,2,285.77,1.34,N,2
20.2191,105.69221,301.83,0.55,0.51,2025-03-20,1906,SNPP,SNPP,n,2,283.06,1.29,N,0
21.89766,105.35931,335.24,0.42,0.37,2025-03-21,0618,SNPP,SNPP,n,2,302.23,9.29,D,0
21.91416,105.42709,333.85,0.42,0.37,2025-03-21,0618,SNPP,SNPP,n,2,299.61,2.82,D,0
21.93875,105.47684,347.85,0.42,0.38,2025-03-21,0618,SNPP,SNPP,n,2,303.27,7.1,D,0
20.1532,105.87018,332.63,0.42,0.38,2025-03-21,0618,SNPP,SNPP,n,2,302.13,2.28,D,0
20.15036,105.45911,346.63,0.41,0.37,2025-03-21,0618,SNPP,SNPP,n,2,301.48,6.8,D,0
20.15377,105.45861,335.38,0.41,0.37,2025-03-21,0618,SNPP,SNPP,n,2,302.65,4.63,D,0
20.28874,105.13644,333.62,0.4,0.37,2025-03-21,0618,SNPP,SNPP,n,2,299.43,3.19,D,0
20.37333,105.70166,331.13,0.41,0.37,2025-03-21,0618,SNPP,SNPP,n,2,301.06,2.46,D,0
20.3755,105.70206,331.21,0.42,0.37,2025-03-21,0618,SNPP,SNPP,n,2,300.46,1.93,D,0
20.41893,105.58561,335.34,0.41,0.37,2025-03-21,0618,SNPP,SNPP,n,2,301.75,3.95,D,0
20.59922,105.26109,334.51,0.4,0.37,2025-03-21,0618,SNPP,SNPP,n,2,302.8,3.86,D,0
20.6244,105.33997,344.66,0.41,0.37,2025-03-21,0618,SNPP,SNPP,n,2,299.97,9.28,D,0
20.66544,105.57925,335.31,0.41,0.37,2025-03-21,0618,SNPP,SNPP,n,2,301.85,14.4,D,0
20.66958,105.50969,333.62,0.41,0.37,2025-03-21,0618,SNPP,SNPP,n,2,297.93,2.9,D,0
20.75908,105.60112,333.94,0.41,0.37,2025-03-21,0618,SNPP,SNPP,n,2,299.98,4.19,D,0
20.75119,105.17777,332.33,0.4,0.37,2025-03-21,0618,SNPP,SNPP,n,2,299.93,3.49,D,0
20.99071,106.82867,347.33,0.46,0.39,2025-03-21,0618,SNPP,SNPP,n,2,306.95,41.27,D,0
20.99011,106.82414,307.59,0.46,0.39,2025-03-21,0618,SNPP,SNPP,l,2,307.97,32.06,D,0
20.99432,106.82798,333.6,0.46,0.39,2025-03-21,0618,SNPP,SNPP,n,2,295.95,27.18,D,0
20.83872,105.45174,336.48,0.41,0.37,2025-03-21,0618,SNPP,SNPP,n,2,298.14,8.8,D,0
21.03348,106.84399,338.62,0.46,0.39,2025-03-21,0618,SNPP,SNPP,n,2,302.66,8,D,0
20.83828,104.88416,333.74,0.4,0.37,2025-03-21,0618,SNPP,SNPP,n,2,300.1,2,D,0
21.128,106.77184,335.02,0.46,0.39,2025-03-21,0618,SNPP,SNPP,n,2,298.8,4.29,D,0
21.0834,106.4399,338.72,0.45,0.39,2025-03-21,0618,SNPP,SNPP,n,2,303.58,2.85,D,0
20.92916,105.20428,336.08,0.4,0.37,2025-03-21,0618,SNPP,SNPP,n,2,296.89,2.86,D,0
21.19148,106.69122,333.42,0.46,0.39,2025-03-21,0618,SNPP,SNPP,n,2,298.83,3.95,D,0
20.98318,105.14424,330.38,0.4,0.37,2025-03-21,0618,SNPP,SNPP,n,2,297.11,2.32,D,0
21.21879,106.84229,333.22,0.47,0.39,2025-03-21,0618,SNPP,SNPP,n,2,297.47,3.76,D,0
20.98658,105.14378,333.82,0.4,0.37,2025-03-21,0618,SNPP,SNPP,n,2,297.53,3.31,D,0
21.0207,105.09085,333.82,0.4,0.37,2025-03-21,0618,SNPP,SNPP,n,2,299.99,6.25,D,0
21.23206,106.50119,334.73,0.45,0.39,2025-03-21,0618,SNPP,SNPP,n,2,298.62,5.73,D,0
21.22078,106.41859,342.92,0.45,0.39,2025-03-21,0618,SNPP,SNPP,n,2,299.51,7.93,D,0
21.22433,106.41792,346.87,0.45,0.39,2025-03-21,0618,SNPP,SNPP,n,2,299.74,7.93,D,0
21.20395,106.2431,332.89,0.44,0.38,2025-03-21,0618,SNPP,SNPP,n,2,301.21,15.4,D,0
21.20749,106.24249,351,0.44,0.38,2025-03-21,0618,SNPP,SNPP,n,2,310.98,15.4,D,0
21.20688,106.23811,331.71,0.44,0.38,2025-03-21,0618,SNPP,SNPP,l,2,302.65,15.4,D,0
21.2071,106.24342,347.19,0.44,0.38,2025-03-21,0618,SNPP,SNPP,n,2,305.24,41.15,D,0
21.04076,105.03208,330.44,0.4,0.37,2025-03-21,0618,SNPP,SNPP,n,2,296.79,2.37,D,0
21.26253,106.55183,333.2,0.45,0.39,2025-03-21,0618,SNPP,SNPP,n,2,299.06,5.23,D,0
21.22011,106.23259,332.26,0.44,0.38,2025-03-21,0618,SNPP,SNPP,n,2,299.65,2.88,D,0
21.22366,106.23212,346.7,0.44,0.38,2025-03-21,0618,SNPP,SNPP,n,2,302.41,12.34,D,0
21.31823,106.77879,335.08,0.46,0.39,2025-03-21,0618,SNPP,SNPP,n,2,304.47,3.22,D,0
21.32185,106.77811,331.68,0.46,0.39,2025-03-21,0618,SNPP,SNPP,n,2,303.77,3.22,D,0
21.10218,105.0739,335.14,0.4,0.37,2025-03-21,0618,SNPP,SNPP,n,2,299.44,8.11,D,0
21.09015,104.89349,330.25,0.4,0.37,2025-03-21,0618,SNPP,SNPP,n,2,299,2.51,D,0
21.31268,106.32764,340.32,0.44,0.39,2025-03-21,0618,SNPP,SNPP,n,2,299.49,4.09,D,0
21.17512,105.22146,336.96,0.41,0.37,2025-03-21,0618,SNPP,SNPP,n,2,296.63,2.68,D,0
21.17044,105.13856,344.23,0.4,0.37,2025-03-21,0618,SNPP,SNPP,n,2,302.03,9.25,D,0
21.17384,105.13802,330.86,0.4,0.37,2025-03-21,0618,SNPP,SNPP,n,2,296.83,2.78,D,0
21.41757,106.77406,337.67,0.47,0.39,2025-03-21,0618,SNPP,SNPP,n,2,300.98,2.36,D,0
21.21222,104.9927,333.43,0.4,0.37,2025-03-21,0618,SNPP,SNPP,n,2,300,4.19,D,0
21.26564,105.12309,336.4,0.4,0.37,2025-03-21,0618,SNPP,SNPP,n,2,304.56,4.94,D,0
21.26507,105.11914,331.07,0.4,0.37,2025-03-21,0618,SNPP,SNPP,n,2,299.86,4.94,D,0
21.26549,105.11989,340.78,0.4,0.37,2025-03-21,0618,SNPP,SNPP,n,2,300.77,6.35,D,0
21.48295,106.61974,333.34,0.46,0.39,2025-03-21,0618,SNPP,SNPP,n,2,300.51,5.65,D,0
21.26422,105.01216,331.97,0.4,0.37,2025-03-21,0618,SNPP,SNPP,n,2,298.05,1.82,D,0
21.48963,106.61444,333.5,0.46,0.39,2025-03-21,0618,SNPP,SNPP,n,2,302.16,6.78,D,0
21.51785,106.80217,340.26,0.47,0.4,2025-03-21,0618,SNPP,SNPP,n,2,304.8,7.45,D,0
21.52151,106.80172,345.36,0.47,0.4,2025-03-21,0618,SNPP,SNPP,n,2,301.92,23.4,D,0
21.52174,106.71837,339.21,0.46,0.39,2025-03-21,0618,SNPP,SNPP,n,2,301.54,4.96,D,0
21.52954,106.74957,338.87,0.47,0.39,2025-03-21,0618,SNPP,SNPP,n,2,306.16,7.68,D,0
21.54508,106.81129,337.69,0.47,0.4,2025-03-21,0618,SNPP,SNPP,n,2,300.44,6.26,D,0
21.4109,105.81281,340.48,0.43,0.38,2025-03-21,0618,SNPP,SNPP,n,2,300.02,4.04,D,0
21.28113,104.86356,334.56,0.4,0.37,2025-03-21,0618,SNPP,SNPP,n,2,300.78,3.81,D,0
21.53271,106.46893,337.14,0.45,0.39,2025-03-21,0618,SNPP,SNPP,n,2,301.2,3.83,D,0
21.56821,106.70584,331.09,0.46,0.39,2025-03-21,0618,SNPP,SNPP,n,2,298,2.33,D,0
21.36724,105.00339,332.08,0.4,0.37,2025-03-21,0618,SNPP,SNPP,n,2,296.4,2.18,D,0
21.4353,105.44039,330.23,0.41,0.37,2025-03-21,0618,SNPP,SNPP,n,2,299.34,1.7,D,0
21.48051,105.74344,333.6,0.42,0.38,2025-03-21,0618,SNPP,SNPP,n,2,299.8,2.04,D,0
21.59434,106.45499,332.81,0.45,0.39,2025-03-21,0618,SNPP,SNPP,n,2,298.75,3.58,D,0
21.61278,106.48344,333.51,0.45,0.39,2025-03-21,0618,SNPP,SNPP,n,2,299.62,4.25,D,0
21.56382,106.06594,333.21,0.44,0.38,2025-03-21,0618,SNPP,SNPP,n,2,298.06,2.83,D,0
21.60905,106.05441,334.06,0.44,0.38,2025-03-21,0618,SNPP,SNPP,n,2,300.89,1.65,D,0
21.70215,106.71003,330.8,0.47,0.39,2025-03-21,0618,SNPP,SNPP,n,2,297.41,2.35,D,0
21.60908,106.05526,335.73,0.44,0.38,2025-03-21,0618,SNPP,SNPP,n,2,301.11,2.51,D,0
21.702,106.70701,330.77,0.47,0.39,2025-03-21,0618,SNPP,SNPP,n,2,297.1,2.01,D,0
21.7339,106.78116,332.79,0.47,0.4,2025-03-21,0618,SNPP,SNPP,n,2,298.32,3.32,D,0
21.63095,106.00377,332.41,0.43,0.38,2025-03-21,0618,SNPP,SNPP,n,2,298.07,3.86,D,0
21.63447,106.00322,335.7,0.43,0.38,2025-03-21,0618,SNPP,SNPP,n,2,300.72,3.86,D,0
21.56,105.40835,336.86,0.41,0.37,2025-03-21,0618,SNPP,SNPP,n,2,301.11,5.94,D,0
21.71278,106.18162,336.01,0.44,0.39,2025-03-21,0618,SNPP,SNPP,n,2,298.63,3.06,D,0
21.74824,106.28173,333.3,0.45,0.39,2025-03-21,0618,SNPP,SNPP,n,2,299.69,3.33,D,0
21.64633,105.54676,332.25,0.42,0.38,2025-03-21,0618,SNPP,SNPP,n,2,296.7,4.59,D,0
21.7461,106.27838,333.53,0.45,0.39,2025-03-21,0618,SNPP,SNPP,n,2,300.86,2.96,D,0
21.64794,105.54672,335.77,0.42,0.38,2025-03-21,0618,SNPP,SNPP,n,2,296.28,4,D,0
21.77132,106.33148,333.36,0.45,0.39,2025-03-21,0618,SNPP,SNPP,n,2,299.06,3.12,D,0
21.69892,105.63456,330.09,0.42,0.38,2025-03-21,0618,SNPP,SNPP,n,2,298.48,1.71,D,0
21.71708,105.21363,329.74,0.41,0.37,2025-03-21,0618,SNPP,SNPP,n,2,298.65,1.15,D,0
21.85914,106.12601,330.93,0.44,0.38,2025-03-21,0618,SNPP,SNPP,n,2,299.31,3.18,D,0
21.83544,105.79089,337.25,0.43,0.38,2025-03-21,0618,SNPP,SNPP,n,2,294.31,4.04,D,0
21.75362,105.17487,345.37,0.41,0.37,2025-03-21,0618,SNPP,SNPP,n,2,302.88,26.87,D,0
21.78214,105.35351,332.99,0.41,0.37,2025-03-21,0618,SNPP,SNPP,n,2,299.24,1.93,D,0
21.85958,105.86291,334.91,0.43,0.38,2025-03-21,0618,SNPP,SNPP,n,2,292.78,2.75,D,0
21.86309,105.86242,333.07,0.43,0.38,2025-03-21,0618,SNPP,SNPP,n,2,291.7,3.1,D,0
21.76826,105.05618,329.78,0.41,0.37,2025-03-21,0618,SNPP,SNPP,n,2,297.7,1.74,D,0
21.94241,106.23241,336.99,0.45,0.39,2025-03-21,0618,SNPP,SNPP,n,2,299.87,7.67,D,0
21.81661,105.29883,336.4,0.41,0.37,2025-03-21,0618,SNPP,SNPP,n,2,299.71,2.43,D,0
21.82005,105.29829,338.23,0.41,0.37,2025-03-21,0618,SNPP,SNPP,n,2,300.19,4.89,D,0
21.76371,105.84683,337.44,0.43,0.38,2025-03-21,0618,SNPP,SNPP,n,2,296.96,6.06,D,0
21.69639,105.36237,334.62,0.41,0.37,2025-03-21,0618,SNPP,SNPP,n,2,302.75,3.7,D,0
21.76725,105.84655,336.07,0.43,0.38,2025-03-21,0618,SNPP,SNPP,n,2,294.9,5.85,D,0
21.73836,105.58665,333.8,0.42,0.38,2025-03-21,0618,SNPP,SNPP,n,2,298.35,2.67,D,0
21.86569,105.86416,307.86,0.44,0.38,2025-03-21,1847,SNPP,SNPP,n,2,283.78,1.07,N,0
21.86432,105.85131,332.71,0.44,0.38,2025-03-21,1847,SNPP,SNPP,n,2,284.01,12.5,N,0
21.86362,105.85532,313.77,0.44,0.38,2025-03-21,1847,SNPP,SNPP,n,2,282.96,3.35,N,0
21.86222,105.86331,301.91,0.44,0.38,2025-03-21,1847,SNPP,SNPP,n,2,283.8,0.73,N,0
21.10693,106.77075,301.21,0.49,0.4,2025-03-21,1847,SNPP,SNPP,n,2,284.33,0.62,N,0
21.10422,106.77306,304.68,0.49,0.4,2025-03-21,1847,SNPP,SNPP,n,2,284,0.59,N,0
21.00017,106.81976,323.73,0.49,0.4,2025-03-21,1847,SNPP,SNPP,n,2,287.25,6.26,N,0
20.99843,106.82922,325.66,0.49,0.4,2025-03-21,1847,SNPP,SNPP,n,2,287.4,2.95,N,0
20.99931,106.82443,301.19,0.49,0.4,2025-03-21,1847,SNPP,SNPP,n,2,286.79,6.26,N,0
20.99732,106.81438,329.55,0.49,0.4,2025-03-21,1847,SNPP,SNPP,n,2,291.23,12.16,N,0
20.99652,106.81879,348.42,0.49,0.4,2025-03-21,1847,SNPP,SNPP,n,2,295.25,6.26,N,0
20.99476,106.82831,326.4,0.49,0.4,2025-03-21,1847,SNPP,SNPP,n,2,287.73,2.95,N,0
20.99566,106.82343,306.07,0.49,0.4,2025-03-21,1847,SNPP,SNPP,n,2,286.5,6.26,N,0
20.99363,106.81364,324.32,0.49,0.4,2025-03-21,1847,SNPP,SNPP,n,2,286.81,3.39,N,0
20.99281,106.8181,341.7,0.49,0.4,2025-03-21,1847,SNPP,SNPP,n,2,290.66,10.72,N,0
20.99195,106.82277,314.3,0.49,0.4,2025-03-21,1847,SNPP,SNPP,n,2,286.75,10.72,N,0
20.99925,106.8176,339.58,0.49,0.4,2025-03-21,1847,SNPP,SNPP,n,2,288.75,19.44,N,0
20.99759,106.82692,332.5,0.49,0.41,2025-03-21,1847,SNPP,SNPP,n,2,289.14,11.23,N,0
20.99674,106.8317,311.23,0.49,0.41,2025-03-21,1847,SNPP,SNPP,n,2,286.51,1.91,N,0
20.99558,106.81667,344.74,0.49,0.4,2025-03-21,1847,SNPP,SNPP,n,2,294.43,19.44,N,0
20.99476,106.82127,335.64,0.49,0.4,2025-03-21,1847,SNPP,SNPP,n,2,293.6,11.23,N,0
20.99391,106.82606,296.42,0.49,0.41,2025-03-21,1847,SNPP,SNPP,n,2,286.12,11.23,N,0
20.99104,106.82066,308.4,0.49,0.4,2025-03-21,1847,SNPP,SNPP,n,2,286.87,1.65,N,0
21.29956,104.91623,321.24,0.41,0.37,2025-03-21,1847,SNPP,SNPP,n,2,285.17,1.84,N,0
21.02005,106.52975,307.57,0.48,0.4,2025-03-21,1847,SNPP,SNPP,n,2,289.9,2.63,N,2
20.48161,105.88264,298.65,0.45,0.39,2025-03-21,1847,SNPP,SNPP,n,2,287.67,0.6,N,0
20.4552,105.88631,299.16,0.45,0.39,2025-03-21,1847,SNPP,SNPP,n,2,288.5,0.46,N,0
20.40075,105.9024,309.64,0.45,0.39,2025-03-21,1847,SNPP,SNPP,n,2,290.08,1.2,N,2
20.39841,105.90378,309.14,0.45,0.39,2025-03-21,1847,SNPP,SNPP,n,2,289.29,0.93,N,2
21.5299,106.46819,325.1,0.47,0.39,2025-03-21,1847,SNPP,SNPP,n,2,284.48,2.6,N,0
21.86085,105.85045,337.77,0.44,0.38,2025-03-21,1847,SNPP,SNPP,n,2,286.75,12.5,N,0
21.86014,105.85452,332.4,0.44,0.38,2025-03-21,1847,SNPP,SNPP,n,2,283.58,3.35,N,0
21.85944,105.85854,317.4,0.44,0.38,2025-03-21,1847,SNPP,SNPP,n,2,284,3.35,N,0
21.85873,105.86259,296.03,0.44,0.38,2025-03-21,1847,SNPP,SNPP,n,2,283.79,0.73,N,0
21.85595,105.85779,325.05,0.44,0.38,2025-03-21,1847,SNPP,SNPP,n,2,283.15,2.01,N,0
21.85667,105.85369,306.3,0.44,0.38,2025-03-21,1847,SNPP,SNPP,n,2,281.42,2.01,N,0
21.85523,105.86189,315.65,0.44,0.38,2025-03-21,1847,SNPP,SNPP,n,2,283.93,1.54,N,0
21.70493,106.28583,307.01,0.46,0.39,2025-03-21,1847,SNPP,SNPP,n,2,286.46,1.32,N,0
21.65035,106.30173,311.17,0.46,0.39,2025-03-21,1847,SNPP,SNPP,n,2,286,1.79,N,0
21.64957,106.30605,319.94,0.46,0.39,2025-03-21,1847,SNPP,SNPP,n,2,287.54,1.79,N,0
21.5958,106.41212,316.6,0.46,0.39,2025-03-21,1847,SNPP,SNPP,n,2,287.22,1.4,N,0
21.61486,106.09456,297.78,0.45,0.39,2025-03-21,1847,SNPP,SNPP,n,2,285.94,0.62,N,0
21.6141,106.09888,314.94,0.45,0.39,2025-03-21,1847,SNPP,SNPP,n,2,287.3,1.82,N,0
21.76067,105.1721,321.39,0.41,0.37,2025-03-21,1847,SNPP,SNPP,n,2,286.97,1.28,N,0
21.75995,105.17626,308.15,0.41,0.37,2025-03-21,1847,SNPP,SNPP,n,2,287.49,1.28,N,0
21.53351,106.46891,312.57,0.47,0.39,2025-03-21,1847,SNPP,SNPP,n,2,285.76,1.19,N,0
21.5035,106.2989,299.84,0.46,0.39,2025-03-21,1847,SNPP,SNPP,n,2,286.03,0.38,N,0
21.56034,105.86959,307.67,0.44,0.38,2025-03-21,1847,SNPP,SNPP,n,2,287.4,0.84,N,2
21.48339,105.87336,296.59,0.44,0.38,2025-03-21,1847,SNPP,SNPP,n,2,286.3,0.3,N,0
21.23426,106.50655,311.3,0.47,0.4,2025-03-21,1847,SNPP,SNPP,n,2,286.34,1.22,N,0
20.87056,106.66045,342.77,0.4,0.37,2025-03-22,0559,SNPP,SNPP,n,2,301.9,3.48,D,0
20.86057,106.59889,340.82,0.4,0.37,2025-03-22,0559,SNPP,SNPP,n,2,300.62,2.89,D,0
20.87145,106.64445,335.24,0.4,0.37,2025-03-22,0559,SNPP,SNPP,n,2,300.06,3.08,D,0
20.62179,105.12709,331.43,0.45,0.39,2025-03-22,0559,SNPP,SNPP,n,2,296.09,3.87,D,0
20.16192,105.46286,327.94,0.44,0.39,2025-03-22,0559,SNPP,SNPP,l,2,298.37,2.75,D,0
20.2862,106.10104,331.4,0.42,0.38,2025-03-22,0559,SNPP,SNPP,n,2,296.61,1.74,D,0
20.1739,105.42556,330.38,0.45,0.39,2025-03-22,0559,SNPP,SNPP,n,2,298.22,5.17,D,0
20.17745,105.42495,331.3,0.45,0.39,2025-03-22,0559,SNPP,SNPP,n,2,294.69,5.17,D,0
20.10268,104.96134,330.5,0.47,0.4,2025-03-22,0559,SNPP,SNPP,n,2,292.13,6.19,D,0
20.10193,104.95692,329.9,0.47,0.4,2025-03-22,0559,SNPP,SNPP,n,2,291.06,3.94,D,0
20.228,105.68395,332.4,0.44,0.38,2025-03-22,0559,SNPP,SNPP,n,2,297.77,1.64,D,0
20.17342,105.30348,333.37,0.45,0.39,2025-03-22,0559,SNPP,SNPP,n,2,298.88,3.38,D,0
20.1513,105.13335,330.52,0.46,0.39,2025-03-22,0559,SNPP,SNPP,n,2,294.12,3.24,D,0
20.10858,104.86739,340.87,0.47,0.4,2025-03-22,0559,SNPP,SNPP,n,2,297.97,14.23,D,0
20.15807,105.08685,332.92,0.46,0.39,2025-03-22,0559,SNPP,SNPP,n,2,298.22,5.15,D,0
20.17148,105.05687,327.37,0.46,0.39,2025-03-22,0559,SNPP,SNPP,n,2,296.8,2.69,D,0
20.33763,105.92968,329.49,0.43,0.38,2025-03-22,0559,SNPP,SNPP,n,2,298.28,2.25,D,0
20.1946,105.03989,345.72,0.46,0.39,2025-03-22,0559,SNPP,SNPP,n,2,296.48,10.01,D,0
20.40178,106.1457,329.89,0.42,0.38,2025-03-22,0559,SNPP,SNPP,n,2,299.03,3.52,D,0
20.84766,106.30495,348.03,0.41,0.37,2025-03-22,0559,SNPP,SNPP,n,2,301.6,4.28,D,0
20.90734,106.62996,335.56,0.4,0.37,2025-03-22,0559,SNPP,SNPP,n,2,302.02,3.89,D,0
20.91719,106.64796,340.42,0.4,0.37,2025-03-22,0559,SNPP,SNPP,n,2,300.01,2.37,D,0
20.92056,106.64733,334.35,0.4,0.37,2025-03-22,0559,SNPP,SNPP,n,2,301.36,2.37,D,0
20.93377,106.63706,332.5,0.4,0.37,2025-03-22,0559,SNPP,SNPP,n,2,301.1,2.99,D,0
20.99356,106.83476,334.57,0.4,0.37,2025-03-22,0559,SNPP,SNPP,n,2,304.58,12.19,D,0
20.99295,106.831,339.22,0.4,0.37,2025-03-22,0559,SNPP,SNPP,n,2,307.09,16.42,D,0
20.99387,106.81522,332.26,0.4,0.37,2025-03-22,0559,SNPP,SNPP,l,2,304.71,3.21,D,0
20.99325,106.81136,336.46,0.4,0.37,2025-03-22,0559,SNPP,SNPP,n,2,305.03,3.21,D,0
20.99906,106.826,348.28,0.4,0.37,2025-03-22,0559,SNPP,SNPP,n,2,305.45,22.73,D,0
20.92338,106.27496,335.86,0.41,0.37,2025-03-22,0559,SNPP,SNPP,n,2,300.17,2.49,D,0
20.9268,106.27434,332.16,0.41,0.37,2025-03-22,0559,SNPP,SNPP,n,2,299.53,2.49,D,0
20.92357,106.25469,330.07,0.41,0.37,2025-03-22,0559,SNPP,SNPP,l,2,300.92,3.64,D,0
20.92763,106.25798,331.63,0.41,0.37,2025-03-22,0559,SNPP,SNPP,n,2,301.33,3.18,D,0
21.03179,106.83613,336.16,0.4,0.37,2025-03-22,0559,SNPP,SNPP,n,2,300.17,4.99,D,0
20.93694,106.20756,337.77,0.41,0.37,2025-03-22,0559,SNPP,SNPP,n,2,300.57,3.26,D,0
20.98993,106.40364,336.9,0.41,0.37,2025-03-22,0559,SNPP,SNPP,n,2,299.49,3.25,D,0
21.01738,106.5304,346.21,0.4,0.37,2025-03-22,0559,SNPP,SNPP,n,2,306.9,6.07,D,2
20.91846,105.84945,331.84,0.42,0.38,2025-03-22,0559,SNPP,SNPP,n,2,298.74,3.07,D,0
20.90685,105.75948,333.16,0.43,0.38,2025-03-22,0559,SNPP,SNPP,n,2,298.32,2.28,D,0
21.07081,106.70734,334.83,0.4,0.37,2025-03-22,0559,SNPP,SNPP,n,2,303.22,3.65,D,0
21.07481,106.71059,352.2,0.4,0.37,2025-03-22,0559,SNPP,SNPP,n,2,310.98,42.39,D,0
20.88879,105.58928,337.76,0.43,0.38,2025-03-22,0559,SNPP,SNPP,n,2,298.2,6.12,D,0
20.97816,106.05768,345.27,0.42,0.37,2025-03-22,0559,SNPP,SNPP,n,2,300.16,2.57,D,0
20.92766,105.75555,329.76,0.43,0.38,2025-03-22,0559,SNPP,SNPP,l,2,301.49,2.64,D,0
21.10486,106.76804,346.66,0.4,0.37,2025-03-22,0559,SNPP,SNPP,n,2,305.38,9.46,D,0
21.08763,106.66125,336.99,0.4,0.37,2025-03-22,0559,SNPP,SNPP,n,2,304.13,34.91,D,0
21.09098,106.66059,345.04,0.4,0.37,2025-03-22,0559,SNPP,SNPP,l,2,316.65,34.91,D,0
21.09035,106.65669,333.53,0.4,0.37,2025-03-22,0559,SNPP,SNPP,n,2,301.74,3.08,D,0
20.99305,105.97665,336.67,0.42,0.38,2025-03-22,0559,SNPP,SNPP,n,2,301.86,5.11,D,0
21.1263,106.77227,334.22,0.4,0.37,2025-03-22,0559,SNPP,SNPP,n,2,301.17,3.87,D,0
21.03843,106.05865,334.25,0.42,0.37,2025-03-22,0559,SNPP,SNPP,n,2,300.51,4.52,D,0
21.0332,106.02676,330.89,0.42,0.37,2025-03-22,0559,SNPP,SNPP,n,2,299.92,2.48,D,0
21.20388,106.64378,333.99,0.4,0.37,2025-03-22,0559,SNPP,SNPP,n,2,297.39,2.83,D,0
21.09835,105.99854,331.98,0.42,0.37,2025-03-22,0559,SNPP,SNPP,l,2,302.1,3.72,D,0
21.009,105.37885,332.15,0.44,0.38,2025-03-22,0559,SNPP,SNPP,n,2,293.78,4.13,D,0
21.11961,105.99867,330.53,0.42,0.37,2025-03-22,0559,SNPP,SNPP,l,2,301.99,2.08,D,0
21.12305,105.99802,336.57,0.42,0.37,2025-03-22,0559,SNPP,SNPP,n,2,302.04,5.25,D,0
21.12107,105.98603,330.57,0.42,0.37,2025-03-22,0559,SNPP,SNPP,l,2,300.58,2.59,D,0
21.19237,106.37913,334.46,0.41,0.37,2025-03-22,0559,SNPP,SNPP,n,2,302.49,3.18,D,0
21.15014,106.12001,330.5,0.41,0.37,2025-03-22,0559,SNPP,SNPP,l,2,304.2,5.55,D,0
21.14169,106.06844,338.45,0.41,0.37,2025-03-22,0559,SNPP,SNPP,n,2,297.38,2.65,D,0
21.26694,106.82118,331.66,0.4,0.37,2025-03-22,0559,SNPP,SNPP,n,2,298.65,4.2,D,0
21.26633,106.81733,335.68,0.4,0.37,2025-03-22,0559,SNPP,SNPP,n,2,304.51,4.2,D,0
21.24314,106.67234,331.8,0.4,0.37,2025-03-22,0559,SNPP,SNPP,n,2,298.75,7.02,D,0
21.24252,106.6685,331.42,0.4,0.37,2025-03-22,0559,SNPP,SNPP,n,2,300.64,4.61,D,0
21.26969,106.8168,332.71,0.4,0.37,2025-03-22,0559,SNPP,SNPP,n,2,298.63,4.81,D,0
21.24589,106.66793,332.14,0.4,0.37,2025-03-22,0559,SNPP,SNPP,n,2,299.55,2.33,D,0
21.23536,106.60224,341.02,0.4,0.37,2025-03-22,0559,SNPP,SNPP,n,2,301.35,4.21,D,0
20.99498,104.98531,328.54,0.46,0.39,2025-03-22,0559,SNPP,SNPP,n,2,296.11,2.69,D,0
21.28575,106.54527,331.4,0.4,0.37,2025-03-22,0559,SNPP,SNPP,n,2,300.13,0.99,D,0
21.20407,105.98296,336.1,0.42,0.37,2025-03-22,0559,SNPP,SNPP,n,2,300.99,3.41,D,0
21.24636,106.17537,338.87,0.41,0.37,2025-03-22,0559,SNPP,SNPP,n,2,301.39,5.24,D,0
21.36071,106.83891,352,0.4,0.37,2025-03-22,0559,SNPP,SNPP,n,2,308.51,12.5,D,0
21.3601,106.83508,343.05,0.4,0.37,2025-03-22,0559,SNPP,SNPP,n,2,301.37,7.17,D,0
21.24671,106.13465,330.23,0.41,0.37,2025-03-22,0559,SNPP,SNPP,l,2,302.43,3.29,D,0
21.07262,105.07228,328.89,0.45,0.39,2025-03-22,0559,SNPP,SNPP,n,2,296.35,4.37,D,0
21.07188,105.06799,330.82,0.45,0.39,2025-03-22,0559,SNPP,SNPP,n,2,296,3.94,D,0
21.23985,105.96385,330.55,0.42,0.37,2025-03-22,0559,SNPP,SNPP,l,2,305.1,3.57,D,0
21.15843,105.21589,329.14,0.44,0.39,2025-03-22,0559,SNPP,SNPP,n,2,296.39,3.46,D,0
21.17196,105.25227,332.64,0.44,0.39,2025-03-22,0559,SNPP,SNPP,n,2,298.22,2.22,D,0
21.1971,105.01283,334.32,0.45,0.39,2025-03-22,0559,SNPP,SNPP,n,2,297.57,4.39,D,0
21.31149,105.62563,330.28,0.43,0.38,2025-03-22,0559,SNPP,SNPP,l,2,303.27,4.76,D,0
20.28469,105.39692,339.06,0.45,0.39,2025-03-22,0559,SNPP,SNPP,n,2,305.51,34.84,D,0
20.4262,106.1498,331.48,0.42,0.37,2025-03-22,0559,SNPP,SNPP,n,2,299.54,6.13,D,0
21.42127,106.26034,334.26,0.41,0.37,2025-03-22,0559,SNPP,SNPP,n,2,299.96,3.47,D,0
21.34543,105.67822,330.69,0.42,0.38,2025-03-22,0559,SNPP,SNPP,l,2,304.18,2.78,D,0
21.34958,105.68164,331.77,0.42,0.38,2025-03-22,0559,SNPP,SNPP,n,2,301.67,2.78,D,0
21.55195,106.7219,343.27,0.4,0.37,2025-03-22,0559,SNPP,SNPP,n,2,297.41,4.24,D,0
21.47904,106.24975,333.12,0.41,0.37,2025-03-22,0559,SNPP,SNPP,n,2,297.81,2.4,D,0
21.33712,105.35139,330.22,0.44,0.38,2025-03-22,0559,SNPP,SNPP,l,2,302.95,4.22,D,0
21.52917,106.47258,342,0.4,0.37,2025-03-22,0559,SNPP,SNPP,n,2,304.54,3.57,D,0
21.52854,106.46871,331.89,0.4,0.37,2025-03-22,0559,SNPP,SNPP,n,2,300.6,3.57,D,0
21.52226,106.32213,334.21,0.41,0.37,2025-03-22,0559,SNPP,SNPP,n,2,301.63,3.87,D,0
21.52164,106.31825,334.23,0.41,0.37,2025-03-22,0559,SNPP,SNPP,n,2,301.74,3.87,D,0
21.52502,106.31759,332.48,0.41,0.37,2025-03-22,0559,SNPP,SNPP,n,2,298.39,3.87,D,0
21.46494,105.89005,332.3,0.42,0.37,2025-03-22,0559,SNPP,SNPP,l,2,303.88,4.77,D,0
21.46838,105.88941,330.26,0.42,0.37,2025-03-22,0559,SNPP,SNPP,l,2,302.82,3.49,D,0
21.62476,106.79929,331.94,0.39,0.37,2025-03-22,0559,SNPP,SNPP,n,2,297.39,3.43,D,0
21.52705,106.05094,333.33,0.41,0.37,2025-03-22,0559,SNPP,SNPP,n,2,300.3,2.3,D,0
21.53046,106.05029,334.2,0.41,0.37,2025-03-22,0559,SNPP,SNPP,n,2,302.14,19.02,D,0
21.4766,105.70506,333.71,0.42,0.38,2025-03-22,0559,SNPP,SNPP,n,2,297.5,3.22,D,0
21.38811,105.18182,342.79,0.44,0.39,2025-03-22,0559,SNPP,SNPP,n,2,300.92,5,D,0
21.50636,105.84082,334.16,0.42,0.38,2025-03-22,0559,SNPP,SNPP,n,2,302.79,3.38,D,0
21.55484,106.0701,332.65,0.41,0.37,2025-03-22,0559,SNPP,SNPP,n,2,298.46,2.51,D,0
21.4215,105.24973,328.6,0.44,0.38,2025-03-22,0559,SNPP,SNPP,l,2,302.21,2.7,D,0
21.46804,105.44005,355.73,0.43,0.38,2025-03-22,0559,SNPP,SNPP,n,2,304.04,26.7,D,0
21.42859,105.04229,329.57,0.45,0.39,2025-03-22,0559,SNPP,SNPP,n,2,297.86,1.9,D,0
21.60011,106.02953,331.87,0.41,0.37,2025-03-22,0559,SNPP,SNPP,n,2,300.82,3.11,D,0
21.50535,105.44598,339.26,0.43,0.38,2025-03-22,0559,SNPP,SNPP,n,2,298.73,3.77,D,0
21.58599,105.81776,333.67,0.42,0.38,2025-03-22,0559,SNPP,SNPP,n,2,300.24,1.36,D,0
21.72939,106.30495,332.46,0.4,0.37,2025-03-22,0559,SNPP,SNPP,n,2,296.07,2.47,D,0
21.70974,106.18384,340.65,0.41,0.37,2025-03-22,0559,SNPP,SNPP,n,2,300.12,8.02,D,0
21.73574,106.27954,333.81,0.4,0.37,2025-03-22,0559,SNPP,SNPP,n,2,301.97,5.45,D,0
21.74062,106.26653,333.84,0.41,0.37,2025-03-22,0559,SNPP,SNPP,n,2,298.91,1.63,D,0
21.74115,106.26665,330.99,0.4,0.37,2025-03-22,0559,SNPP,SNPP,n,2,298.02,2.24,D,0
21.70213,106.03111,330.43,0.41,0.37,2025-03-22,0559,SNPP,SNPP,n,2,298.32,1.7,D,0
21.70034,105.97813,330.28,0.41,0.37,2025-03-22,0559,SNPP,SNPP,n,2,296.61,5.35,D,0
21.71299,106.03297,333.52,0.41,0.37,2025-03-22,0559,SNPP,SNPP,n,2,297.23,2.62,D,0
21.7287,105.91528,332.08,0.41,0.37,2025-03-22,0559,SNPP,SNPP,n,2,298.19,4.15,D,0
21.72805,105.91138,333.51,0.41,0.37,2025-03-22,0559,SNPP,SNPP,n,2,300.53,3.37,D,0
21.65134,105.43154,328.82,0.43,0.38,2025-03-22,0559,SNPP,SNPP,n,2,299.31,2.63,D,0
21.65063,105.42735,330.81,0.43,0.38,2025-03-22,0559,SNPP,SNPP,n,2,297.45,2.63,D,0
21.73104,105.86546,328.69,0.42,0.37,2025-03-22,0559,SNPP,SNPP,n,2,298.76,2.67,D,0
21.57829,104.93826,334.34,0.45,0.39,2025-03-22,0559,SNPP,SNPP,n,2,298.16,4.07,D,0
21.88337,106.58636,333.96,0.4,0.37,2025-03-22,0559,SNPP,SNPP,n,2,300.83,3.87,D,0
21.86552,106.47511,332.05,0.4,0.37,2025-03-22,0559,SNPP,SNPP,n,2,298.05,5.07,D,0
21.8649,106.47129,330.89,0.4,0.37,2025-03-22,0559,SNPP,SNPP,n,2,297.36,5.07,D,0
21.86827,106.47069,346.58,0.4,0.37,2025-03-22,0559,SNPP,SNPP,n,2,300.28,5.07,D,0
21.69907,105.37136,329.57,0.43,0.38,2025-03-22,0559,SNPP,SNPP,n,2,301.28,1.9,D,0
21.69855,105.24177,329.09,0.44,0.38,2025-03-22,0559,SNPP,SNPP,l,2,301.28,2.74,D,0
21.85409,106.12511,345.38,0.41,0.37,2025-03-22,0559,SNPP,SNPP,n,2,301.12,12.86,D,0
21.85749,106.12447,334.89,0.41,0.37,2025-03-22,0559,SNPP,SNPP,n,2,299.05,12.86,D,0
21.7473,105.37959,332.02,0.43,0.38,2025-03-22,0559,SNPP,SNPP,n,2,297.99,3.62,D,0
21.85869,105.85438,331.03,0.42,0.37,2025-03-22,0559,SNPP,SNPP,n,2,297.18,2.52,D,0
21.86345,105.86183,328.84,0.42,0.37,2025-03-22,0559,SNPP,SNPP,n,2,298.7,4.66,D,0
21.8621,105.8536,332.88,0.42,0.37,2025-03-22,0559,SNPP,SNPP,n,2,298.15,2.52,D,0
21.75957,105.17393,329.69,0.44,0.38,2025-03-22,0559,SNPP,SNPP,n,2,295.69,2.28,D,0
21.93725,106.20604,331.35,0.41,0.37,2025-03-22,0559,SNPP,SNPP,n,2,301.65,4.87,D,0
21.94064,106.20547,332.49,0.41,0.37,2025-03-22,0559,SNPP,SNPP,n,2,296.52,4.87,D,0
21.79109,105.12528,332.36,0.44,0.38,2025-03-22,0559,SNPP,SNPP,n,2,296.02,2.55,D,0
21.90636,105.5505,332.35,0.42,0.38,2025-03-22,0559,SNPP,SNPP,n,2,300.33,3.29,D,0
21.93214,105.66245,338.53,0.42,0.38,2025-03-22,0559,SNPP,SNPP,n,2,299.17,18.53,D,0
21.81518,104.88138,333.13,0.45,0.39,2025-03-22,0559,SNPP,SNPP,n,2,296.28,3.3,D,0
21.92181,105.45015,340.56,0.43,0.38,2025-03-22,0559,SNPP,SNPP,n,2,302.11,6.23,D,0
21.92891,105.38154,331.36,0.43,0.38,2025-03-22,0559,SNPP,SNPP,n,2,295.83,23.29,D,0
21.93168,105.37669,327.34,0.43,0.38,2025-03-22,0559,SNPP,SNPP,n,2,295.78,3.62,D,0
21.93287,105.32037,327.16,0.43,0.38,2025-03-22,0559,SNPP,SNPP,n,2,298.78,2.6,D,0
21.91641,105.22392,327.28,0.44,0.38,2025-03-22,0559,SNPP,SNPP,n,2,294.78,2.23,D,0
21.93637,105.31977,343.04,0.43,0.38,2025-03-22,0559,SNPP,SNPP,n,2,298.78,16.63,D,0
20.52098,106.36037,331.21,0.41,0.37,2025-03-22,0559,SNPP,SNPP,n,2,294.79,1.51,D,0
20.41814,105.7171,334.48,0.43,0.38,2025-03-22,0559,SNPP,SNPP,n,2,303.39,31.84,D,0
20.43818,105.79408,333.03,0.43,0.38,2025-03-22,0559,SNPP,SNPP,n,2,297.46,3.13,D,0
20.36471,105.35625,329.02,0.45,0.39,2025-03-22,0559,SNPP,SNPP,n,2,295.47,4.52,D,0
20.38378,105.31734,331.84,0.45,0.39,2025-03-22,0559,SNPP,SNPP,n,2,295.49,2.41,D,0
20.50059,105.90488,333.95,0.42,0.38,2025-03-22,0559,SNPP,SNPP,n,2,297.55,1.64,D,0
20.52694,105.89157,329.64,0.43,0.38,2025-03-22,0559,SNPP,SNPP,l,2,300.73,2.35,D,0
20.68351,106.30701,331.41,0.41,0.37,2025-03-22,0559,SNPP,SNPP,n,2,298.06,2.68,D,0
20.62332,105.92408,332.16,0.42,0.38,2025-03-22,0559,SNPP,SNPP,n,2,298.25,2.26,D,0
20.6939,106.11354,330.9,0.42,0.37,2025-03-22,0559,SNPP,SNPP,n,2,297.29,2.14,D,0
20.73444,106.25297,349.66,0.41,0.37,2025-03-22,0559,SNPP,SNPP,n,2,301.17,4.83,D,0
21.86043,105.86446,325.53,0.41,0.37,2025-03-22,1828,SNPP,SNPP,n,2,287.16,2.41,N,0
21.84096,105.20506,297.87,0.43,0.38,2025-03-22,1828,SNPP,SNPP,n,2,287.71,0.55,N,0
21.57231,106.68217,302.49,0.39,0.36,2025-03-22,1828,SNPP,SNPP,n,2,287.76,0.78,N,0
21.6128,106.31847,300.56,0.4,0.37,2025-03-22,1828,SNPP,SNPP,n,2,289.18,0.45,N,0
21.54195,106.79279,299.76,0.39,0.36,2025-03-22,1828,SNPP,SNPP,n,2,287.51,0.37,N,0
21.56607,106.49439,299.85,0.4,0.37,2025-03-22,1828,SNPP,SNPP,n,2,287.97,0.39,N,0
21.57479,106.33234,325.8,0.4,0.37,2025-03-22,1828,SNPP,SNPP,n,2,289.79,1.44,N,0
21.57535,106.32858,303.64,0.4,0.37,2025-03-22,1828,SNPP,SNPP,n,2,288.56,1.44,N,0
21.49202,106.83467,299.14,0.39,0.36,2025-03-22,1828,SNPP,SNPP,n,2,287.11,0.38,N,0
21.49756,106.52635,307.74,0.39,0.37,2025-03-22,1828,SNPP,SNPP,n,2,287.61,0.61,N,0
21.55987,105.86819,299.82,0.41,0.37,2025-03-22,1828,SNPP,SNPP,n,2,289.15,0.52,N,2
21.56528,105.66708,298.96,0.41,0.37,2025-03-22,1828,SNPP,SNPP,n,2,287.2,0.24,N,0
21.49901,105.51625,321.7,0.42,0.38,2025-03-22,1828,SNPP,SNPP,n,2,288.2,1.91,N,0
21.09172,106.66397,310.24,0.39,0.36,2025-03-22,1828,SNPP,SNPP,n,2,287.67,1.12,N,0
21.16891,105.91875,307.74,0.41,0.37,2025-03-22,1828,SNPP,SNPP,n,2,288.98,0.79,N,0
21.01984,106.52811,306,0.39,0.36,2025-03-22,1828,SNPP,SNPP,n,2,290.15,1.22,N,2
21.01927,106.53187,304.93,0.39,0.36,2025-03-22,1828,SNPP,SNPP,n,2,291.58,1.5,N,2
21.00955,106.53874,299.42,0.39,0.36,2025-03-22,1828,SNPP,SNPP,n,2,289.03,0.65,N,0
21.00898,106.5425,299.59,0.39,0.36,2025-03-22,1828,SNPP,SNPP,n,2,289.39,0.65,N,2
20.9626,106.7571,301.47,0.39,0.36,2025-03-22,1828,SNPP,SNPP,n,2,290.48,0.52,N,0
20.53148,105.86453,303.03,0.4,0.37,2025-03-22,1828,SNPP,SNPP,n,2,289.41,0.73,N,2
20.40789,105.89997,307.53,0.4,0.37,2025-03-22,1828,SNPP,SNPP,n,2,291.14,0.86,N,2
20.40056,105.90268,309.84,0.4,0.37,2025-03-22,1828,SNPP,SNPP,n,2,291.56,1.08,N,2
20.39718,105.90213,303.87,0.4,0.37,2025-03-22,1828,SNPP,SNPP,n,2,289.79,0.82,N,2
20.1915,105.43822,326.84,0.55,0.51,2025-03-23,0540,SNPP,SNPP,n,2,292.91,4.76,D,0
20.15344,105.09928,339.59,0.58,0.52,2025-03-23,0540,SNPP,SNPP,n,2,294.62,8.16,D,0
20.11147,104.8642,341.88,0.6,0.53,2025-03-23,0540,SNPP,SNPP,n,2,297.01,15.07,D,0
20.1104,104.8691,339.42,0.6,0.53,2025-03-23,0540,SNPP,SNPP,n,2,296.14,12.5,D,0
20.10897,104.86227,328.1,0.6,0.53,2025-03-23,0540,SNPP,SNPP,n,2,295.62,12.5,D,0
20.55295,105.54124,340.04,0.53,0.5,2025-03-23,0540,SNPP,SNPP,n,2,295.04,7.06,D,0
20.44923,105.02082,335.62,0.57,0.52,2025-03-23,0540,SNPP,SNPP,n,2,294.28,26.91,D,0
20.44837,105.01656,337.02,0.58,0.52,2025-03-23,0540,SNPP,SNPP,n,2,298.94,26.91,D,0
20.92076,106.67244,341.61,0.44,0.46,2025-03-23,0540,SNPP,SNPP,n,2,297.09,6.06,D,0
20.92376,106.67266,348.73,0.44,0.46,2025-03-23,0540,SNPP,SNPP,n,2,296.24,9.62,D,0
20.78723,105.45612,344.86,0.53,0.5,2025-03-23,0540,SNPP,SNPP,n,2,293.76,7.05,D,0
20.79183,105.45514,334.98,0.53,0.5,2025-03-23,0540,SNPP,SNPP,n,2,292.16,5.18,D,0
20.78967,105.45396,342.83,0.53,0.5,2025-03-23,0540,SNPP,SNPP,n,2,294.18,15.66,D,0
21.08793,106.82364,348.28,0.43,0.46,2025-03-23,0540,SNPP,SNPP,n,2,298.79,6.82,D,0
20.70982,104.89452,343.24,0.58,0.52,2025-03-23,0540,SNPP,SNPP,n,2,299.52,16,D,0
21.09707,106.82573,346.99,0.43,0.46,2025-03-23,0540,SNPP,SNPP,n,2,299.58,15.84,D,0
21.09122,106.65744,330.96,0.44,0.46,2025-03-23,0540,SNPP,SNPP,n,2,297.69,7.14,D,0
21.09039,106.65305,346.52,0.44,0.46,2025-03-23,0540,SNPP,SNPP,n,2,297.92,7.14,D,0
21.15432,106.48707,336.79,0.45,0.47,2025-03-23,0540,SNPP,SNPP,n,2,297.11,3.96,D,0
21.19767,106.57423,337.35,0.45,0.47,2025-03-23,0540,SNPP,SNPP,n,2,293.72,7.51,D,0
21.20171,106.57219,354.57,0.45,0.47,2025-03-23,0540,SNPP,SNPP,n,2,295.88,7.51,D,0
21.27439,106.79734,329.82,0.43,0.46,2025-03-23,0540,SNPP,SNPP,n,2,298.84,2.69,D,0
20.97671,104.91729,331.84,0.57,0.52,2025-03-23,0540,SNPP,SNPP,n,2,294.95,3,D,0
21.03008,104.93495,344.53,0.57,0.52,2025-03-23,0540,SNPP,SNPP,n,2,293.68,15.51,D,0
21.56313,106.75913,337.16,0.43,0.46,2025-03-23,0540,SNPP,SNPP,n,2,296.98,3.46,D,0
21.45204,106.1064,330.42,0.47,0.48,2025-03-23,0540,SNPP,SNPP,n,2,296.89,2.78,D,0
21.60985,106.61501,334.05,0.44,0.46,2025-03-23,0540,SNPP,SNPP,n,2,297.05,3.76,D,0
21.57823,106.33572,342.2,0.45,0.47,2025-03-23,0540,SNPP,SNPP,n,2,301.89,19.66,D,0
21.57748,106.33183,339.68,0.45,0.47,2025-03-23,0540,SNPP,SNPP,n,2,297.79,11.06,D,0
21.65445,106.44424,331.8,0.45,0.47,2025-03-23,0540,SNPP,SNPP,n,2,296.25,3.31,D,0
21.61909,106.17241,339.86,0.46,0.47,2025-03-23,0540,SNPP,SNPP,n,2,296.92,3.8,D,0
21.85312,106.61189,334.31,0.43,0.46,2025-03-23,0540,SNPP,SNPP,n,2,298.01,2.66,D,0
21.71519,105.67455,333.52,0.49,0.49,2025-03-23,0540,SNPP,SNPP,n,2,295.26,3.62,D,0
21.70531,105.43848,343.41,0.51,0.49,2025-03-23,0540,SNPP,SNPP,n,2,298.2,14.56,D,0
21.94674,106.26649,335.09,0.45,0.47,2025-03-23,0540,SNPP,SNPP,n,2,298.3,4.98,D,0
21.94511,106.21274,338.78,0.45,0.47,2025-03-23,0540,SNPP,SNPP,n,2,296.95,11.09,D,0
21.80771,106.24147,307.64,0.45,0.47,2025-03-23,1809,SNPP,SNPP,n,2,287.84,1.41,N,0
21.22009,106.84505,317.33,0.41,0.45,2025-03-23,1809,SNPP,SNPP,n,2,286.83,1.25,N,0
21.20628,106.61561,304.57,0.42,0.45,2025-03-23,1809,SNPP,SNPP,n,2,287.85,1.17,N,0
21.21236,106.1645,309.82,0.45,0.47,2025-03-23,1809,SNPP,SNPP,n,2,289.11,1.4,N,0
21.21463,106.16245,308.71,0.45,0.47,2025-03-23,1809,SNPP,SNPP,n,2,288.8,1.34,N,0
21.05475,106.41734,305.04,0.43,0.46,2025-03-23,1809,SNPP,SNPP,n,2,289.02,0.84,N,0
21.01961,106.52935,320.57,0.42,0.45,2025-03-23,1809,SNPP,SNPP,n,2,292.13,3.22,N,2
20.78029,106.62965,305.07,0.41,0.45,2025-03-23,1809,SNPP,SNPP,n,2,288.92,0.83,N,0
20.52918,105.86716,304.39,0.46,0.47,2025-03-23,1809,SNPP,SNPP,n,2,289.21,0.54,N,2
20.40089,105.90079,302.68,0.45,0.47,2025-03-23,1809,SNPP,SNPP,n,2,289.51,1.08,N,2
20.39911,105.90139,309.95,0.45,0.47,2025-03-23,1809,SNPP,SNPP,n,2,290.21,1.23,N,2
20.86024,106.83839,346.87,0.43,0.62,2025-03-24,0521,SNPP,SNPP,n,2,294,5.54,D,0
20.86588,106.83698,332.99,0.43,0.62,2025-03-24,0521,SNPP,SNPP,n,2,292.05,3.36,D,0
21.07916,106.84586,346.27,0.43,0.62,2025-03-24,0521,SNPP,SNPP,n,2,294.74,4.09,D,0
21.218,106.73334,341.77,0.43,0.62,2025-03-24,0521,SNPP,SNPP,n,2,294.67,7.09,D,0
21.23278,106.77252,329.34,0.43,0.62,2025-03-24,0521,SNPP,SNPP,n,2,294.16,4.56,D,0
21.23172,106.76782,340.43,0.43,0.62,2025-03-24,0521,SNPP,SNPP,n,2,295.61,4.56,D,0
21.20274,106.61269,367,0.44,0.62,2025-03-24,0521,SNPP,SNPP,h,2,293.97,10.25,D,0
21.25721,106.74895,329.86,0.43,0.62,2025-03-24,0521,SNPP,SNPP,n,2,293.68,2.6,D,0
21.44895,106.50005,340.98,0.44,0.62,2025-03-24,0521,SNPP,SNPP,n,2,293.5,4.12,D,0
21.54217,106.67241,335.79,0.43,0.62,2025-03-24,0521,SNPP,SNPP,n,2,294.82,4.24,D,0
20.10167,105.19671,346.03,0.57,0.69,2025-03-24,0521,SNPP,SNPP,n,2,292.38,7.27,D,0
20.10759,105.19346,330.88,0.57,0.69,2025-03-24,0521,SNPP,SNPP,n,2,291.19,7.27,D,0
20.10273,105.19563,367,0.57,0.69,2025-03-24,0521,SNPP,SNPP,h,2,291.98,9.16,D,0
20.12087,104.98624,348.97,0.58,0.7,2025-03-24,0521,SNPP,SNPP,n,2,291.37,11.04,D,0
20.12126,104.98375,352.11,0.58,0.7,2025-03-24,0521,SNPP,SNPP,n,2,291.1,12.29,D,0
20.32323,105.4481,330.45,0.54,0.68,2025-03-24,0521,SNPP,SNPP,n,2,292.59,3.8,D,0
21.86025,106.78913,329.82,0.42,0.61,2025-03-24,0522,SNPP,SNPP,n,2,294.93,2.24,D,0
21.87964,106.77116,333.73,0.42,0.61,2025-03-24,0522,SNPP,SNPP,n,2,295.43,2.49,D,0
21.78781,105.84288,343.89,0.48,0.64,2025-03-24,0522,SNPP,SNPP,n,2,293.35,7.43,D,0
21.57723,105.60779,333.44,0.63,0.72,2025-03-24,0702,SNPP,SNPP,n,2,289.91,7.12,D,0
21.57984,105.6105,342.28,0.63,0.72,2025-03-24,0702,SNPP,SNPP,n,2,290.02,7.99,D,0
21.62006,105.01685,367,0.58,0.69,2025-03-24,0702,SNPP,SNPP,h,2,291.96,8.49,D,0
21.62657,105.01642,340.8,0.58,0.69,2025-03-24,0702,SNPP,SNPP,n,2,290.59,8.49,D,0
21.62009,105.01746,349.12,0.58,0.69,2025-03-24,0702,SNPP,SNPP,n,2,291.37,8.58,D,0
21.6266,105.01701,336.42,0.58,0.69,2025-03-24,0702,SNPP,SNPP,n,2,290.48,8.58,D,0
21.70377,105.08119,332.3,0.58,0.7,2025-03-24,0702,SNPP,SNPP,n,2,290.47,6.29,D,0
21.70244,105.07772,354.67,0.58,0.7,2025-03-24,0702,SNPP,SNPP,n,2,291.23,8.49,D,0
21.93785,106.23679,336.53,0.69,0.74,2025-03-24,0702,SNPP,SNPP,n,2,292.16,19.59,D,0
21.94485,106.23647,367,0.69,0.74,2025-03-24,0702,SNPP,SNPP,h,2,291.79,19.59,D,0
21.94431,106.22935,342.64,0.69,0.74,2025-03-24,0702,SNPP,SNPP,n,2,291.06,21.83,D,0
21.94355,106.23515,367,0.69,0.74,2025-03-24,0702,SNPP,SNPP,h,2,293.86,19.84,D,0
21.94304,106.22785,328.2,0.69,0.74,2025-03-24,0702,SNPP,SNPP,n,2,290.82,19.84,D,0
21.94764,105.40141,341.27,0.61,0.71,2025-03-24,0702,SNPP,SNPP,n,2,289.24,4.58,D,0
21.1108,105.17229,331.03,0.58,0.7,2025-03-24,0702,SNPP,SNPP,n,2,292.05,4.13,D,0
21.081,105.13956,328.12,0.58,0.7,2025-03-24,0702,SNPP,SNPP,n,2,292.17,4.86,D,0
20.19366,105.85326,339.67,0.63,0.72,2025-03-24,0702,SNPP,SNPP,n,2,293.03,5.56,D,0
20.12424,105.02974,347.91,0.56,0.69,2025-03-24,0702,SNPP,SNPP,n,2,292.67,7.1,D,0
20.15313,105.1383,342.2,0.57,0.69,2025-03-24,0702,SNPP,SNPP,n,2,292.48,5.77,D,0
20.17349,105.29751,329.3,0.58,0.7,2025-03-24,0702,SNPP,SNPP,n,2,292.28,3.61,D,0
20.19637,105.85114,342.79,0.63,0.72,2025-03-24,0702,SNPP,SNPP,n,2,292.45,6.98,D,0
20.15375,105.1358,339.19,0.57,0.69,2025-03-24,0702,SNPP,SNPP,n,2,292.25,7.1,D,0
20.1735,105.30041,327.53,0.58,0.7,2025-03-24,0702,SNPP,SNPP,n,2,292.44,5.16,D,0
20.19882,105.13045,327.65,0.57,0.69,2025-03-24,0702,SNPP,SNPP,n,2,292.21,3.21,D,0
20.21153,105.12685,346.48,0.57,0.69,2025-03-24,0702,SNPP,SNPP,n,2,292.6,9.6,D,0
20.71908,105.25147,336.98,0.58,0.7,2025-03-24,0702,SNPP,SNPP,n,2,292.89,5.55,D,0
20.71793,105.2506,332.75,0.58,0.7,2025-03-24,0702,SNPP,SNPP,n,2,292.19,2.92,D,0
21.08179,106.6593,328.08,0.72,0.76,2025-03-24,0702,SNPP,SNPP,n,2,292.02,6.26,D,0
21.12647,106.77973,334.47,0.73,0.76,2025-03-24,0702,SNPP,SNPP,n,2,293.24,6.7,D,0
21.12263,106.7796,330.29,0.74,0.76,2025-03-24,0702,SNPP,SNPP,n,2,293.2,4.53,D,0
21.08163,105.13728,331.57,0.58,0.7,2025-03-24,0702,SNPP,SNPP,n,2,292.16,3.31,D,0
21.56094,105.87059,299.99,0.47,0.64,2025-03-24,1750,SNPP,SNPP,n,2,288.78,0.92,N,0
21.56453,105.86898,300.88,0.47,0.64,2025-03-24,1750,SNPP,SNPP,n,2,288.81,0.4,N,2
21.20323,106.61633,302.92,0.42,0.61,2025-03-24,1750,SNPP,SNPP,n,2,290.54,0.69,N,0
21.20135,106.61887,304.15,0.42,0.61,2025-03-24,1750,SNPP,SNPP,n,2,290.55,0.7,N,0
21.01791,106.52665,300.65,0.42,0.61,2025-03-24,1750,SNPP,SNPP,n,2,290,1.13,N,2
21.01752,106.53082,301.8,0.42,0.61,2025-03-24,1750,SNPP,SNPP,n,2,290.6,1.64,N,2
20.62645,106.45103,334.85,0.42,0.61,2025-03-24,1750,SNPP,SNPP,n,2,289.97,1.62,N,0
20.62074,106.45039,302.41,0.42,0.61,2025-03-24,1750,SNPP,SNPP,n,2,289.13,1.62,N,0
20.53067,105.86506,301.23,0.46,0.64,2025-03-24,1751,SNPP,SNPP,n,2,289.56,0.69,N,2
21.07842,106.66053,299.13,0.75,0.77,2025-03-24,1931,SNPP,SNPP,n,2,288.5,0.93,N,0
20.10953,105.49126,340.69,0.59,0.53,2025-03-25,0643,SNPP,SNPP,n,2,298.9,5.78,D,0
21.6902,105.90236,327.91,0.33,0.55,2025-03-25,0643,SNPP,SNPP,n,2,291.87,1.67,D,0
21.82546,106.78559,332.44,0.37,0.58,2025-03-25,0643,SNPP,SNPP,n,2,293.13,1.82,D,0
20.28101,105.47652,344.09,0.59,0.53,2025-03-25,0643,SNPP,SNPP,n,2,298.5,8.89,D,0
20.10775,105.49499,342.36,0.59,0.53,2025-03-25,0643,SNPP,SNPP,n,2,299.82,10.39,D,0
20.51205,105.55601,334.1,0.6,0.53,2025-03-25,0643,SNPP,SNPP,n,2,295.92,5.56,D,0
20.51954,105.5791,336.58,0.6,0.53,2025-03-25,0643,SNPP,SNPP,n,2,296.81,4.11,D,0
20.70652,104.89433,330.61,0.55,0.51,2025-03-25,0643,SNPP,SNPP,n,2,299.62,6.37,D,0
21.10531,106.77202,331.96,0.36,0.58,2025-03-25,0643,SNPP,SNPP,n,2,298.1,2.86,D,0
21.10799,106.77048,330.76,0.36,0.58,2025-03-25,0643,SNPP,SNPP,n,2,296.79,1.75,D,0
21.12538,106.78192,335.38,0.37,0.58,2025-03-25,0643,SNPP,SNPP,n,2,296.1,1.76,D,0
21.24177,106.7824,339.11,0.37,0.58,2025-03-25,0643,SNPP,SNPP,n,2,294.48,4.77,D,0
21.24829,106.68193,332.16,0.36,0.57,2025-03-25,0643,SNPP,SNPP,n,2,294.54,4.79,D,0
21.79641,106.33168,336,0.35,0.57,2025-03-25,0643,SNPP,SNPP,n,2,293.21,3.29,D,0
21.60473,106.05817,338.78,0.33,0.55,2025-03-25,0643,SNPP,SNPP,n,2,292.27,3.82,D,0
21.61914,106.15033,343.47,0.34,0.56,2025-03-25,0643,SNPP,SNPP,n,2,291.66,2.69,D,0
21.02231,106.52844,300.59,0.38,0.58,2025-03-25,1912,SNPP,SNPP,n,2,288,0.77,N,0
21.0193,106.52848,309.67,0.38,0.58,2025-03-25,1912,SNPP,SNPP,n,2,289.29,1.95,N,2
21.01852,106.53207,305.27,0.38,0.58,2025-03-25,1912,SNPP,SNPP,n,2,288.83,1.95,N,2
21.16485,106.52943,340.33,0.54,0.42,2025-03-26,0624,SNPP,SNPP,n,2,303.96,17.81,D,0
21.1687,106.5286,346.64,0.54,0.42,2025-03-26,0624,SNPP,SNPP,n,2,297.66,17.81,D,0
21.17191,106.49088,345.03,0.53,0.42,2025-03-26,0624,SNPP,SNPP,n,2,299.53,5.33,D,0
21.17126,106.48573,331.16,0.53,0.42,2025-03-26,0624,SNPP,SNPP,n,2,297.02,5.33,D,0
21.17571,106.48971,352.69,0.53,0.42,2025-03-26,0624,SNPP,SNPP,n,2,298.25,9.61,D,0
20.81382,105.43395,331.05,0.47,0.4,2025-03-26,0624,SNPP,SNPP,n,2,293.93,3.06,D,0
21.07759,106.79075,335.63,0.55,0.43,2025-03-26,0624,SNPP,SNPP,n,2,299.86,4.28,D,0
21.08479,106.81689,346.49,0.56,0.43,2025-03-26,0624,SNPP,SNPP,n,2,299.75,9.43,D,0
21.1321,106.80922,339.46,0.56,0.43,2025-03-26,0624,SNPP,SNPP,n,2,301.53,5.84,D,0
20.98143,104.93789,334.97,0.45,0.39,2025-03-26,0624,SNPP,SNPP,n,2,303.92,4.8,D,0
21.21615,106.23851,333.33,0.52,0.41,2025-03-26,0624,SNPP,SNPP,n,2,300.28,4.3,D,0
21.3989,106.36932,333.25,0.53,0.42,2025-03-26,0624,SNPP,SNPP,n,2,297.94,4.79,D,0
21.57844,106.75384,333.12,0.56,0.43,2025-03-26,0624,SNPP,SNPP,n,2,299.3,37.82,D,0
21.59023,106.71965,334.3,0.56,0.43,2025-03-26,0624,SNPP,SNPP,n,2,301.24,7.05,D,0
21.58881,106.71749,335.87,0.56,0.43,2025-03-26,0624,SNPP,SNPP,n,2,301.54,6.09,D,0
21.61967,106.70671,330.16,0.56,0.43,2025-03-26,0624,SNPP,SNPP,n,2,299.04,3.52,D,0
21.64614,106.6931,333.81,0.56,0.43,2025-03-26,0624,SNPP,SNPP,n,2,301.22,7.34,D,0
21.43711,104.87868,337.99,0.45,0.39,2025-03-26,0624,SNPP,SNPP,n,2,297.72,4.75,D,0
21.71334,106.72973,332.93,0.56,0.43,2025-03-26,0624,SNPP,SNPP,n,2,298.16,2.31,D,0
20.42065,105.57349,332.24,0.39,0.37,2025-03-27,0605,SNPP,SNPP,n,2,306.11,1.88,D,0
20.49924,105.57968,345.55,0.39,0.36,2025-03-27,0605,SNPP,SNPP,n,2,301.21,7.12,D,0
20.50918,105.42596,334.73,0.4,0.37,2025-03-27,0605,SNPP,SNPP,n,2,303.22,3.42,D,0
20.85838,105.26576,330.59,0.4,0.37,2025-03-27,0605,SNPP,SNPP,n,2,301.9,2.33,D,0
21.03371,105.2528,332.97,0.4,0.37,2025-03-27,0605,SNPP,SNPP,n,2,300.59,8.32,D,0
21.00888,104.85806,336.76,0.41,0.37,2025-03-27,0605,SNPP,SNPP,l,2,309.78,5.41,D,0
21.45621,106.72841,336.18,0.38,0.36,2025-03-27,0605,SNPP,SNPP,n,2,301.94,3.6,D,0
20.11116,105.64877,332.61,0.39,0.37,2025-03-27,0605,SNPP,SNPP,n,2,301.25,1.98,D,0
20.16171,105.46107,331.55,0.4,0.37,2025-03-27,0605,SNPP,SNPP,n,2,302.36,2.01,D,0
20.18604,105.5266,348.97,0.4,0.37,2025-03-27,0605,SNPP,SNPP,n,2,305.86,8.36,D,0
20.1443,105.09438,332.31,0.41,0.37,2025-03-27,0605,SNPP,SNPP,n,2,299.75,2.2,D,0
20.1086,105.17459,336.27,0.46,0.47,2025-03-28,0546,SNPP,SNPP,n,2,294.74,3.86,D,0
20.80972,105.43662,341.61,0.43,0.46,2025-03-28,0546,SNPP,SNPP,n,2,294.63,6.16,D,0
20.25763,105.49792,334.33,0.38,0.36,2025-04-01,0611,SNPP,SNPP,n,2,300.17,1.54,D,0
20.58329,105.3733,332.44,0.38,0.36,2025-04-01,0612,SNPP,SNPP,n,2,295.89,7.92,D,0
21.0175,106.53154,331.84,0.4,0.37,2025-04-01,0612,SNPP,SNPP,l,2,303.65,2.51,D,2
21.06606,106.70122,352.19,0.4,0.37,2025-04-01,0612,SNPP,SNPP,n,2,304.46,15.01,D,0
21.12847,106.79842,335.9,0.41,0.37,2025-04-01,0612,SNPP,SNPP,n,2,298.72,6.57,D,0
21.14225,106.60173,334.02,0.4,0.37,2025-04-01,0612,SNPP,SNPP,n,2,297.46,3.76,D,0
21.19633,106.51379,331.08,0.4,0.37,2025-04-01,0612,SNPP,SNPP,n,2,296.47,2.11,D,0
21.23938,106.03981,335.89,0.39,0.36,2025-04-01,0612,SNPP,SNPP,n,2,297.18,4.69,D,0
21.48517,106.49103,332.88,0.4,0.37,2025-04-01,0612,SNPP,SNPP,n,2,295.73,1.89,D,0
21.60693,106.68596,334.37,0.41,0.37,2025-04-01,0612,SNPP,SNPP,n,2,296.82,4.26,D,0
21.87241,105.81761,345.9,0.39,0.36,2025-04-01,0612,SNPP,SNPP,n,2,295.66,7.32,D,0
21.24539,106.17524,336.19,0.47,0.4,2025-04-02,0553,SNPP,SNPP,n,2,298.16,6.78,D,0
21.37799,106.38125,332.15,0.46,0.39,2025-04-02,0553,SNPP,SNPP,n,2,296.92,4.65,D,0
21.55466,106.40346,337.73,0.46,0.39,2025-04-02,0553,SNPP,SNPP,n,2,297.61,3.17,D,0
21.47829,105.70816,331.15,0.49,0.4,2025-04-02,0553,SNPP,SNPP,n,2,292.18,6.15,D,0
21.6118,106.45646,333.78,0.45,0.39,2025-04-02,0553,SNPP,SNPP,n,2,295.55,5.97,D,0
21.55298,106.00578,330.74,0.48,0.4,2025-04-02,0553,SNPP,SNPP,n,2,292.22,3.39,D,0
21.50852,105.67549,330.46,0.49,0.41,2025-04-02,0553,SNPP,SNPP,n,2,291.75,3.78,D,0
21.59979,106.05997,331.21,0.47,0.4,2025-04-02,0553,SNPP,SNPP,n,2,291.86,3.66,D,0
21.60238,106.0319,334.11,0.47,0.4,2025-04-02,0553,SNPP,SNPP,n,2,295.65,7.23,D,0
21.60603,106.03124,333.51,0.47,0.4,2025-04-02,0553,SNPP,SNPP,n,2,292.31,7.15,D,0
21.6761,106.04485,333.08,0.47,0.4,2025-04-02,0553,SNPP,SNPP,n,2,291.75,3.96,D,0
21.75266,106.18541,333.72,0.46,0.39,2025-04-02,0553,SNPP,SNPP,n,2,293.5,4.77,D,0
21.71676,105.91532,331.92,0.48,0.4,2025-04-02,0553,SNPP,SNPP,n,2,293.13,3.05,D,0
21.78051,106.2172,335.47,0.46,0.39,2025-04-02,0553,SNPP,SNPP,n,2,293.24,4.14,D,0
21.69228,105.68919,331.76,0.49,0.4,2025-04-02,0553,SNPP,SNPP,n,2,292.05,3.02,D,0
21.77404,105.85841,335,0.48,0.4,2025-04-02,0553,SNPP,SNPP,n,2,292.8,3.89,D,0
21.9139,106.53065,330.72,0.45,0.39,2025-04-02,0553,SNPP,SNPP,n,2,293.32,4.79,D,0
21.91315,106.52625,330.73,0.45,0.39,2025-04-02,0553,SNPP,SNPP,n,2,292.99,4.79,D,0
21.92834,106.0323,336.42,0.47,0.4,2025-04-02,0553,SNPP,SNPP,n,2,291.57,3.34,D,0
20.65519,106.12323,332.43,0.48,0.4,2025-04-02,0553,SNPP,SNPP,n,2,298.87,2.63,D,0
20.95678,106.73721,335.91,0.45,0.39,2025-04-02,0553,SNPP,SNPP,n,2,298.87,5.33,D,0
21.01862,106.52921,333.77,0.46,0.39,2025-04-02,0553,SNPP,SNPP,n,2,300.65,4.86,D,2
21.10701,106.82926,333.08,0.44,0.39,2025-04-02,0553,SNPP,SNPP,n,2,301.67,4.55,D,0
21.08696,106.64724,335.86,0.45,0.39,2025-04-02,0553,SNPP,SNPP,n,2,300.54,9.5,D,0
21.08624,106.64305,335.76,0.45,0.39,2025-04-02,0553,SNPP,SNPP,n,2,298.22,9.5,D,0
21.0905,106.64648,334.21,0.45,0.39,2025-04-02,0553,SNPP,SNPP,n,2,295.77,5.41,D,0
21.08981,106.6424,343.61,0.45,0.39,2025-04-02,0553,SNPP,SNPP,n,2,297.38,5.41,D,0
21.21554,106.80891,339.93,0.44,0.39,2025-04-02,0553,SNPP,SNPP,n,2,298.94,4.85,D,0
21.09749,106.61212,341.01,0.56,0.51,2025-04-03,0534,SNPP,SNPP,n,2,296.1,12.34,D,0
21.30241,106.45129,328.53,0.56,0.52,2025-04-03,0534,SNPP,SNPP,n,2,294.8,3.44,D,0
21.13663,105.56007,328.97,0.32,0.55,2025-04-03,0534,SNPP,SNPP,n,2,293.56,1.25,D,0
21.30282,106.45022,329.46,0.56,0.52,2025-04-03,0534,SNPP,SNPP,n,2,294.4,3.04,D,0
21.14068,105.55916,340.04,0.32,0.55,2025-04-03,0534,SNPP,SNPP,n,2,292.82,2.97,D,0
21.464,106.71378,335.1,0.54,0.51,2025-04-03,0534,SNPP,SNPP,n,2,296.46,4.88,D,0
21.77569,105.69562,338.69,0.62,0.54,2025-04-03,0534,SNPP,SNPP,n,2,292.81,4.03,D,0
21.94887,106.02956,337.16,0.58,0.52,2025-04-03,0534,SNPP,SNPP,n,2,293.96,5.32,D,0
21.87318,105.51669,333.26,0.63,0.54,2025-04-03,0534,SNPP,SNPP,n,2,291.35,8.29,D,0
20.1464,105.10587,327.58,0.36,0.57,2025-04-03,0534,SNPP,SNPP,n,2,290.45,1.77,D,0
20.18221,105.09803,333.18,0.36,0.57,2025-04-03,0534,SNPP,SNPP,n,2,290,3.6,D,0
21.84003,105.2047,298.33,0.33,0.55,2025-04-03,1803,SNPP,SNPP,n,2,287.53,0.49,N,0
21.55338,106.75705,309.39,0.52,0.5,2025-04-03,1803,SNPP,SNPP,n,2,287.5,2.08,N,0
21.55404,106.75564,307.72,0.52,0.5,2025-04-03,1803,SNPP,SNPP,n,2,287.57,1.69,N,0
21.01898,106.52887,309.47,0.53,0.5,2025-04-03,1803,SNPP,SNPP,n,2,290.37,1.98,N,2
20.89318,106.61229,298.99,0.52,0.5,2025-04-03,1803,SNPP,SNPP,n,2,288.17,0.62,N,0
20.73577,106.16261,298.5,0.55,0.51,2025-04-03,1803,SNPP,SNPP,n,2,287.99,0.61,N,0
20.53137,105.8681,300.77,0.57,0.52,2025-04-03,1803,SNPP,SNPP,n,2,288.91,1.22,N,2
20.39725,105.9006,303.9,0.57,0.52,2025-04-03,1803,SNPP,SNPP,n,2,289.1,1.12,N,2
20.9697,105.32199,336.98,0.66,0.73,2025-04-04,0515,SNPP,SNPP,n,2,288.08,7.65,D,0
20.4917,105.49184,338.73,0.48,0.65,2025-04-04,0656,SNPP,SNPP,n,2,290.77,3.03,D,0
20.49784,105.49245,328.73,0.48,0.65,2025-04-04,0656,SNPP,SNPP,n,2,290,3.03,D,0
20.52396,105.38146,327.56,0.47,0.64,2025-04-04,0656,SNPP,SNPP,n,2,291.67,3.04,D,0
20.56546,105.54767,335.39,0.48,0.65,2025-04-04,0656,SNPP,SNPP,n,2,292.33,6.87,D,0
20.61093,105.64638,335.53,0.49,0.65,2025-04-04,0656,SNPP,SNPP,n,2,290.57,4.05,D,0
20.80887,105.44347,352.89,0.48,0.65,2025-04-04,0656,SNPP,SNPP,n,2,290.45,7.23,D,0
20.99408,105.23344,334.36,0.47,0.64,2025-04-04,0656,SNPP,SNPP,n,2,290.8,3.75,D,0
21.59974,105.01891,327.54,0.46,0.63,2025-04-04,0656,SNPP,SNPP,n,2,289.98,2.39,D,0
21.60036,104.89211,327.89,0.45,0.63,2025-04-04,0656,SNPP,SNPP,n,2,287.7,1.86,D,0
21.74562,105.42213,331.02,0.49,0.65,2025-04-04,0656,SNPP,SNPP,n,2,289.92,6.54,D,0
20.14575,105.09544,339.9,0.45,0.63,2025-04-04,0656,SNPP,SNPP,n,2,289.66,3.36,D,0
21.9246,105.34656,337.71,0.49,0.65,2025-04-04,0656,SNPP,SNPP,n,2,290.43,3.29,D,0
20.68172,104.8624,335.97,0.56,0.69,2025-04-09,0702,SNPP,SNPP,n,2,289.13,15.15,D,0
20.68127,104.85709,354.45,0.56,0.69,2025-04-09,0702,SNPP,SNPP,n,2,290.15,14.3,D,0
20.29243,105.45977,336.02,0.47,0.4,2025-04-11,0624,SNPP,SNPP,n,2,299.58,4.79,D,0
20.31008,105.42457,331.46,0.47,0.4,2025-04-11,0624,SNPP,SNPP,n,2,296.38,1.94,D,0
20.54958,105.35582,334.62,0.47,0.39,2025-04-11,0624,SNPP,SNPP,n,2,298.13,4.21,D,0
20.67977,104.86208,339.28,0.45,0.39,2025-04-11,0624,SNPP,SNPP,n,2,300.83,7.86,D,0
20.84013,104.8856,346.66,0.45,0.39,2025-04-11,0625,SNPP,SNPP,n,2,301.4,16.42,D,0
20.85269,104.87048,335.18,0.45,0.39,2025-04-11,0625,SNPP,SNPP,n,2,300.88,7.98,D,0
20.39891,105.90375,306.82,0.55,0.43,2025-04-11,1854,SNPP,SNPP,n,2,285.95,1.69,N,2
20.39938,105.90242,306.64,0.55,0.43,2025-04-11,1854,SNPP,SNPP,n,2,286.6,1.78,N,2
20.20717,105.3046,330.89,0.4,0.37,2025-04-12,0606,SNPP,SNPP,n,2,297.73,2.35,D,0
20.44578,106.32656,330.1,0.38,0.36,2025-04-12,0606,SNPP,SNPP,n,2,298,1.79,D,0
20.41781,106.14616,331.46,0.39,0.36,2025-04-12,0606,SNPP,SNPP,n,2,296.42,2.69,D,0
20.44966,106.32966,330.22,0.38,0.36,2025-04-12,0606,SNPP,SNPP,n,2,297.97,1.79,D,0
21.01844,106.53206,333.45,0.38,0.36,2025-04-12,0606,SNPP,SNPP,n,2,300.97,2.91,D,2
21.01788,106.52837,338.01,0.38,0.36,2025-04-12,0606,SNPP,SNPP,n,2,301.75,2.91,D,2
21.06469,106.7698,337.08,0.38,0.36,2025-04-12,0606,SNPP,SNPP,n,2,299.24,4.41,D,0
21.24429,106.52633,346.37,0.38,0.36,2025-04-12,0606,SNPP,SNPP,n,2,300.5,7.74,D,0
20.20782,105.9468,331.84,0.4,0.44,2025-04-13,0547,SNPP,SNPP,n,2,292.45,1.7,D,0
20.21188,105.94596,331.68,0.4,0.44,2025-04-13,0547,SNPP,SNPP,n,2,291.72,1.7,D,0
21.22707,106.54846,352.72,0.35,0.57,2025-04-14,0528,SNPP,SNPP,n,2,292.72,6.98,D,0
21.6065,106.16129,340.79,0.36,0.58,2025-04-14,0528,SNPP,SNPP,n,2,286.74,5.42,D,0
21.76129,106.32597,331.46,0.35,0.57,2025-04-14,0528,SNPP,SNPP,n,2,284.45,3.34,D,0
21.57198,106.37951,306.63,0.34,0.56,2025-04-14,1757,SNPP,SNPP,n,2,280.36,1.67,N,0
21.5713,106.37976,306.81,0.34,0.56,2025-04-14,1757,SNPP,SNPP,n,2,281.63,1.68,N,0
21.57095,106.38316,297.17,0.34,0.56,2025-04-14,1757,SNPP,SNPP,n,2,279.34,1.06,N,0
21.19222,106.66244,323.71,0.33,0.55,2025-04-14,1757,SNPP,SNPP,n,2,286.77,1.23,N,0
21.01982,106.53124,301.26,0.33,0.55,2025-04-14,1757,SNPP,SNPP,n,2,288.44,1.01,N,2
21.01435,106.53385,300.06,0.33,0.55,2025-04-14,1757,SNPP,SNPP,n,2,286.24,1.07,N,2
20.40767,105.89957,303.77,0.36,0.57,2025-04-14,1757,SNPP,SNPP,n,2,285.76,0.59,N,2
20.40201,105.9024,300.06,0.36,0.57,2025-04-14,1757,SNPP,SNPP,n,2,285.95,0.78,N,2
20.3967,105.90184,302.42,0.36,0.57,2025-04-14,1757,SNPP,SNPP,n,2,286.01,0.78,N,2
21.05522,106.83235,330.28,0.66,0.73,2025-04-15,0509,SNPP,SNPP,n,2,295.38,6.21,D,0
21.09003,106.74074,332.86,0.67,0.74,2025-04-15,0509,SNPP,SNPP,n,2,294.08,7.58,D,0
21.09682,106.7393,333.83,0.67,0.74,2025-04-15,0509,SNPP,SNPP,n,2,293.43,7.58,D,0
21.0904,106.73877,351.6,0.67,0.74,2025-04-15,0509,SNPP,SNPP,n,2,294.76,9.8,D,0
21.59406,106.61626,332.64,0.67,0.73,2025-04-15,0510,SNPP,SNPP,n,2,296.01,6.04,D,0
21.5921,106.60818,330.87,0.67,0.73,2025-04-15,0510,SNPP,SNPP,n,2,295.48,5.5,D,0
21.59566,106.61373,338.52,0.67,0.73,2025-04-15,0510,SNPP,SNPP,n,2,295.79,6.92,D,0
21.77985,106.72059,333.28,0.65,0.73,2025-04-15,0510,SNPP,SNPP,n,2,291.49,4.48,D,0
21.656,105.47788,331.23,0.78,0.78,2025-04-15,0510,SNPP,SNPP,n,2,292.42,6.13,D,0
21.904,105.422,340.05,0.77,0.78,2025-04-15,0510,SNPP,SNPP,n,2,295,7.12,D,0
21.90678,105.4203,344.22,0.77,0.78,2025-04-15,0510,SNPP,SNPP,n,2,295.71,9.73,D,0
20.20104,105.4304,334.52,0.38,0.58,2025-04-15,0650,SNPP,SNPP,n,2,295.2,1.62,D,0
20.92812,105.47337,367,0.39,0.59,2025-04-15,0650,SNPP,SNPP,h,2,298.63,7.51,D,0
21.0464,106.77164,335.78,0.47,0.64,2025-04-15,0650,SNPP,SNPP,n,2,302.93,3.31,D,0
21.05036,106.74809,367,0.47,0.64,2025-04-15,0650,SNPP,SNPP,h,2,304.59,18.4,D,0
21.05077,106.75278,331.06,0.47,0.64,2025-04-15,0650,SNPP,SNPP,n,2,300.75,14.64,D,0
21.24043,106.51817,337.33,0.45,0.63,2025-04-15,0650,SNPP,SNPP,n,2,297.18,4.95,D,0
21.17178,105.23694,343.73,0.37,0.58,2025-04-15,0650,SNPP,SNPP,n,2,296.21,4.26,D,0
21.43814,106.67944,349.74,0.47,0.64,2025-04-15,0650,SNPP,SNPP,n,2,304.57,6.38,D,0
21.44084,106.68003,340.35,0.47,0.64,2025-04-15,0650,SNPP,SNPP,n,2,302.44,6.41,D,0
21.46954,106.66426,333.41,0.47,0.64,2025-04-15,0650,SNPP,SNPP,n,2,304.07,4.48,D,0
21.46915,106.65981,345.79,0.47,0.64,2025-04-15,0650,SNPP,SNPP,n,2,306.58,4.48,D,0
21.51078,106.5223,336.75,0.46,0.63,2025-04-15,0650,SNPP,SNPP,n,2,300.67,2.56,D,0
21.51038,106.51791,330.17,0.46,0.63,2025-04-15,0650,SNPP,SNPP,n,2,301.15,2.56,D,0
21.54976,106.75288,345.54,0.47,0.64,2025-04-15,0650,SNPP,SNPP,n,2,303.14,6.22,D,0
21.5086,106.51887,330.05,0.46,0.63,2025-04-15,0650,SNPP,SNPP,l,2,301.13,3.51,D,0
21.51455,106.51885,331.49,0.46,0.63,2025-04-15,0650,SNPP,SNPP,l,2,301.95,3.96,D,0
21.54644,106.75514,336.72,0.47,0.64,2025-04-15,0650,SNPP,SNPP,n,2,301.64,4.04,D,0
21.55235,106.75351,334.39,0.47,0.64,2025-04-15,0650,SNPP,SNPP,n,2,300.26,4.04,D,0
21.5842,106.7022,348.09,0.47,0.64,2025-04-15,0650,SNPP,SNPP,n,2,299.51,5.51,D,0
21.63095,106.42319,367,0.45,0.63,2025-04-15,0650,SNPP,SNPP,h,2,301.86,10.62,D,0
21.62912,106.42365,355.74,0.45,0.63,2025-04-15,0650,SNPP,SNPP,n,2,302.49,8.5,D,0
21.63496,106.42258,331.07,0.45,0.63,2025-04-15,0650,SNPP,SNPP,n,2,299.14,2.1,D,0
21.67802,106.64491,333.07,0.47,0.64,2025-04-15,0650,SNPP,SNPP,n,2,301.05,4.17,D,0
21.641,106.02757,353.49,0.43,0.62,2025-04-15,0650,SNPP,SNPP,n,2,300.65,8.58,D,0
21.66271,105.94953,346.26,0.42,0.61,2025-04-15,0650,SNPP,SNPP,n,2,299.69,3.88,D,0
21.66233,105.9454,336.03,0.42,0.61,2025-04-15,0650,SNPP,SNPP,n,2,300.96,3.88,D,0
21.66441,105.94801,367,0.42,0.61,2025-04-15,0650,SNPP,SNPP,h,2,302.7,8,D,0
21.62504,105.3756,343.18,0.39,0.59,2025-04-15,0650,SNPP,SNPP,n,2,295.31,3.02,D,0
21.63052,105.37475,331.5,0.39,0.59,2025-04-15,0650,SNPP,SNPP,n,2,293.19,3.02,D,0
21.721,106.13155,335.95,0.43,0.62,2025-04-15,0650,SNPP,SNPP,n,2,297.32,1.85,D,0
21.77791,106.72255,338.17,0.47,0.64,2025-04-15,0650,SNPP,SNPP,n,2,302.19,36.08,D,0
21.78388,106.72158,367,0.47,0.64,2025-04-15,0650,SNPP,SNPP,h,2,310.67,36.08,D,0
21.78349,106.71695,342.44,0.47,0.64,2025-04-15,0650,SNPP,SNPP,n,2,301.85,36.08,D,0
21.81374,106.78719,351.84,0.48,0.65,2025-04-15,0650,SNPP,SNPP,n,2,304.08,8.51,D,0
21.73799,105.80766,340.15,0.41,0.61,2025-04-15,0650,SNPP,SNPP,n,2,297.15,3.8,D,0
21.88208,106.10594,367,0.43,0.62,2025-04-15,0650,SNPP,SNPP,h,2,304.26,15.01,D,0
21.88784,106.10519,340.08,0.43,0.62,2025-04-15,0650,SNPP,SNPP,n,2,298.39,4.58,D,0
21.94353,106.27081,334.5,0.45,0.63,2025-04-15,0650,SNPP,SNPP,n,2,300.08,3.64,D,0
21.94024,106.03233,335.48,0.43,0.62,2025-04-15,0650,SNPP,SNPP,n,2,300.84,3.64,D,0
21.93988,106.02831,345.7,0.43,0.62,2025-04-15,0650,SNPP,SNPP,n,2,300.69,3.64,D,0
21.9029,105.5557,367,0.4,0.6,2025-04-15,0650,SNPP,SNPP,h,2,300.22,5.97,D,0
21.88235,105.27462,331.58,0.38,0.59,2025-04-15,0650,SNPP,SNPP,n,2,298.9,4.45,D,0
21.94014,105.59164,341.66,0.4,0.6,2025-04-15,0650,SNPP,SNPP,n,2,296.5,3.71,D,0
21.72447,106.31111,299.86,0.7,0.75,2025-04-15,1738,SNPP,SNPP,n,2,286.16,1.62,N,0
21.72679,106.3072,300.12,0.7,0.75,2025-04-15,1738,SNPP,SNPP,n,2,286.27,1.67,N,0
21.55381,106.75427,298.79,0.65,0.73,2025-04-15,1738,SNPP,SNPP,n,2,285.19,2.35,N,0
21.5403,106.75158,308.49,0.65,0.73,2025-04-15,1738,SNPP,SNPP,n,2,284.74,1.92,N,0
21.47167,106.65623,296.3,0.66,0.73,2025-04-15,1738,SNPP,SNPP,n,2,283.63,0.8,N,0
21.2636,106.84422,301.09,0.64,0.72,2025-04-15,1738,SNPP,SNPP,n,2,280.8,1.25,N,0
21.26169,106.84555,300.72,0.64,0.72,2025-04-15,1738,SNPP,SNPP,n,2,280.98,1.14,N,0
21.01627,106.52856,307.72,0.67,0.73,2025-04-15,1738,SNPP,SNPP,n,2,286.35,2.75,N,2
21.01549,106.52844,305.25,0.66,0.73,2025-04-15,1738,SNPP,SNPP,n,2,286.21,2,N,2
21.72551,106.3119,315.76,0.45,0.63,2025-04-15,1919,SNPP,SNPP,n,2,288.23,1.71,N,0
21.59415,106.65009,300.46,0.47,0.64,2025-04-15,1919,SNPP,SNPP,n,2,279.94,0.67,N,0
21.63458,106.4203,302.12,0.46,0.63,2025-04-15,1919,SNPP,SNPP,n,2,277.28,0.77,N,0
21.54418,106.78564,300.08,0.49,0.65,2025-04-15,1919,SNPP,SNPP,n,2,283.21,0.7,N,0
21.5456,106.75256,306.26,0.48,0.65,2025-04-15,1919,SNPP,SNPP,n,2,281.56,2.19,N,0
21.54354,106.76144,298.62,0.48,0.65,2025-04-15,1919,SNPP,SNPP,n,2,281.99,1.32,N,0
21.55993,105.86887,300.48,0.42,0.61,2025-04-15,1919,SNPP,SNPP,n,2,285.18,0.78,N,2
20.43441,105.95316,332.59,0.41,0.45,2025-04-16,0631,SNPP,SNPP,n,2,295.91,2.86,D,0
20.888,106.612,343.27,0.45,0.47,2025-04-16,0631,SNPP,SNPP,n,2,297.31,7.63,D,0
20.89233,106.61144,348.07,0.45,0.47,2025-04-16,0631,SNPP,SNPP,n,2,295.12,14.02,D,0
20.95522,105.38847,351.17,0.38,0.43,2025-04-16,0631,SNPP,SNPP,n,2,288.16,36.14,D,0
20.95478,105.38485,334.07,0.38,0.43,2025-04-16,0631,SNPP,SNPP,n,2,277.58,36.14,D,0
21.21977,106.63297,336.34,0.46,0.47,2025-04-16,0631,SNPP,SNPP,n,2,292.22,3.32,D,0
21.81606,106.79335,326.27,0.48,0.48,2025-04-16,0631,SNPP,SNPP,n,2,271.33,3.96,D,0
21.21541,105.93646,297.02,0.44,0.46,2025-04-16,1900,SNPP,SNPP,n,2,278.41,0.64,N,0
21.21159,105.93741,301.22,0.44,0.46,2025-04-16,1900,SNPP,SNPP,n,2,276.38,0.39,N,0
20.9915,105.89902,298.33,0.44,0.46,2025-04-16,1900,SNPP,SNPP,n,2,265.8,0.7,N,0
20.69947,105.43682,346.96,0.39,0.36,2025-04-17,0612,SNPP,SNPP,n,2,284.07,8.31,D,0
21.46848,105.40014,339.53,0.39,0.36,2025-04-17,0612,SNPP,SNPP,n,2,297.03,6.01,D,0
21.60919,105.0757,331.75,0.38,0.36,2025-04-17,0612,SNPP,SNPP,n,2,291.4,4.84,D,0
21.70601,105.24544,335.68,0.39,0.36,2025-04-17,0612,SNPP,SNPP,n,2,294.95,3.99,D,0
21.7908,105.36382,338.73,0.39,0.36,2025-04-17,0612,SNPP,SNPP,n,2,297.42,6.74,D,0
20.90048,105.85722,330.69,0.49,0.4,2025-04-18,0553,SNPP,SNPP,l,2,298.96,5.04,D,0
20.9455,106.02988,333.12,0.48,0.4,2025-04-18,0553,SNPP,SNPP,l,2,299.56,6.49,D,0
20.94515,106.03156,330.96,0.48,0.4,2025-04-18,0553,SNPP,SNPP,l,2,298.77,7.49,D,0
20.9774,105.80504,332.35,0.49,0.4,2025-04-18,0553,SNPP,SNPP,l,2,299.55,5.55,D,0
21.82598,105.13934,340.47,0.51,0.41,2025-04-18,0554,SNPP,SNPP,n,2,294.5,5.12,D,0
21.71355,105.52014,345.19,0.63,0.54,2025-04-19,0535,SNPP,SNPP,n,2,290.82,10.37,D,0
21.8639,105.91846,331.6,0.59,0.53,2025-04-19,0535,SNPP,SNPP,n,2,287.36,11.08,D,0
21.92065,105.29907,342.54,0.32,0.55,2025-04-19,0535,SNPP,SNPP,n,2,293.19,4.06,D,0
21.49364,104.99557,347.72,0.67,0.74,2025-04-20,0516,SNPP,SNPP,n,2,287.18,10.65,D,0
21.49212,104.99696,346.24,0.67,0.74,2025-04-20,0516,SNPP,SNPP,n,2,287.64,8.93,D,0
21.13819,106.58923,338.76,0.55,0.68,2025-04-20,0516,SNPP,SNPP,n,2,282.03,6.14,D,0
21.72657,105.66923,346.84,0.51,0.66,2025-04-20,0656,SNPP,SNPP,n,2,286.7,8.67,D,0
21.72607,105.66317,349.76,0.51,0.66,2025-04-20,0656,SNPP,SNPP,n,2,287.74,8.67,D,0
20.40966,105.71068,334.04,0.5,0.66,2025-04-20,0656,SNPP,SNPP,n,2,290.38,3.48,D,0
21.53101,106.73737,336.51,0.6,0.7,2025-04-20,0656,SNPP,SNPP,n,2,286.74,14.61,D,0
21.53057,106.7319,357.35,0.6,0.7,2025-04-20,0656,SNPP,SNPP,l,2,288.63,14.61,D,0
21.53584,106.73259,348.46,0.6,0.7,2025-04-20,0656,SNPP,SNPP,n,2,286.78,10.32,D,0
21.92764,105.56541,330.24,0.51,0.66,2025-04-20,0657,SNPP,SNPP,n,2,289.12,2.92,D,0
20.40125,105.90017,305.14,0.57,0.69,2025-04-20,1745,SNPP,SNPP,n,2,286.48,2.22,N,2
20.40098,105.90025,300.87,0.57,0.69,2025-04-20,1925,SNPP,SNPP,n,2,285.65,1.54,N,2
20.67219,105.40102,335.32,0.48,0.48,2025-04-21,0637,SNPP,SNPP,n,2,296,3.32,D,0
20.8837,105.38337,344.86,0.48,0.48,2025-04-21,0637,SNPP,SNPP,n,2,294.12,7.27,D,0
20.27008,105.42381,341.75,0.47,0.48,2025-04-21,0637,SNPP,SNPP,n,2,297.18,18.16,D,0
20.86413,106.15458,301.69,0.58,0.52,2025-04-21,1907,SNPP,SNPP,n,2,279.53,0.61,N,0
20.10868,105.81851,332.19,0.42,0.38,2025-04-22,0618,SNPP,SNPP,n,2,301.74,0.98,D,0
20.14159,105.76044,347.76,0.42,0.38,2025-04-22,0618,SNPP,SNPP,n,2,300.78,7.59,D,0
21.21345,106.51602,336.28,0.46,0.39,2025-04-22,0619,SNPP,SNPP,n,2,299.31,8.16,D,0
21.37715,106.4399,335.63,0.45,0.39,2025-04-22,0619,SNPP,SNPP,n,2,298.96,3.59,D,0
21.47669,106.65649,332.83,0.47,0.39,2025-04-22,0619,SNPP,SNPP,n,2,299.66,3.37,D,0
21.49149,106.31322,330.36,0.45,0.39,2025-04-22,0619,SNPP,SNPP,n,2,296.63,1.41,D,0
21.5821,106.61006,338.95,0.46,0.39,2025-04-22,0619,SNPP,SNPP,n,2,299.03,4.46,D,0
21.66956,106.6846,345.54,0.47,0.4,2025-04-22,0619,SNPP,SNPP,n,2,299.83,7.58,D,0
21.78348,106.34033,331.05,0.45,0.39,2025-04-22,0619,SNPP,SNPP,n,2,294.26,1.25,D,0
21.88351,105.94003,336.25,0.44,0.38,2025-04-22,0619,SNPP,SNPP,n,2,291.88,3.8,D,0
21.26656,105.54697,306.06,0.43,0.38,2025-04-22,1848,SNPP,SNPP,n,2,294.18,0.73,N,0
20.44081,105.89129,317.34,0.46,0.39,2025-04-22,1848,SNPP,SNPP,n,2,290.17,2.93,N,0
20.14285,105.42261,335.64,0.44,0.39,2025-04-23,0600,SNPP,SNPP,n,2,301.22,1.96,D,0
20.14639,105.42206,330.21,0.44,0.39,2025-04-23,0600,SNPP,SNPP,n,2,300,1.96,D,0
20.18273,105.55294,338.9,0.44,0.38,2025-04-23,0600,SNPP,SNPP,n,2,304.23,4.96,D,0
20.18332,105.5543,336.65,0.44,0.38,2025-04-23,0600,SNPP,SNPP,n,2,302.57,5.46,D,0
20.50651,105.60578,339.25,0.43,0.38,2025-04-23,0600,SNPP,SNPP,n,2,299.25,4.21,D,0
21.01884,106.53155,336.37,0.4,0.37,2025-04-23,0600,SNPP,SNPP,l,2,301.42,5.5,D,2
20.86526,105.41271,348.06,0.44,0.38,2025-04-23,0600,SNPP,SNPP,n,2,296.87,7.98,D,0
21.2037,106.66317,330.43,0.4,0.37,2025-04-23,0600,SNPP,SNPP,l,2,298.74,2.48,D,0
21.22401,106.41595,346.81,0.4,0.37,2025-04-23,0600,SNPP,SNPP,n,2,303.39,14.64,D,0
21.25232,106.46202,333.37,0.4,0.37,2025-04-23,0600,SNPP,SNPP,l,2,299.42,3.22,D,0
21.16471,105.21523,334.8,0.44,0.38,2025-04-23,0600,SNPP,SNPP,l,2,298.27,9,D,0
21.29011,105.72987,338.6,0.42,0.38,2025-04-23,0600,SNPP,SNPP,n,2,299.95,5.8,D,0
21.15313,104.85445,335.65,0.45,0.39,2025-04-23,0600,SNPP,SNPP,l,2,299.41,6.25,D,0
21.15676,104.85413,336.08,0.45,0.39,2025-04-23,0600,SNPP,SNPP,l,2,297.89,6.25,D,0
21.63074,106.75002,335.67,0.39,0.36,2025-04-23,0600,SNPP,SNPP,n,2,298.96,4.03,D,0
21.55639,106.20256,332.79,0.41,0.37,2025-04-23,0600,SNPP,SNPP,l,2,298.47,1.05,D,0
21.55977,106.2019,333.65,0.41,0.37,2025-04-23,0600,SNPP,SNPP,l,2,298.29,2.04,D,0
21.58075,106.13755,334.97,0.41,0.37,2025-04-23,0600,SNPP,SNPP,n,2,299.28,2.95,D,0
21.58118,106.13754,342.43,0.41,0.37,2025-04-23,0600,SNPP,SNPP,n,2,299.71,6.1,D,0
21.66259,106.61457,338.37,0.4,0.37,2025-04-23,0600,SNPP,SNPP,n,2,296.74,2.09,D,0
21.72532,106.66184,336.33,0.39,0.37,2025-04-23,0600,SNPP,SNPP,l,2,301.11,9.03,D,0
21.65669,106.10795,330.37,0.41,0.37,2025-04-23,0600,SNPP,SNPP,l,2,298.06,4.97,D,0
21.71353,105.66473,335.68,0.42,0.38,2025-04-23,0600,SNPP,SNPP,n,2,298,2.82,D,0
21.71642,105.63927,337.01,0.42,0.38,2025-04-23,0600,SNPP,SNPP,n,2,298.6,3.65,D,0
21.71885,105.63935,336.49,0.42,0.38,2025-04-23,0600,SNPP,SNPP,n,2,299.75,5.76,D,0
21.63527,104.97945,334.07,0.44,0.39,2025-04-23,0600,SNPP,SNPP,n,2,295.07,3.99,D,0
21.85092,106.03233,330.39,0.41,0.37,2025-04-23,0600,SNPP,SNPP,l,2,299.33,6.23,D,0
21.01892,106.53014,303.87,0.39,0.36,2025-04-23,1829,SNPP,SNPP,n,2,289.2,0.84,N,2
21.0169,106.53059,308.05,0.39,0.36,2025-04-23,1829,SNPP,SNPP,n,2,288.91,1.16,N,2
20.40033,105.90324,311.41,0.4,0.37,2025-04-23,1829,SNPP,SNPP,n,2,289.73,1.68,N,2
20.13745,105.19144,340.57,0.56,0.51,2025-04-24,0541,SNPP,SNPP,n,2,296.14,14.47,D,0
20.10126,104.86137,340.6,0.59,0.53,2025-04-24,0541,SNPP,SNPP,n,2,298.87,7,D,0
21.19204,106.55621,330.03,0.55,0.43,2025-04-27,0625,SNPP,SNPP,n,2,291.89,2.86,D,0
20.40247,105.89991,302.61,0.71,0.75,2025-05-01,1739,SNPP,SNPP,n,2,284.88,1.39,N,2
20.40473,105.90099,300.74,0.71,0.75,2025-05-01,1739,SNPP,SNPP,n,2,284.28,0.85,N,2
20.39767,105.90047,300.72,0.71,0.75,2025-05-01,1739,SNPP,SNPP,n,2,284.43,0.92,N,2
21.01859,106.53139,303.08,0.49,0.48,2025-05-02,1901,SNPP,SNPP,n,2,290.66,1.03,N,2
20.13868,105.21571,345.57,0.38,0.36,2025-05-03,0612,SNPP,SNPP,n,2,293.2,7.96,D,0
20.15509,105.12286,334.99,0.38,0.36,2025-05-03,0612,SNPP,SNPP,n,2,296.64,5.31,D,0
21.73169,106.1187,334.58,0.4,0.37,2025-05-03,0613,SNPP,SNPP,n,2,294,3.67,D,0
21.8159,106.03457,333.83,0.4,0.37,2025-05-03,0613,SNPP,SNPP,n,2,296.76,6.66,D,0
21.81535,106.03077,335.96,0.4,0.37,2025-05-03,0613,SNPP,SNPP,n,2,292.6,4.54,D,0
20.53118,105.66868,342.64,0.5,0.41,2025-05-04,0554,SNPP,SNPP,n,2,295.05,6.82,D,0
20.11248,105.60511,332.09,0.51,0.41,2025-05-04,0554,SNPP,SNPP,n,2,300.65,7.69,D,0
20.20021,105.68301,333.08,0.51,0.41,2025-05-04,0554,SNPP,SNPP,n,2,297.25,7.09,D,0
20.24621,105.6372,331.99,0.51,0.41,2025-05-04,0554,SNPP,SNPP,n,2,296.24,4.78,D,0
20.41308,105.59109,346.64,0.51,0.41,2025-05-04,0554,SNPP,SNPP,n,2,296.2,4.13,D,0
20.41683,105.5903,332.57,0.51,0.41,2025-05-04,0554,SNPP,SNPP,n,2,295.61,4.13,D,0
20.4131,105.5929,336.12,0.51,0.41,2025-05-04,0554,SNPP,SNPP,n,2,296.9,6.18,D,0
20.41685,105.59216,343.25,0.51,0.41,2025-05-04,0554,SNPP,SNPP,n,2,296.16,6.18,D,0
21.01723,106.53347,330.93,0.45,0.39,2025-05-04,0554,SNPP,SNPP,l,2,297.43,7.84,D,2
21.01852,106.52956,339.99,0.45,0.39,2025-05-04,0554,SNPP,SNPP,n,2,298.93,8.13,D,2
21.22577,106.15165,331.56,0.47,0.39,2025-05-04,0554,SNPP,SNPP,l,2,296.33,4.42,D,0
21.25228,106.1323,330.04,0.47,0.39,2025-05-04,0554,SNPP,SNPP,l,2,298.15,5.84,D,0
21.33207,105.83282,333.73,0.48,0.4,2025-05-04,0554,SNPP,SNPP,l,2,301.48,7.32,D,0
21.77717,106.79131,332.95,0.43,0.38,2025-05-04,0554,SNPP,SNPP,n,2,294.96,3.53,D,0
21.29875,105.36466,329.78,0.48,0.4,2025-05-04,1823,SNPP,SNPP,n,2,292.46,3.78,N,3
20.40134,105.90243,296.46,0.45,0.39,2025-05-04,1823,SNPP,SNPP,n,2,270.93,0.8,N,2
20.39777,105.90189,301.51,0.45,0.39,2025-05-04,1823,SNPP,SNPP,n,2,273.55,0.8,N,2
20.40305,105.90016,295.51,0.45,0.39,2025-05-04,1823,SNPP,SNPP,n,2,269.05,0.89,N,2
20.39887,105.90385,304.72,0.45,0.39,2025-05-04,1823,SNPP,SNPP,n,2,274.9,0.86,N,2
21.48631,106.46091,338.93,0.55,0.51,2025-05-05,0535,SNPP,SNPP,n,2,293.48,4.14,D,0
21.53891,106.13174,336.71,0.57,0.52,2025-05-05,0535,SNPP,SNPP,n,2,296.62,6.53,D,0
21.62633,105.39491,339.69,0.32,0.54,2025-05-05,0535,SNPP,SNPP,n,2,295.95,2.83,D,0
21.63084,105.39489,332.29,0.32,0.54,2025-05-05,0535,SNPP,SNPP,n,2,294.7,6.26,D,0
21.34823,106.58829,333.08,0.59,0.7,2025-05-06,0657,SNPP,SNPP,n,2,279.54,5.86,D,0
20.13683,105.46661,348.7,0.48,0.48,2025-05-07,0638,SNPP,SNPP,n,2,290.92,7.46,D,0
20.48931,105.58678,343.22,0.49,0.49,2025-05-07,0638,SNPP,SNPP,n,2,294.51,9.97,D,0
20.49176,105.58904,339.58,0.49,0.49,2025-05-07,0638,SNPP,SNPP,n,2,293.83,7.1,D,0
20.49124,105.58424,333.57,0.49,0.49,2025-05-07,0638,SNPP,SNPP,n,2,292.86,4.19,D,0
21.0172,106.52999,299.98,0.48,0.4,2025-05-08,1848,SNPP,SNPP,n,2,274.4,1.26,N,2
20.40072,105.90209,306.57,0.46,0.39,2025-05-08,1848,SNPP,SNPP,n,2,281.78,1.44,N,2
20.12662,105.07612,338.72,0.46,0.39,2025-05-09,0600,SNPP,SNPP,n,2,299.65,12.67,D,0
20.12792,105.07201,335.79,0.46,0.39,2025-05-09,0600,SNPP,SNPP,l,2,297.82,4.81,D,0
21.51584,106.0655,344.92,0.41,0.37,2025-05-09,0600,SNPP,SNPP,n,2,301.24,11.38,D,0
21.60082,106.15861,333.69,0.41,0.37,2025-05-09,0600,SNPP,SNPP,l,2,299.71,3.41,D,0
21.74088,106.09235,333.28,0.41,0.37,2025-05-09,0600,SNPP,SNPP,n,2,300.79,3.76,D,0
21.82632,105.80136,332.29,0.41,0.37,2025-05-09,0600,SNPP,SNPP,n,2,304.31,43.4,D,0
21.08023,105.86563,298.85,0.46,0.63,2025-05-11,1752,SNPP,SNPP,n,2,285.92,0.8,N,0
21.01995,106.53103,303.8,0.41,0.61,2025-05-11,1752,SNPP,SNPP,n,2,287.99,1.36,N,2
21.01392,106.53445,300.31,0.41,0.61,2025-05-11,1752,SNPP,SNPP,n,2,287.83,1.46,N,2
21.01736,106.52804,300.8,0.41,0.61,2025-05-11,1752,SNPP,SNPP,n,2,287.07,1.03,N,2
21.01696,106.53209,301.71,0.41,0.61,2025-05-11,1752,SNPP,SNPP,n,2,287.42,1.03,N,2
21.48748,105.70597,338.03,0.32,0.55,2025-05-12,0644,SNPP,SNPP,n,2,296.32,2.61,D,0
21.48713,105.7027,337.42,0.32,0.55,2025-05-12,0644,SNPP,SNPP,n,2,295.31,2.61,D,0
21.71971,106.7984,332.23,0.38,0.59,2025-05-12,0644,SNPP,SNPP,n,2,297.3,2.18,D,0
21.72038,106.79806,330.44,0.38,0.59,2025-05-12,0644,SNPP,SNPP,n,2,296.61,2.71,D,0
21.62551,105.687,367,0.32,0.55,2025-05-12,0644,SNPP,SNPP,h,2,299.53,3.58,D,0
21.90648,105.70474,341.65,0.33,0.55,2025-05-12,0644,SNPP,SNPP,n,2,297.04,11.41,D,0
21.90615,105.70155,353.96,0.33,0.55,2025-05-12,0644,SNPP,SNPP,n,2,303.22,11.41,D,0
21.21264,105.93549,302,0.35,0.57,2025-05-12,1913,SNPP,SNPP,n,2,288.34,0.29,N,0
21.02174,106.52898,303.02,0.38,0.59,2025-05-12,1913,SNPP,SNPP,n,2,288.6,1.52,N,0
21.01637,106.52763,314.05,0.38,0.59,2025-05-12,1913,SNPP,SNPP,n,2,288.35,1.52,N,2
21.01391,106.53866,302.32,0.38,0.59,2025-05-12,1913,SNPP,SNPP,n,2,289.19,1.49,N,2
21.01538,106.52858,318.39,0.38,0.59,2025-05-12,1913,SNPP,SNPP,n,2,288.52,1.61,N,2
21.01299,106.53966,306.7,0.39,0.59,2025-05-12,1913,SNPP,SNPP,n,2,289.51,1.5,N,2
20.47957,105.88139,301.91,0.36,0.57,2025-05-12,1913,SNPP,SNPP,n,2,288.71,0.54,N,0
20.39814,105.90167,310.54,0.36,0.57,2025-05-12,1913,SNPP,SNPP,n,2,289.29,0.81,N,2
20.34153,105.91391,304.42,0.36,0.58,2025-05-12,1913,SNPP,SNPP,n,2,288.57,0.86,N,0
20.33001,105.28183,337.1,0.47,0.39,2025-05-13,0625,SNPP,SNPP,n,2,299.13,11.75,D,0
20.47675,105.54318,331.29,0.48,0.4,2025-05-13,0625,SNPP,SNPP,n,2,297.6,4.15,D,0
20.74872,105.30224,331.11,0.47,0.4,2025-05-13,0625,SNPP,SNPP,n,2,296.78,2.42,D,0
20.87121,105.38387,334.19,0.48,0.4,2025-05-13,0625,SNPP,SNPP,n,2,295.8,1.83,D,0
20.93406,104.91393,335.29,0.45,0.39,2025-05-13,0625,SNPP,SNPP,n,2,298.05,5.15,D,0
20.98614,104.90705,333.94,0.46,0.39,2025-05-13,0625,SNPP,SNPP,n,2,298.38,3.91,D,0
21.04874,105.23953,346.73,0.47,0.4,2025-05-13,0625,SNPP,SNPP,n,2,297.65,5.82,D,0
21.53092,106.17335,336.43,0.53,0.42,2025-05-13,0625,SNPP,SNPP,n,2,297.73,8.21,D,0
21.53184,106.1705,332.08,0.53,0.42,2025-05-13,0625,SNPP,SNPP,n,2,296.09,2.51,D,0
21.82504,106.13807,336.05,0.53,0.42,2025-05-13,0625,SNPP,SNPP,n,2,297.47,6.41,D,0
21.71854,105.16852,339.65,0.48,0.4,2025-05-13,0625,SNPP,SNPP,n,2,298.25,7.2,D,0
21.7222,105.16788,336.52,0.48,0.4,2025-05-13,0625,SNPP,SNPP,n,2,295.01,7.2,D,0
21.85159,106.09903,337.43,0.53,0.42,2025-05-13,0625,SNPP,SNPP,n,2,298.38,7.17,D,0
21.84442,106.04316,343.49,0.53,0.42,2025-05-13,0625,SNPP,SNPP,n,2,299.95,10.91,D,0
21.85204,106.04152,333.16,0.53,0.42,2025-05-13,0625,SNPP,SNPP,n,2,298.68,7.95,D,0
21.85211,106.09623,332.58,0.53,0.42,2025-05-13,0626,SNPP,SNPP,n,2,297.97,5.94,D,0
21.8459,106.04538,334.19,0.53,0.42,2025-05-13,0626,SNPP,SNPP,n,2,300.49,9.78,D,0
21.85286,106.03819,352.13,0.53,0.42,2025-05-13,0626,SNPP,SNPP,n,2,299.39,18.65,D,0
21.86927,105.55604,334.16,0.5,0.41,2025-05-13,0626,SNPP,SNPP,n,2,297.01,3.63,D,0
21.56158,105.66759,319.63,0.52,0.41,2025-05-13,1854,SNPP,SNPP,n,2,289.16,2.79,N,0
21.16644,105.91767,308.68,0.38,0.36,2025-05-14,1836,SNPP,SNPP,n,2,288.46,0.72,N,0
20.96894,105.86014,299.2,0.38,0.36,2025-05-14,1836,SNPP,SNPP,n,2,281.68,0.45,N,0
21.90608,105.40262,331.03,0.5,0.66,2025-05-22,0657,SNPP,SNPP,n,2,282.73,3.22,D,0
21.67079,106.05941,330.47,0.34,0.56,2025-05-28,0645,SNPP,SNPP,n,2,288.29,2.27,D,0
21.24873,106.18278,336.92,0.56,0.43,2025-05-31,0548,SNPP,SNPP,n,2,293.03,8.13,D,0
21.01765,106.52733,304.23,0.5,0.41,2025-05-31,1817,SNPP,SNPP,n,2,275.74,0.96,N,2
20.40491,105.89995,305.44,0.53,0.42,2025-05-31,1817,SNPP,SNPP,n,2,285.25,1.75,N,2
20.12234,105.1518,355.04,0.44,0.63,2025-06-01,0529,SNPP,SNPP,n,2,278.21,9.21,D,0
20.17142,105.23781,348.52,0.44,0.62,2025-06-01,0529,SNPP,SNPP,n,2,290.68,6.57,D,0
21.41913,106.78514,336.07,0.33,0.55,2025-06-01,0529,SNPP,SNPP,n,2,292.1,3.11,D,0
21.48199,105.87025,309.39,0.36,0.58,2025-06-01,1758,SNPP,SNPP,n,2,290.01,2.51,N,0
21.01785,106.52905,311.78,0.32,0.55,2025-06-01,1758,SNPP,SNPP,n,2,289.54,1.31,N,2
20.45432,105.88608,310.16,0.35,0.57,2025-06-01,1758,SNPP,SNPP,n,2,291.51,0.91,N,0
20.40472,105.9006,314.46,0.35,0.57,2025-06-01,1758,SNPP,SNPP,n,2,291.7,0.99,N,2
20.39944,105.90002,307.99,0.35,0.57,2025-06-01,1758,SNPP,SNPP,n,2,291.24,0.99,N,2
20.29251,105.74735,335.21,0.36,0.57,2025-06-01,1758,SNPP,SNPP,n,2,291.08,4.8,N,0
20.29217,105.75083,345.63,0.36,0.57,2025-06-01,1758,SNPP,SNPP,n,2,291.55,4.8,N,0
20.29443,105.7485,367,0.36,0.57,2025-06-01,1758,SNPP,SNPP,h,2,292.05,4.88,N,0
20.29406,105.75198,315.73,0.36,0.57,2025-06-01,1758,SNPP,SNPP,n,2,291.12,4.88,N,0
20.17655,105.78842,328.82,0.4,0.6,2025-06-02,0651,SNPP,SNPP,n,2,276.58,3.05,D,0
20.18117,104.87679,331.61,0.35,0.57,2025-06-02,0651,SNPP,SNPP,n,2,278.7,2.69,D,0
20.39614,104.96171,335.9,0.36,0.57,2025-06-02,0651,SNPP,SNPP,n,2,277.52,3.94,D,0
20.80761,105.52936,339.98,0.39,0.6,2025-06-02,0651,SNPP,SNPP,n,2,270.82,8.44,D,0
20.81446,105.13289,338.12,0.37,0.58,2025-06-02,0651,SNPP,SNPP,n,2,272,4.95,D,0
20.81414,105.1296,349.25,0.37,0.58,2025-06-02,0651,SNPP,SNPP,n,2,272.96,4.95,D,0
20.82135,105.14783,332.22,0.37,0.58,2025-06-02,0651,SNPP,SNPP,n,2,271.13,5.59,D,0
20.82106,105.14481,340.61,0.37,0.58,2025-06-02,0651,SNPP,SNPP,n,2,272,5.38,D,0
20.9955,104.90974,330.2,0.36,0.57,2025-06-02,0651,SNPP,SNPP,n,2,280.93,3.67,D,0
20.99382,104.90949,331.58,0.36,0.57,2025-06-02,0651,SNPP,SNPP,n,2,281.27,2.16,D,0
21.0074,104.99517,329.14,0.37,0.58,2025-06-02,0651,SNPP,SNPP,n,2,273.59,3.23,D,0
21.65534,105.32621,331.86,0.39,0.59,2025-06-02,0651,SNPP,SNPP,n,2,278.36,12.53,D,0
21.65502,105.32289,357.07,0.39,0.59,2025-06-02,0651,SNPP,SNPP,l,2,279.32,13.42,D,0
21.65524,105.32616,331.69,0.39,0.59,2025-06-02,0651,SNPP,SNPP,n,2,278.19,10.86,D,0
21.65494,105.32281,356.45,0.39,0.59,2025-06-02,0651,SNPP,SNPP,l,2,279.25,12.43,D,0
20.39771,104.95819,344.19,0.54,0.42,2025-06-03,0632,SNPP,SNPP,n,2,285.58,69.38,D,0
21.72868,105.23717,330.3,0.51,0.41,2025-06-05,0554,SNPP,SNPP,n,2,292.46,2.34,D,0
21.3042,106.19878,307.64,0.44,0.39,2025-06-05,1823,SNPP,SNPP,n,2,291.4,2.36,N,0
21.0399,106.58765,307.11,0.43,0.38,2025-06-05,1823,SNPP,SNPP,n,2,292.2,2.64,N,0
20.39964,105.90198,307.61,0.45,0.39,2025-06-05,1824,SNPP,SNPP,n,2,289.48,1.8,N,2
20.34882,105.91345,308.27,0.45,0.39,2025-06-05,1824,SNPP,SNPP,n,2,290.76,2.23,N,0
21.01719,106.52926,307.3,0.51,0.5,2025-06-06,1805,SNPP,SNPP,n,2,290.13,3.01,N,2
20.43131,105.07344,338.16,0.46,0.64,2025-06-07,0657,SNPP,SNPP,n,2,289.58,4.11,D,0
20.42872,105.07327,338.48,0.46,0.64,2025-06-07,0657,SNPP,SNPP,n,2,289.44,3.78,D,0
21.9385,106.24643,336.5,0.56,0.52,2025-06-08,0638,SNPP,SNPP,n,2,277.33,6.95,D,0
20.40143,105.89976,302.96,0.57,0.52,2025-06-08,1908,SNPP,SNPP,n,2,284.03,1.52,N,2
21.79481,105.60865,334.42,0.43,0.38,2025-06-09,0620,SNPP,SNPP,n,2,291.1,3.23,D,0
20.52948,105.86733,303.44,0.4,0.37,2025-06-10,1830,SNPP,SNPP,n,2,284.91,0.67,N,2
20.40376,105.99927,330.23,0.49,0.48,2025-06-11,0542,SNPP,SNPP,n,2,290.24,3.83,D,0
20.40253,106.00088,330.35,0.49,0.48,2025-06-11,0542,SNPP,SNPP,n,2,290.31,3.86,D,0
21.01577,106.52863,299.01,0.41,0.61,2025-06-12,1752,SNPP,SNPP,n,2,273.69,1.85,N,2
21.71407,106.04047,349.28,0.34,0.56,2025-06-13,0645,SNPP,SNPP,n,2,271.78,6.03,D,0
21.71395,106.03894,356.87,0.34,0.56,2025-06-13,0645,SNPP,SNPP,n,2,272.78,8.13,D,0
20.16824,105.47115,333.79,0.47,0.4,2025-06-14,0625,SNPP,SNPP,n,2,291.77,5.15,D,0
20.16736,105.46813,332.49,0.47,0.4,2025-06-14,0625,SNPP,SNPP,n,2,291.08,4.13,D,0
21.06562,106.69164,339.84,0.56,0.43,2025-06-14,0626,SNPP,SNPP,n,2,288.18,10.48,D,0
21.06406,106.69471,330.98,0.56,0.43,2025-06-14,0626,SNPP,SNPP,n,2,287.86,6.87,D,0
21.06344,106.68951,333.94,0.56,0.43,2025-06-14,0626,SNPP,SNPP,n,2,288.19,6.16,D,0
21.54361,105.1585,332.03,0.47,0.4,2025-06-14,0626,SNPP,SNPP,n,2,296.27,1.27,D,0
20.82274,105.3485,333.71,0.39,0.36,2025-06-15,0607,SNPP,SNPP,l,2,301.7,6.08,D,0
21.02049,106.53157,331.13,0.38,0.36,2025-06-15,0607,SNPP,SNPP,n,2,294.82,2.39,D,2
21.70403,106.31313,332.14,0.38,0.36,2025-06-15,0607,SNPP,SNPP,n,2,294.28,1.83,D,0
21.72616,105.44789,336.38,0.39,0.36,2025-06-15,0607,SNPP,SNPP,n,2,296.86,12.34,D,0
20.34793,105.91409,298.11,0.45,0.39,2025-06-21,1824,SNPP,SNPP,n,2,279.48,0.22,N,0
21.02048,106.5287,299.73,0.52,0.67,2025-06-23,1746,SNPP,SNPP,n,2,282.44,1.42,N,2
21.14676,105.88172,299.33,0.55,0.51,2025-06-24,1907,SNPP,SNPP,n,2,273.59,0.88,N,0
20.40014,105.90092,305.56,0.57,0.52,2025-06-24,1908,SNPP,SNPP,n,2,291.42,3.78,N,2
20.30833,106.37136,331.58,0.44,0.39,2025-06-25,0619,SNPP,SNPP,n,2,296.41,2.29,D,0
20.31305,106.3793,330.32,0.44,0.39,2025-06-25,0619,SNPP,SNPP,n,2,295.17,1.92,D,0
20.49615,106.48852,333.4,0.45,0.39,2025-06-25,0619,SNPP,SNPP,n,2,295.02,3.05,D,0
20.91136,105.24043,339.95,0.41,0.37,2025-06-25,0619,SNPP,SNPP,n,2,294.25,4.87,D,0
20.91478,105.23988,344.19,0.41,0.37,2025-06-25,0619,SNPP,SNPP,n,2,293.9,4.87,D,0
21.04963,106.0717,338.61,0.44,0.38,2025-06-25,0620,SNPP,SNPP,n,2,294.39,2.49,D,0
21.04906,106.06749,339.7,0.44,0.38,2025-06-25,0620,SNPP,SNPP,n,2,294.58,2.49,D,0
21.05827,106.10914,332.09,0.44,0.38,2025-06-25,0620,SNPP,SNPP,n,2,300.23,3.56,D,0
21.06123,106.10437,330.35,0.44,0.38,2025-06-25,0620,SNPP,SNPP,l,2,300.89,2.14,D,0
21.09173,105.67599,330.37,0.42,0.38,2025-06-25,0620,SNPP,SNPP,l,2,300.7,4.48,D,0
21.24782,106.18055,331.62,0.44,0.39,2025-06-25,0620,SNPP,SNPP,l,2,303.03,7.11,D,0
21.01797,106.53055,321.83,0.48,0.4,2025-06-25,1849,SNPP,SNPP,n,2,294.72,3.36,N,2
21.00896,106.53828,307.55,0.48,0.4,2025-06-25,1849,SNPP,SNPP,n,2,292.79,3.34,N,2
21.09053,105.87568,310.03,0.45,0.39,2025-06-25,1849,SNPP,SNPP,n,2,292.29,0.75,N,0
21.086,105.67752,306.4,0.44,0.39,2025-06-25,1849,SNPP,SNPP,n,2,292.25,2.51,N,0
20.39805,105.9024,307.08,0.46,0.39,2025-06-25,1849,SNPP,SNPP,n,2,293.23,3.24,N,2
20.14469,105.0659,346.6,0.46,0.39,2025-06-26,0600,SNPP,SNPP,n,2,294.01,13.43,D,0
20.14827,105.0652,345.02,0.46,0.39,2025-06-26,0600,SNPP,SNPP,n,2,294.85,13.43,D,0
21.01588,106.52837,313.67,0.41,0.45,2025-06-27,1811,SNPP,SNPP,n,2,282.45,2.3,N,2
21.01488,106.53636,301.89,0.41,0.45,2025-06-27,1811,SNPP,SNPP,n,2,281.61,1.02,N,2
21.02058,106.52988,303.89,0.39,0.36,2025-07-01,1836,SNPP,SNPP,n,2,283.55,1.64,N,2
21.01727,106.52927,327.42,0.39,0.36,2025-07-01,1836,SNPP,SNPP,n,2,283.54,1.64,N,2
21.017,106.52762,296.23,0.51,0.41,2025-07-02,1817,SNPP,SNPP,n,2,262.47,0.68,N,2
21.09013,105.87621,308.87,0.55,0.43,2025-07-02,1817,SNPP,SNPP,n,2,285.99,0.95,N,0
21.6285,106.03928,350.92,0.43,0.46,2025-07-05,0632,SNPP,SNPP,n,2,294.42,11.87,D,0
21.92712,106.43793,333.02,0.4,0.37,2025-07-06,0614,SNPP,SNPP,n,2,292.72,2.75,D,0
20.46292,105.6814,333.54,0.5,0.41,2025-07-07,0554,SNPP,SNPP,n,2,291.89,5.5,D,0
20.4637,105.68326,339.85,0.5,0.41,2025-07-07,0554,SNPP,SNPP,n,2,291.65,5.5,D,0
20.53006,105.57606,332.4,0.51,0.41,2025-07-07,0554,SNPP,SNPP,n,2,290.53,5.27,D,0
21.07843,106.66086,332.26,0.45,0.39,2025-07-07,0554,SNPP,SNPP,l,2,295.21,9.67,D,0
21.08936,106.59664,334.05,0.45,0.39,2025-07-07,0554,SNPP,SNPP,l,2,304.79,133.33,D,0
21.08859,106.59219,339.83,0.45,0.39,2025-07-07,0554,SNPP,SNPP,l,2,296.65,63.02,D,0
21.09291,106.59599,348.11,0.45,0.39,2025-07-07,0554,SNPP,SNPP,n,2,293.06,34.46,D,0
21.09214,106.59153,344.27,0.45,0.39,2025-07-07,0554,SNPP,SNPP,l,2,291.92,19.7,D,0
21.19283,105.76933,330.03,0.49,0.4,2025-07-07,0555,SNPP,SNPP,n,2,298.64,8.16,D,0
21.27065,105.48628,337.97,0.5,0.41,2025-07-07,0555,SNPP,SNPP,n,2,297.73,6.87,D,0
21.3299,105.75888,343.07,0.49,0.4,2025-07-07,0555,SNPP,SNPP,n,2,293.92,5.14,D,0
21.65685,105.3218,331.31,0.5,0.41,2025-07-07,0555,SNPP,SNPP,n,2,295.52,4.12,D,0
21.72762,105.23878,330.08,0.51,0.41,2025-07-07,0555,SNPP,SNPP,n,2,296.92,1.84,D,0
21.90829,105.44109,337.81,0.63,0.54,2025-07-08,0536,SNPP,SNPP,n,2,286.75,5.42,D,0
21.90881,105.44055,334.82,0.63,0.54,2025-07-08,0536,SNPP,SNPP,n,2,286.67,12.4,D,0
20.4077,105.89959,307.54,0.56,0.51,2025-07-08,1805,SNPP,SNPP,n,2,289,3.97,N,2
20.40753,105.89835,309.72,0.56,0.51,2025-07-08,1805,SNPP,SNPP,n,2,288.99,1.45,N,2
20.87577,105.16906,331.19,0.47,0.64,2025-07-09,0657,SNPP,SNPP,n,2,285.16,3.31,D,0
20.87811,105.1692,329.93,0.47,0.64,2025-07-09,0657,SNPP,SNPP,n,2,285.27,3.07,D,0
20.40382,105.90115,299.69,0.44,0.46,2025-07-13,1811,SNPP,SNPP,n,2,268.36,0.54,N,2
20.39952,105.9006,298.91,0.44,0.46,2025-07-13,1811,SNPP,SNPP,n,2,269.76,0.54,N,2
21.01941,106.53032,301.77,0.38,0.59,2025-07-15,1914,SNPP,SNPP,n,2,269.39,0.37,N,2
21.01809,106.52961,340.35,0.39,0.44,2025-07-16,1855,SNPP,SNPP,n,2,294.35,5.67,N,2
20.99064,105.89904,312.54,0.54,0.42,2025-07-16,1855,SNPP,SNPP,n,2,293.46,1.05,N,2
20.40132,105.90041,310.33,0.55,0.43,2025-07-16,1855,SNPP,SNPP,n,2,292.32,1.77,N,2
20.94361,106.67717,335.29,0.38,0.36,2025-07-17,0607,SNPP,SNPP,n,2,298.17,2.69,D,0
21.01923,106.52837,334.58,0.38,0.36,2025-07-17,0607,SNPP,SNPP,n,2,302.49,3.03,D,2
21.23709,105.58006,331.47,0.39,0.36,2025-07-17,0607,SNPP,SNPP,l,2,302.39,5.56,D,0
21.23649,105.57632,332.2,0.39,0.36,2025-07-17,0607,SNPP,SNPP,l,2,302.19,4.35,D,0
21.27292,105.54668,330.8,0.39,0.36,2025-07-17,0607,SNPP,SNPP,l,2,300.8,3.9,D,0
21.56792,106.49208,308.87,0.39,0.36,2025-07-17,1836,SNPP,SNPP,n,2,294.15,0.91,N,0
21.01656,106.52688,317.83,0.39,0.36,2025-07-17,1836,SNPP,SNPP,n,2,291.96,1.19,N,2
21.01596,106.53058,316.87,0.39,0.36,2025-07-17,1836,SNPP,SNPP,n,2,292.43,1.71,N,2
20.53165,105.8672,308.82,0.38,0.36,2025-07-17,1836,SNPP,SNPP,n,2,292.93,0.85,N,2
20.48229,105.88165,307.77,0.38,0.36,2025-07-17,1836,SNPP,SNPP,n,2,292.76,0.74,N,0
20.40108,105.90146,314.23,0.38,0.36,2025-07-17,1836,SNPP,SNPP,n,2,292.03,1.52,N,2
20.34864,105.91093,309.01,0.38,0.36,2025-07-17,1836,SNPP,SNPP,n,2,292.27,0.54,N,0
20.34146,105.91341,309.22,0.38,0.36,2025-07-17,1836,SNPP,SNPP,n,2,291.78,0.48,N,0
21.33481,105.83327,330.65,0.39,0.44,2025-07-18,0548,SNPP,SNPP,n,2,294.25,7.95,D,0
21.01696,106.52695,299.78,0.51,0.41,2025-07-18,1817,SNPP,SNPP,n,2,262.93,0.36,N,2
21.01631,106.53184,295.52,0.51,0.41,2025-07-18,1817,SNPP,SNPP,n,2,262.62,0.35,N,2
20.9864,105.84463,312,0.55,0.43,2025-07-18,1817,SNPP,SNPP,n,2,277.94,1.83,N,0
20.98572,105.84995,314.6,0.55,0.43,2025-07-18,1817,SNPP,SNPP,n,2,277.8,1.83,N,0
20.35569,106.10475,331.22,0.48,0.4,2025-07-23,0554,SNPP,SNPP,n,2,290.43,3.98,D,0
20.64993,105.92678,329.6,0.49,0.4,2025-07-23,0554,SNPP,SNPP,n,2,291.81,2.27,D,0
20.71085,106.42875,332.55,0.45,0.39,2025-07-27,0620,SNPP,SNPP,n,2,295.75,1.91,D,0
21.00865,106.54118,330.54,0.45,0.39,2025-07-27,0620,SNPP,SNPP,l,2,301.88,3.79,D,2
21.02253,105.6125,335.27,0.42,0.38,2025-07-27,0620,SNPP,SNPP,n,2,302.63,11.22,D,0
21.12776,106.01024,331.94,0.43,0.38,2025-07-27,0620,SNPP,SNPP,l,2,302.83,2.24,D,0
21.12775,106.01067,331.83,0.43,0.38,2025-07-27,0620,SNPP,SNPP,l,2,302.87,2.8,D,0
21.2482,106.18119,332.47,0.44,0.38,2025-07-27,0620,SNPP,SNPP,l,2,304.02,3.83,D,0
21.24019,105.96416,336.53,0.43,0.38,2025-07-27,0620,SNPP,SNPP,n,2,305.18,6.99,D,0
21.2437,105.96362,330.85,0.43,0.38,2025-07-27,0620,SNPP,SNPP,l,2,302.6,4.51,D,0
21.4388,105.89249,335.15,0.43,0.38,2025-07-27,0620,SNPP,SNPP,l,2,305.63,6.85,D,0
21.45984,105.88921,336.69,0.43,0.38,2025-07-27,0620,SNPP,SNPP,l,2,307.41,5.84,D,0
21.93567,105.12713,339.67,0.41,0.37,2025-07-27,0620,SNPP,SNPP,n,2,299.07,3.04,D,0
20.44059,105.89235,305.99,0.46,0.39,2025-07-27,1849,SNPP,SNPP,n,2,282.94,0.97,N,0
20.39824,105.90199,303.16,0.46,0.39,2025-07-27,1849,SNPP,SNPP,n,2,283.79,1.2,N,2
20.26044,105.97201,332.62,0.42,0.38,2025-07-28,0601,SNPP,SNPP,l,2,295.48,6.59,D,0
20.96521,105.72709,330.03,0.42,0.38,2025-07-28,0601,SNPP,SNPP,l,2,297.7,4.6,D,0
21.30686,105.41836,333.24,0.43,0.38,2025-07-28,0601,SNPP,SNPP,l,2,296.84,6.8,D,0
20.52953,105.86427,308.87,0.4,0.37,2025-07-28,1830,SNPP,SNPP,n,2,291.31,0.6,N,2
20.4022,105.89867,309.88,0.4,0.37,2025-07-28,1830,SNPP,SNPP,n,2,292.1,0.71,N,0
20.39827,105.90192,311.08,0.4,0.37,2025-07-28,1830,SNPP,SNPP,n,2,292.16,1.7,N,2
20.34824,105.91307,309.33,0.4,0.37,2025-07-28,1830,SNPP,SNPP,n,2,291.89,0.95,N,0
20.34149,105.91195,307.75,0.4,0.37,2025-07-28,1830,SNPP,SNPP,n,2,291.38,0.55,N,0
20.34052,105.91276,310.47,0.4,0.37,2025-07-28,1830,SNPP,SNPP,n,2,291.66,0.77,N,0
21.01854,106.52857,308.51,0.42,0.45,2025-07-29,1811,SNPP,SNPP,n,2,288.93,3.12,N,2
20.8069,106.77459,312.53,0.4,0.44,2025-07-29,1811,SNPP,SNPP,n,2,291.82,4.76,N,3
20.15156,105.13297,336.93,0.57,0.69,2025-07-30,0703,SNPP,SNPP,n,2,286.38,4.34,D,0
21.56039,105.8707,313.33,0.52,0.42,2025-08-01,1855,SNPP,SNPP,n,2,292.26,2.75,N,0
20.99087,105.89757,299.1,0.53,0.42,2025-08-01,1855,SNPP,SNPP,n,2,269.04,0.59,N,2
20.40078,105.9016,306.93,0.55,0.42,2025-08-01,1855,SNPP,SNPP,n,2,287.89,2.03,N,2
21.01014,106.5424,334.24,0.38,0.36,2025-08-02,0607,SNPP,SNPP,l,2,304.67,3.8,D,2
21.01564,106.53388,330.67,0.38,0.36,2025-08-02,0607,SNPP,SNPP,l,2,304.1,4.63,D,2
21.01839,106.52962,340.65,0.38,0.36,2025-08-02,0607,SNPP,SNPP,n,2,305.75,3.83,D,2
21.24538,106.554,331.98,0.38,0.36,2025-08-02,0607,SNPP,SNPP,n,2,297.63,2.22,D,0
20.99119,105.89995,307.61,0.38,0.36,2025-08-02,1836,SNPP,SNPP,n,2,290.53,2.77,N,0
20.3979,105.90248,312.22,0.38,0.36,2025-08-02,1836,SNPP,SNPP,n,2,281.37,1.2,N,2
20.34879,105.91254,304.49,0.38,0.36,2025-08-02,1836,SNPP,SNPP,n,2,281.15,1.15,N,0
20.9106,106.0866,331.74,0.39,0.44,2025-08-03,0548,SNPP,SNPP,n,2,297.46,3.83,D,0
21.17251,105.96161,345.73,0.39,0.44,2025-08-03,0548,SNPP,SNPP,n,2,295.84,5.2,D,0
21.2001,105.99826,330.55,0.39,0.44,2025-08-03,0548,SNPP,SNPP,n,2,299.28,5.06,D,0
21.3147,105.62833,330.28,0.4,0.45,2025-08-03,0548,SNPP,SNPP,n,2,297.29,4.15,D,0
21.31396,105.62442,331.29,0.4,0.45,2025-08-03,0548,SNPP,SNPP,n,2,297.72,4.15,D,0
21.48005,105.86193,330.3,0.39,0.44,2025-08-03,0548,SNPP,SNPP,n,2,297.63,4.04,D,0
21.01432,106.53692,309.39,0.51,0.41,2025-08-03,1817,SNPP,SNPP,n,2,293.15,2.64,N,2
20.40051,105.90258,306.61,0.54,0.42,2025-08-03,1818,SNPP,SNPP,n,2,285.06,2.92,N,2
20.40044,105.90099,307.35,0.54,0.42,2025-08-03,1818,SNPP,SNPP,n,2,284.93,3.33,N,2
20.52993,105.86652,307.46,0.4,0.37,2025-08-07,1843,SNPP,SNPP,n,2,292.48,1.73,N,2
20.45319,105.88451,308.52,0.4,0.37,2025-08-07,1843,SNPP,SNPP,n,2,293.35,1.6,N,0
20.39823,105.90182,315.06,0.4,0.37,2025-08-07,1843,SNPP,SNPP,n,2,293.3,2.44,N,2
20.21522,105.96719,336.6,0.5,0.41,2025-08-08,0554,SNPP,SNPP,n,2,298.83,4.09,D,0
20.3472,105.87695,331.44,0.5,0.41,2025-08-08,0554,SNPP,SNPP,l,2,301.56,3.41,D,0
20.47319,106.03883,330.54,0.49,0.4,2025-08-08,0554,SNPP,SNPP,n,2,299.27,3.91,D,0
21.26348,105.48847,332.02,0.51,0.41,2025-08-08,0555,SNPP,SNPP,n,2,294.81,3.8,D,0
21.26723,105.48771,338.33,0.51,0.41,2025-08-08,0555,SNPP,SNPP,n,2,295.88,3.85,D,0
21.27099,105.48695,333.62,0.51,0.41,2025-08-08,0555,SNPP,SNPP,n,2,295.05,3.85,D,0
21.30736,105.62448,330.81,0.5,0.41,2025-08-08,0555,SNPP,SNPP,n,2,299.54,11.15,D,0
21.31567,105.62778,335.38,0.5,0.41,2025-08-08,0555,SNPP,SNPP,n,2,298.91,8.22,D,0
21.21377,105.9365,306.71,0.46,0.39,2025-08-08,1824,SNPP,SNPP,n,2,290.4,2.49,N,0
21.02052,106.05142,308.7,0.45,0.39,2025-08-08,1824,SNPP,SNPP,n,2,291.3,3.29,N,0
20.98846,105.90019,305.88,0.46,0.39,2025-08-08,1824,SNPP,SNPP,n,2,291.19,2.76,N,0
20.39799,105.90239,311.85,0.45,0.39,2025-08-08,1824,SNPP,SNPP,n,2,292.27,1.76,N,2
20.23429,106.07798,309.7,0.44,0.39,2025-08-08,1824,SNPP,SNPP,n,2,291.04,0.85,N,3
20.62733,105.62597,336.79,0.33,0.55,2025-08-09,0536,SNPP,SNPP,n,2,291.44,2.58,D,0
20.63002,105.62486,338.81,0.33,0.55,2025-08-09,0536,SNPP,SNPP,n,2,291.23,2.72,D,0
20.52879,105.86424,307.06,0.57,0.52,2025-08-09,1805,SNPP,SNPP,n,2,290.28,5.66,N,2
20.39857,105.90074,310.63,0.57,0.52,2025-08-09,1805,SNPP,SNPP,n,2,290.65,6.43,N,2
21.0197,106.53001,304.82,0.59,0.7,2025-08-10,1926,SNPP,SNPP,n,2,280.69,2.6,N,2
21.02019,106.52996,305.47,0.59,0.7,2025-08-10,1926,SNPP,SNPP,n,2,281.4,2.06,N,2
21.0189,106.53254,298.82,0.6,0.53,2025-08-11,1908,SNPP,SNPP,n,2,275.09,1.7,N,2
20.92825,106.1908,331.64,0.44,0.38,2025-08-12,0620,SNPP,SNPP,n,2,295.89,3.95,D,0
21.16253,105.16624,336.74,0.41,0.37,2025-08-12,0620,SNPP,SNPP,n,2,294.53,3.33,D,0
21.62734,105.15266,342.02,0.41,0.37,2025-08-12,0620,SNPP,SNPP,n,2,295.77,7.75,D,0
21.6084,104.94784,337.77,0.4,0.37,2025-08-12,0620,SNPP,SNPP,n,2,296.85,3.27,D,0
21.60911,104.94782,335.57,0.4,0.37,2025-08-12,0620,SNPP,SNPP,n,2,295.99,3.23,D,0
21.02095,106.05257,312.41,0.45,0.39,2025-08-12,1849,SNPP,SNPP,n,2,287.67,2.94,N,0
20.99118,105.89748,309.92,0.45,0.39,2025-08-12,1849,SNPP,SNPP,n,2,288.97,1.62,N,2
20.39827,105.90274,311.24,0.45,0.39,2025-08-12,1849,SNPP,SNPP,n,2,292.18,3.09,N,2
20.40687,105.89969,309.56,0.4,0.37,2025-08-13,1830,SNPP,SNPP,n,2,287.89,1.68,N,2
20.39954,105.90239,314.39,0.4,0.37,2025-08-13,1830,SNPP,SNPP,n,2,288.56,2.32,N,2
21.48176,105.86803,301.59,0.47,0.64,2025-08-15,1752,SNPP,SNPP,n,2,280.62,0.74,N,0
20.34388,105.91209,300.68,0.35,0.57,2025-08-16,1914,SNPP,SNPP,n,2,281.7,1.92,N,0
20.34369,105.91245,302.91,0.35,0.57,2025-08-16,1914,SNPP,SNPP,n,2,281.73,2.09,N,0
21.03928,106.58849,306.54,0.48,0.48,2025-08-22,1901,SNPP,SNPP,n,2,288.69,3.01,N,0
21.01859,106.53157,307.07,0.47,0.48,2025-08-22,1901,SNPP,SNPP,n,2,290.41,3.44,N,2
21.01243,106.53964,304.16,0.48,0.48,2025-08-22,1901,SNPP,SNPP,n,2,289.62,2.59,N,2
20.34266,105.91306,305.34,0.45,0.47,2025-08-22,1902,SNPP,SNPP,n,2,289.67,1.96,N,0
20.40516,106.14726,333.54,0.39,0.36,2025-08-23,0613,SNPP,SNPP,n,2,295.72,3.86,D,0
21.24717,106.1803,332.83,0.39,0.36,2025-08-23,0613,SNPP,SNPP,l,2,303.56,6.86,D,0
21.80896,105.69335,332.26,0.39,0.36,2025-08-23,0614,SNPP,SNPP,n,2,293.6,1.68,D,0
20.77948,106.63026,314.51,0.42,0.37,2025-08-23,1843,SNPP,SNPP,n,2,289.33,2.16,N,0
20.45302,105.88487,296.64,0.4,0.37,2025-08-23,1843,SNPP,SNPP,n,2,277.97,0.48,N,0
20.40413,105.90005,304.75,0.4,0.37,2025-08-23,1843,SNPP,SNPP,n,2,287.62,2.12,N,2
21.26865,105.48872,329,0.51,0.41,2025-08-24,0555,SNPP,SNPP,n,2,293.74,4.83,D,0
21.34014,105.40816,330.46,0.51,0.41,2025-08-24,0555,SNPP,SNPP,n,2,294.93,2.64,D,0
21.33956,105.41039,332.75,0.51,0.41,2025-08-24,0555,SNPP,SNPP,n,2,294.44,3.24,D,0
21.46465,104.99696,337.22,0.54,0.42,2025-08-24,0555,SNPP,SNPP,n,2,295.32,12.13,D,0
21.89912,105.14865,335.18,0.52,0.41,2025-08-24,0555,SNPP,SNPP,n,2,294.32,3.85,D,0
21.01921,106.53171,311.25,0.6,0.53,2025-08-27,1908,SNPP,SNPP,n,2,288.32,1.54,N,2
21.33252,105.83551,332.94,0.43,0.38,2025-08-28,0620,SNPP,SNPP,l,2,304.74,5.11,D,0
21.33601,105.83497,330,0.43,0.38,2025-08-28,0620,SNPP,SNPP,l,2,302.72,5.11,D,0
21.04109,106.58858,305.13,0.48,0.4,2025-08-28,1849,SNPP,SNPP,n,2,287.78,1.18,N,0
21.56241,105.87076,295.46,0.41,0.37,2025-08-29,1830,SNPP,SNPP,n,2,273.87,0.66,N,0
21.01751,106.52957,309.31,0.42,0.45,2025-08-30,1811,SNPP,SNPP,n,2,287.73,1.24,N,2
21.00981,106.55737,303.79,0.42,0.45,2025-08-30,1811,SNPP,SNPP,n,2,285.38,0.44,N,0
21.00764,106.54057,303.51,0.42,0.45,2025-08-30,1811,SNPP,SNPP,n,2,286.08,0.65,N,2
21.03728,106.59,301.6,0.42,0.61,2025-08-31,1753,SNPP,SNPP,n,2,276.98,0.62,N,0
21.0199,106.52958,300.34,0.42,0.61,2025-08-31,1753,SNPP,SNPP,n,2,269.61,1.22,N,2
21.01773,106.53107,300.89,0.42,0.61,2025-08-31,1753,SNPP,SNPP,n,2,268.98,0.82,N,2
21.03902,106.58824,307.28,0.38,0.59,2025-09-01,1914,SNPP,SNPP,n,2,288.04,0.76,N,0
21.94794,105.00998,344.22,0.46,0.39,2025-09-02,0627,SNPP,SNPP,n,2,297.25,24.43,D,0
21.55973,105.86885,306.87,0.52,0.42,2025-09-02,1855,SNPP,SNPP,n,2,290.67,2.66,N,2
21.01743,106.53004,308.38,0.39,0.44,2025-09-02,1855,SNPP,SNPP,n,2,289.86,0.79,N,2
20.51092,105.87077,304.98,0.54,0.42,2025-09-02,1856,SNPP,SNPP,n,2,290.34,1.3,N,0
20.34151,105.91461,306.58,0.55,0.43,2025-09-02,1856,SNPP,SNPP,n,2,290.79,1.73,N,0
20.77126,105.90146,330.89,0.39,0.36,2025-09-03,0607,SNPP,SNPP,l,2,300.98,3.73,D,0
20.78354,105.91451,334.19,0.39,0.36,2025-09-03,0607,SNPP,SNPP,n,2,300.73,4.75,D,0
20.78744,105.91763,330.44,0.39,0.36,2025-09-03,0607,SNPP,SNPP,n,2,297.56,1.46,D,0
20.93425,106.20653,334.45,0.39,0.36,2025-09-03,0607,SNPP,SNPP,n,2,301.68,3.91,D,0
20.94896,106.16986,331.42,0.39,0.36,2025-09-03,0607,SNPP,SNPP,n,2,299.74,4.1,D,0
20.90051,105.85919,331.25,0.39,0.36,2025-09-03,0607,SNPP,SNPP,n,2,299.98,5.13,D,0
21.00946,106.54111,339.79,0.38,0.36,2025-09-03,0607,SNPP,SNPP,n,2,302.34,4.93,D,2
21.01277,106.54054,330.99,0.38,0.36,2025-09-03,0607,SNPP,SNPP,l,2,302.37,6.81,D,2
21.0177,106.52837,331.49,0.38,0.36,2025-09-03,0607,SNPP,SNPP,l,2,302.84,5.58,D,2
21.02161,105.61523,333.43,0.39,0.36,2025-09-03,0608,SNPP,SNPP,l,2,304.4,6.53,D,0
21.06017,105.66965,330.82,0.39,0.36,2025-09-03,0608,SNPP,SNPP,l,2,301.42,3.5,D,0
21.05581,105.62051,332.43,0.39,0.36,2025-09-03,0608,SNPP,SNPP,n,2,302.15,5.23,D,0
21.07637,105.62067,332,0.39,0.36,2025-09-03,0608,SNPP,SNPP,l,2,302.26,3.38,D,0
21.08028,105.62381,334.68,0.39,0.36,2025-09-03,0608,SNPP,SNPP,n,2,302.44,5.61,D,0
21.24834,106.18065,353.09,0.38,0.36,2025-09-03,0608,SNPP,SNPP,n,2,302.89,9.06,D,0
21.28712,106.21175,332.98,0.38,0.36,2025-09-03,0608,SNPP,SNPP,n,2,301.5,3.68,D,0
21.25104,105.67344,331.85,0.39,0.36,2025-09-03,0608,SNPP,SNPP,l,2,302.38,5.71,D,0
21.25459,105.48478,331.64,0.39,0.36,2025-09-03,0608,SNPP,SNPP,n,2,300.61,1.83,D,0
21.48026,105.86202,332.15,0.39,0.36,2025-09-03,0608,SNPP,SNPP,l,2,303.32,5.58,D,0
21.75084,104.96136,330.94,0.4,0.37,2025-09-03,0608,SNPP,SNPP,n,2,295.56,2.73,D,0
21.81506,105.21198,330.04,0.39,0.36,2025-09-03,0608,SNPP,SNPP,l,2,298.67,4.74,D,0
21.82054,105.20319,331.38,0.39,0.36,2025-09-03,0608,SNPP,SNPP,l,2,299.91,6.54,D,0
21.0404,106.58986,308.15,0.39,0.36,2025-09-03,1837,SNPP,SNPP,n,2,290.64,1.67,N,0
21.01951,106.52899,316.03,0.39,0.36,2025-09-03,1837,SNPP,SNPP,n,2,293.42,0.94,N,2
21.01891,106.53268,308.62,0.39,0.36,2025-09-03,1837,SNPP,SNPP,n,2,292.27,0.94,N,2
21.01441,106.53947,308.55,0.39,0.36,2025-09-03,1837,SNPP,SNPP,n,2,292.1,1.43,N,2
20.96254,106.75477,307.5,0.39,0.36,2025-09-03,1837,SNPP,SNPP,n,2,293.11,1.52,N,0
20.51122,105.86959,310.19,0.38,0.36,2025-09-03,1837,SNPP,SNPP,n,2,288.57,0.86,N,0
20.48189,105.88322,308.08,0.38,0.36,2025-09-03,1837,SNPP,SNPP,n,2,288.5,0.71,N,0
20.40792,105.9006,311.65,0.38,0.36,2025-09-03,1837,SNPP,SNPP,n,2,290.65,1.37,N,2
20.40461,105.90002,307.43,0.38,0.36,2025-09-03,1837,SNPP,SNPP,n,2,290.41,1.47,N,2
20.39742,105.9025,308.19,0.38,0.36,2025-09-03,1837,SNPP,SNPP,n,2,290.12,1,N,2
20.34825,105.91258,310.04,0.38,0.36,2025-09-03,1837,SNPP,SNPP,n,2,290.59,1.16,N,0
20.34163,105.91141,309.25,0.38,0.36,2025-09-03,1837,SNPP,SNPP,n,2,290.95,1.13,N,0
20.21213,105.94984,334.04,0.4,0.44,2025-09-04,0549,SNPP,SNPP,n,2,293.56,2.05,D,0
20.2114,105.94601,331.45,0.4,0.44,2025-09-04,0549,SNPP,SNPP,n,2,294.08,2.05,D,0
20.50221,105.71354,330.27,0.41,0.45,2025-09-04,0549,SNPP,SNPP,n,2,295.69,2.74,D,0
20.59057,105.28418,343.12,0.44,0.46,2025-09-04,0549,SNPP,SNPP,n,2,295.08,5.11,D,0
21.09688,106.00032,330.07,0.39,0.44,2025-09-04,0549,SNPP,SNPP,n,2,298.55,2.62,D,0
21.15247,106.12131,330.57,0.57,0.43,2025-09-04,0549,SNPP,SNPP,n,2,300.33,6.89,D,0
21.73174,106.20364,330.93,0.55,0.43,2025-09-04,0549,SNPP,SNPP,n,2,294.16,4.63,D,0
21.03958,106.58909,308.21,0.51,0.41,2025-09-04,1818,SNPP,SNPP,n,2,293.08,2.71,N,0
21.02021,106.53108,313.07,0.51,0.41,2025-09-04,1818,SNPP,SNPP,n,2,292.47,2.27,N,2
21.01642,106.53051,312.44,0.51,0.41,2025-09-04,1818,SNPP,SNPP,n,2,293.35,3.77,N,2
20.40609,105.89959,296.91,0.54,0.42,2025-09-04,1818,SNPP,SNPP,n,2,270.2,0.69,N,2
20.35014,104.96443,333.12,0.46,0.63,2025-09-05,0530,SNPP,SNPP,n,2,289.34,3.07,D,0
20.68248,105.58986,333.19,0.41,0.61,2025-09-05,0530,SNPP,SNPP,n,2,291.72,2.73,D,0
21.62322,106.16802,342.17,0.36,0.58,2025-09-05,0530,SNPP,SNPP,n,2,291.19,4.57,D,0
20.12817,105.23383,327.84,0.73,0.76,2025-09-05,0710,SNPP,SNPP,n,2,287.47,2.53,D,0
20.26929,105.05638,328.46,0.72,0.75,2025-09-05,0710,SNPP,SNPP,n,2,288.69,6.2,D,0
20.51906,105.53637,341.84,0.77,0.78,2025-09-05,0710,SNPP,SNPP,n,2,288.46,8.58,D,0
20.87867,105.16724,367,0.74,0.76,2025-09-05,0710,SNPP,SNPP,h,2,290.33,23.58,D,0
21.03572,106.58911,307.9,0.33,0.55,2025-09-05,1759,SNPP,SNPP,n,2,290.25,1.86,N,0
21.01614,106.52786,307.6,0.33,0.55,2025-09-05,1759,SNPP,SNPP,n,2,290.66,2.22,N,2
21.01547,106.53434,307.53,0.33,0.55,2025-09-05,1759,SNPP,SNPP,n,2,290.76,2.64,N,2
21.0148,106.54079,306.73,0.33,0.55,2025-09-05,1759,SNPP,SNPP,n,2,290.3,2.13,N,0
21.00967,106.54016,311.63,0.33,0.55,2025-09-05,1759,SNPP,SNPP,n,2,290.47,2.27,N,2
21.008,106.55635,308.04,0.33,0.55,2025-09-05,1759,SNPP,SNPP,n,2,290.32,1.07,N,0
20.40171,105.9006,308.57,0.36,0.57,2025-09-05,1759,SNPP,SNPP,n,2,290.72,2.24,N,2
20.40907,105.9006,308.37,0.36,0.57,2025-09-05,1759,SNPP,SNPP,n,2,290.91,1.5,N,2
20.40374,105.90009,312.44,0.36,0.57,2025-09-05,1759,SNPP,SNPP,n,2,290.4,1.5,N,2
20.39806,105.90291,305.19,0.36,0.57,2025-09-05,1759,SNPP,SNPP,n,2,290.77,1.8,N,2
20.27136,105.45148,348.06,0.38,0.58,2025-09-06,0651,SNPP,SNPP,n,2,291.45,4.17,D,0
20.442,105.65955,329.94,0.39,0.59,2025-09-06,0651,SNPP,SNPP,n,2,292.25,3.65,D,0
20.49582,105.64143,367,0.39,0.59,2025-09-06,0651,SNPP,SNPP,h,2,292.9,10.4,D,0
20.71289,105.25733,367,0.37,0.58,2025-09-06,0652,SNPP,SNPP,h,2,291.11,7.43,D,0
20.70914,105.25648,349.85,0.37,0.58,2025-09-06,0652,SNPP,SNPP,n,2,290.69,4.63,D,0
21.62333,106.02505,332.34,0.43,0.62,2025-09-06,0652,SNPP,SNPP,n,2,285.47,4,D,0
21.5977,105.01593,331.01,0.37,0.58,2025-09-06,0652,SNPP,SNPP,n,2,283.77,3.14,D,0
21.87629,105.48574,334.94,0.4,0.6,2025-09-06,0652,SNPP,SNPP,n,2,273.44,5,D,0
21.01674,106.05157,304.79,0.71,0.75,2025-09-06,1740,SNPP,SNPP,n,2,286.45,1.06,N,0
21.01818,106.52893,319.28,0.48,0.64,2025-09-06,1921,SNPP,SNPP,n,2,290.59,2.48,N,2
20.50973,105.86834,306.17,0.44,0.63,2025-09-06,1921,SNPP,SNPP,n,2,290.8,1.44,N,0
20.34293,105.91293,306.9,0.45,0.63,2025-09-06,1921,SNPP,SNPP,n,2,288.57,2.03,N,0
20.49166,105.56728,336.9,0.39,0.44,2025-09-07,0633,SNPP,SNPP,n,2,296.87,2.96,D,0
21.01765,106.53017,330.96,0.45,0.47,2025-09-07,0633,SNPP,SNPP,l,2,301.4,3.67,D,2
21.33219,105.83784,331.09,0.41,0.45,2025-09-07,0633,SNPP,SNPP,l,2,304.62,6.88,D,0
21.33171,105.83385,332.53,0.41,0.45,2025-09-07,0633,SNPP,SNPP,l,2,305.59,4.14,D,0
21.33585,105.8333,332.53,0.41,0.45,2025-09-07,0633,SNPP,SNPP,l,2,304.87,5.45,D,0
21.65182,106.00031,345.53,0.42,0.45,2025-09-07,0633,SNPP,SNPP,n,2,296.85,13.45,D,0
21.7112,105.99693,338.18,0.42,0.46,2025-09-07,0633,SNPP,SNPP,n,2,294.23,6.64,D,0
21.71072,105.99274,338.6,0.42,0.45,2025-09-07,0633,SNPP,SNPP,n,2,294.58,6.64,D,0
21.94246,106.54813,338.96,0.46,0.47,2025-09-07,0633,SNPP,SNPP,n,2,294.09,4.06,D,0
21.94393,106.48425,340.02,0.46,0.47,2025-09-07,0633,SNPP,SNPP,n,2,294.79,8.55,D,0
21.94339,106.47958,337.55,0.46,0.47,2025-09-07,0633,SNPP,SNPP,n,2,295.6,7.99,D,0
21.94774,106.47902,339.74,0.46,0.47,2025-09-07,0633,SNPP,SNPP,n,2,294.33,4.43,D,0
21.88967,105.73949,341.65,0.41,0.45,2025-09-07,0633,SNPP,SNPP,n,2,294.72,4.81,D,0
21.89118,105.73917,342.38,0.41,0.45,2025-09-07,0633,SNPP,SNPP,n,2,296.11,15.99,D,0
21.91563,105.59018,340.82,0.4,0.44,2025-09-07,0633,SNPP,SNPP,n,2,294.44,4.13,D,0
21.87594,105.09315,335.66,0.57,0.43,2025-09-07,0633,SNPP,SNPP,n,2,295.09,10.96,D,0
21.01082,106.54102,301.93,0.48,0.48,2025-09-07,1902,SNPP,SNPP,n,2,276.88,1.46,N,2
21.06936,105.82558,321.5,0.43,0.46,2025-09-07,1902,SNPP,SNPP,n,2,285.59,3.96,N,0
21.06516,105.82465,309.77,0.43,0.46,2025-09-07,1902,SNPP,SNPP,n,2,285.99,3.46,N,0
20.97901,105.11938,340.59,0.38,0.36,2025-09-08,0614,SNPP,SNPP,n,2,293.92,3.85,D,0
21.31151,105.62374,330.38,0.39,0.36,2025-09-08,0614,SNPP,SNPP,l,2,301.53,4.86,D,0
21.34304,105.67571,330.12,0.39,0.36,2025-09-08,0614,SNPP,SNPP,l,2,302.83,3.77,D,0
21.55945,105.86797,307.55,0.4,0.37,2025-09-08,1843,SNPP,SNPP,n,2,290.76,1.23,N,2
21.21159,105.93767,307.31,0.4,0.37,2025-09-08,1843,SNPP,SNPP,n,2,292.59,3.39,N,0
21.03863,106.58846,307.18,0.42,0.37,2025-09-08,1843,SNPP,SNPP,n,2,291.98,2.43,N,0
21.02167,106.52901,308.25,0.42,0.37,2025-09-08,1843,SNPP,SNPP,n,2,291.28,3.17,N,0
21.01825,106.52834,330.95,0.42,0.37,2025-09-08,1843,SNPP,SNPP,n,2,292.6,5.41,N,2
21.00939,106.53893,306.54,0.42,0.37,2025-09-08,1843,SNPP,SNPP,n,2,291.48,3.5,N,2
20.5299,105.8661,303.57,0.57,0.52,2025-09-10,1806,SNPP,SNPP,n,2,282.69,1.48,N,2
21.01237,106.53761,301.67,0.53,0.67,2025-09-11,1747,SNPP,SNPP,n,2,282.74,1.77,N,2
21.02026,106.52955,314.69,0.61,0.53,2025-09-12,1908,SNPP,SNPP,n,2,291.42,5.24,N,2
20.73782,106.76552,340.53,0.63,0.54,2025-09-12,1908,SNPP,SNPP,n,2,291.65,14.55,N,3
20.51252,105.86996,307.06,0.56,0.52,2025-09-12,1909,SNPP,SNPP,n,2,290.47,1.85,N,0
21.01858,106.5294,306.99,0.48,0.4,2025-09-13,1850,SNPP,SNPP,n,2,292.47,1.28,N,2
21.01327,106.53784,304.47,0.48,0.4,2025-09-13,1850,SNPP,SNPP,n,2,290.98,1.41,N,2
21.00879,106.54168,304.22,0.48,0.4,2025-09-13,1850,SNPP,SNPP,n,2,290.57,0.91,N,2
20.51237,105.87086,309.44,0.46,0.39,2025-09-13,1850,SNPP,SNPP,n,2,289.59,1.01,N,0
20.34128,105.91111,308.65,0.46,0.39,2025-09-13,1850,SNPP,SNPP,n,2,292.23,1.64,N,0
21.39845,105.22396,330.27,0.44,0.38,2025-09-14,0602,SNPP,SNPP,l,2,303.93,2.59,D,0
21.93358,105.8061,328.4,0.41,0.37,2025-09-14,0602,SNPP,SNPP,n,2,298.25,4.69,D,0
21.01876,106.52856,331.11,0.39,0.36,2025-09-14,1831,SNPP,SNPP,n,2,294.61,2.32,N,2
21.0137,106.53924,311.86,0.39,0.36,2025-09-14,1831,SNPP,SNPP,n,2,294.16,1.13,N,2
21.01036,106.53867,311.23,0.39,0.36,2025-09-14,1831,SNPP,SNPP,n,2,293.2,1.13,N,2
20.51141,105.87056,311.8,0.4,0.37,2025-09-14,1831,SNPP,SNPP,n,2,291.62,1.52,N,0
20.48104,105.88197,306.26,0.4,0.37,2025-09-14,1831,SNPP,SNPP,n,2,291.76,1.53,N,0
20.40894,105.90118,305.5,0.4,0.37,2025-09-14,1831,SNPP,SNPP,n,2,289.94,1.65,N,2
20.40556,105.90063,305.92,0.4,0.37,2025-09-14,1831,SNPP,SNPP,n,2,290.12,1.15,N,2
20.40218,105.90009,307.66,0.4,0.37,2025-09-14,1831,SNPP,SNPP,n,2,291.01,1.15,N,2
20.39824,105.90332,312.35,0.4,0.37,2025-09-14,1831,SNPP,SNPP,n,2,291.55,2.09,N,2
20.34791,105.91145,309.29,0.4,0.37,2025-09-14,1831,SNPP,SNPP,n,2,290.82,2.99,N,0
21.79169,106.02953,339.83,0.46,0.47,2025-09-15,0543,SNPP,SNPP,n,2,290.28,6.57,D,0
21.79081,106.02508,332.49,0.46,0.47,2025-09-15,0543,SNPP,SNPP,n,2,291.03,6.57,D,0
21.03968,106.58836,310.51,0.41,0.45,2025-09-15,1812,SNPP,SNPP,n,2,292.78,1.39,N,0
21.01743,106.52811,310.33,0.41,0.45,2025-09-15,1812,SNPP,SNPP,n,2,292.68,2.24,N,2
21.01597,106.54018,305.64,0.41,0.45,2025-09-15,1812,SNPP,SNPP,n,2,291.48,1.41,N,0
21.01181,106.53958,308.69,0.41,0.45,2025-09-15,1812,SNPP,SNPP,n,2,292.5,2.28,N,2
20.40512,105.90038,305.82,0.44,0.46,2025-09-15,1812,SNPP,SNPP,n,2,289.13,1.5,N,2
21.83456,106.07176,331.95,0.45,0.63,2025-09-16,0524,SNPP,SNPP,n,2,291.59,3.58,D,0
21.21268,106.67846,328.54,0.74,0.76,2025-09-16,0705,SNPP,SNPP,n,2,284.47,5.02,D,0
21.64084,105.80866,328.11,0.66,0.73,2025-09-16,0705,SNPP,SNPP,n,2,290,1.87,D,0
20.51121,105.86889,303.59,0.45,0.63,2025-09-16,1753,SNPP,SNPP,n,2,286.82,0.83,N,0
20.40875,105.89922,304.42,0.45,0.63,2025-09-16,1753,SNPP,SNPP,n,2,286.63,0.68,N,2
20.40287,105.89872,305.67,0.45,0.63,2025-09-16,1753,SNPP,SNPP,n,2,286.77,1.43,N,0
21.01698,106.52483,301.07,0.75,0.77,2025-09-16,1933,SNPP,SNPP,n,2,283.33,1.08,N,0
20.603,105.30265,334.73,0.59,0.53,2025-09-17,0646,SNPP,SNPP,n,2,284.19,4.21,D,0
21.01809,106.5256,303.43,0.38,0.59,2025-09-17,1915,SNPP,SNPP,n,2,286.6,1.3,N,2
21.01728,106.52927,310.89,0.38,0.59,2025-09-17,1915,SNPP,SNPP,n,2,287.22,1.96,N,2
21.01855,106.52799,329.54,0.39,0.44,2025-09-18,1856,SNPP,SNPP,n,2,290.86,3.44,N,2
21.01646,106.53915,308.44,0.39,0.44,2025-09-18,1856,SNPP,SNPP,n,2,289.96,2.85,N,2
21.00852,106.54246,331.24,0.38,0.36,2025-09-19,0608,SNPP,SNPP,n,2,299.44,4.26,D,2
21.25931,106.56647,331.87,0.38,0.36,2025-09-19,0608,SNPP,SNPP,n,2,291.11,2.46,D,0
21.24814,106.18269,335.71,0.38,0.36,2025-09-19,0608,SNPP,SNPP,n,2,304.03,3.98,D,0
21.24758,106.17902,332.07,0.38,0.36,2025-09-19,0608,SNPP,SNPP,l,2,303.07,3.98,D,0
21.26917,105.53916,330.17,0.39,0.36,2025-09-19,0608,SNPP,SNPP,n,2,297.92,3.01,D,0
21.30616,105.4055,331.68,0.39,0.36,2025-09-19,0608,SNPP,SNPP,n,2,298.84,2.41,D,0
21.46321,105.89011,331.05,0.39,0.36,2025-09-19,0608,SNPP,SNPP,l,2,302.65,7.19,D,0
21.67725,106.11382,331.87,0.38,0.36,2025-09-19,0608,SNPP,SNPP,n,2,294.2,4.66,D,0
21.55805,105.86959,306.76,0.38,0.36,2025-09-19,1837,SNPP,SNPP,n,2,291.98,1.32,N,2
21.04113,106.58696,307.86,0.39,0.36,2025-09-19,1837,SNPP,SNPP,n,2,291.99,1.22,N,0
21.01512,106.53646,308.24,0.39,0.36,2025-09-19,1837,SNPP,SNPP,n,2,292.9,1.22,N,2
21.00789,106.53894,308.29,0.39,0.36,2025-09-19,1837,SNPP,SNPP,n,2,291.53,1.46,N,2
20.53237,105.86451,305.59,0.38,0.36,2025-09-19,1837,SNPP,SNPP,n,2,292.38,0.74,N,2
20.51194,105.86906,310.09,0.38,0.36,2025-09-19,1837,SNPP,SNPP,n,2,292.74,1.41,N,0
20.40845,105.89964,311.75,0.38,0.36,2025-09-19,1837,SNPP,SNPP,n,2,293.31,1.78,N,2
20.40203,105.8989,306.2,0.38,0.36,2025-09-19,1837,SNPP,SNPP,n,2,292.08,0.84,N,0
20.39814,105.90197,310.03,0.38,0.36,2025-09-19,1837,SNPP,SNPP,n,2,292.65,1.58,N,2
21.25227,106.74106,331.5,0.52,0.42,2025-09-20,0549,SNPP,SNPP,n,2,295.2,4.84,D,0
21.2517,106.74445,333.22,0.52,0.42,2025-09-20,0549,SNPP,SNPP,n,2,295.34,4.35,D,0
21.25551,106.74375,334.59,0.52,0.42,2025-09-20,0549,SNPP,SNPP,n,2,294.59,4.74,D,0
21.6526,106.12096,335.31,0.56,0.43,2025-09-20,0549,SNPP,SNPP,n,2,294,5.94,D,0
21.72856,105.46913,332.7,0.4,0.44,2025-09-20,0549,SNPP,SNPP,n,2,292.56,3.95,D,0
21.26584,105.54501,309.64,0.38,0.43,2025-09-20,1818,SNPP,SNPP,n,2,288.38,1.15,N,0
21.01774,106.52994,309.44,0.51,0.41,2025-09-20,1818,SNPP,SNPP,n,2,291.05,1.67,N,2
21.01266,106.53913,307.64,0.5,0.41,2025-09-20,1818,SNPP,SNPP,n,2,290.37,2.71,N,2
21.01788,106.04816,308.33,0.54,0.42,2025-09-20,1818,SNPP,SNPP,n,2,287.03,1.3,N,0
21.01716,106.05196,307.77,0.54,0.42,2025-09-20,1818,SNPP,SNPP,n,2,287.09,1.45,N,0
20.40474,105.89977,307.73,0.54,0.42,2025-09-20,1819,SNPP,SNPP,n,2,292.92,2.65,N,2
20.46959,105.73824,329.56,0.4,0.6,2025-09-21,0530,SNPP,SNPP,n,2,285.67,3.77,D,0
20.60089,105.30198,342.67,0.76,0.77,2025-09-21,0711,SNPP,SNPP,n,2,285.92,9.88,D,0
20.60254,105.29918,346.08,0.76,0.77,2025-09-21,0711,SNPP,SNPP,n,2,285.83,9.69,D,0
20.78297,105.25339,338.78,0.76,0.77,2025-09-21,0711,SNPP,SNPP,n,2,287.49,8.15,D,0
20.78479,105.25145,339.44,0.76,0.77,2025-09-21,0711,SNPP,SNPP,n,2,287.57,9.21,D,0
21.01763,106.52679,308.6,0.66,0.73,2025-09-22,1741,SNPP,SNPP,n,2,281.97,2.49,N,2
21.0175,106.52538,305.56,0.66,0.73,2025-09-22,1741,SNPP,SNPP,n,2,281.53,1.77,N,2
21.01697,106.53197,300.96,0.66,0.73,2025-09-22,1741,SNPP,SNPP,n,2,281.56,1.77,N,2
20.40555,105.89836,300.17,0.71,0.75,2025-09-22,1741,SNPP,SNPP,n,2,279.29,0.95,N,2
21.01873,106.52947,339.84,0.45,0.47,2025-09-23,0633,SNPP,SNPP,n,2,295.25,7.32,D,2
21.31525,106.71016,347.03,0.47,0.48,2025-09-23,0633,SNPP,SNPP,n,2,291.32,8.8,D,0
21.77962,105.82156,345.41,0.42,0.45,2025-09-23,0633,SNPP,SNPP,n,2,292.35,18.37,D,0
21.82222,105.68091,333.01,0.41,0.45,2025-09-23,0633,SNPP,SNPP,n,2,291.92,2.89,D,0
21.56112,105.86902,309.46,0.43,0.46,2025-09-23,1902,SNPP,SNPP,n,2,291.45,0.97,N,2
21.02046,106.52775,319.81,0.48,0.48,2025-09-23,1902,SNPP,SNPP,n,2,290.58,3.64,N,2
21.01953,106.53239,307.1,0.48,0.48,2025-09-23,1902,SNPP,SNPP,n,2,290.09,2.7,N,2
21.0535,106.82921,339.32,0.41,0.37,2025-09-24,0614,SNPP,SNPP,n,2,294.79,5.02,D,0
21.0615,106.81172,334.13,0.41,0.37,2025-09-24,0614,SNPP,SNPP,n,2,293.34,7.24,D,0
21.26856,106.65046,339.38,0.41,0.37,2025-09-24,0614,SNPP,SNPP,n,2,292.44,3.7,D,0
21.61954,106.06097,334.73,0.4,0.37,2025-09-24,0615,SNPP,SNPP,n,2,283.74,5.15,D,0
21.69644,105.9392,334.29,0.39,0.36,2025-09-24,0615,SNPP,SNPP,n,2,281.4,3.06,D,0
21.7641,105.82739,332.97,0.39,0.36,2025-09-24,0615,SNPP,SNPP,n,2,285.51,3.24,D,0
21.93299,105.00114,333.79,0.38,0.36,2025-09-24,0615,SNPP,SNPP,n,2,295,4.16,D,0
20.454,105.88687,302.87,0.45,0.39,2025-09-25,1825,SNPP,SNPP,n,2,284.44,1.55,N,0
21.03889,106.58793,304.73,0.51,0.49,2025-09-26,1806,SNPP,SNPP,n,2,284.37,0.92,N,0
21.01761,106.52914,304.93,0.52,0.5,2025-09-26,1806,SNPP,SNPP,n,2,284.63,2.18,N,2
21.84302,105.20383,298.05,0.64,0.72,2025-09-27,1747,SNPP,SNPP,n,2,285.37,3.93,N,0
21.03874,106.58692,304.21,0.61,0.71,2025-09-27,1928,SNPP,SNPP,n,2,285.59,0.96,N,0
21.01563,106.53521,306.88,0.41,0.45,2025-10-01,1812,SNPP,SNPP,n,2,293.44,1.38,N,2
21.01099,106.5386,305.72,0.41,0.45,2025-10-01,1812,SNPP,SNPP,n,2,291.53,1.38,N,2
20.53221,105.86452,304.9,0.44,0.46,2025-10-01,1813,SNPP,SNPP,n,2,291.86,1.01,N,2
20.45303,105.88608,306.42,0.44,0.46,2025-10-01,1813,SNPP,SNPP,n,2,292.6,1.35,N,0
20.4033,105.9007,310.14,0.44,0.46,2025-10-01,1813,SNPP,SNPP,n,2,292.07,3.39,N,2
21.01625,106.52995,312.86,0.41,0.61,2025-10-02,1754,SNPP,SNPP,n,2,293.1,2.48,N,2
20.52953,105.86444,308.42,0.45,0.63,2025-10-02,1754,SNPP,SNPP,n,2,292.53,1.11,N,2
20.40789,105.89944,305.74,0.44,0.63,2025-10-02,1754,SNPP,SNPP,n,2,292.47,0.87,N,2
20.40203,105.89893,306.91,0.44,0.63,2025-10-02,1754,SNPP,SNPP,n,2,292.43,0.87,N,0
20.82189,105.98499,331.33,0.33,0.55,2025-10-03,0646,SNPP,SNPP,n,2,296.07,1.82,D,0
21.6884,106.00755,330.84,0.34,0.56,2025-10-03,0646,SNPP,SNPP,n,2,293.33,1.99,D,0
21.01765,106.52811,321.71,0.38,0.59,2025-10-03,1915,SNPP,SNPP,n,2,292.44,2.49,N,2
21.01519,106.53915,306.96,0.38,0.59,2025-10-03,1915,SNPP,SNPP,n,2,291.89,0.99,N,2
21.00982,106.5378,311.8,0.38,0.59,2025-10-03,1915,SNPP,SNPP,n,2,291.47,0.99,N,2
20.12583,105.22118,331.73,0.46,0.39,2025-10-04,0627,SNPP,SNPP,n,2,295.54,2.95,D,0
20.14671,105.0928,332.44,0.46,0.39,2025-10-04,0627,SNPP,SNPP,n,2,295.66,3.33,D,0
20.52121,105.56307,333.18,0.48,0.4,2025-10-04,0627,SNPP,SNPP,n,2,296.24,3.67,D,0
20.52488,105.56242,331.8,0.48,0.4,2025-10-04,0627,SNPP,SNPP,n,2,294.52,3.2,D,0
20.52271,105.55942,343.69,0.48,0.4,2025-10-04,0627,SNPP,SNPP,n,2,295.97,8.96,D,0
21.50842,105.23154,339.03,0.48,0.4,2025-10-04,0627,SNPP,SNPP,n,2,295.79,3.75,D,0
21.69,106.36903,340.8,0.55,0.43,2025-10-04,0627,SNPP,SNPP,n,2,295.95,7.43,D,0
21.55868,105.86949,300.18,0.53,0.42,2025-10-04,1856,SNPP,SNPP,n,2,279.02,0.53,N,2
20.79692,105.44052,333.43,0.39,0.36,2025-10-05,0608,SNPP,SNPP,n,2,290.89,5.19,D,0
20.81026,105.43822,330.8,0.39,0.36,2025-10-05,0608,SNPP,SNPP,n,2,290.8,6.32,D,0
20.85497,105.46075,341.65,0.39,0.36,2025-10-05,0608,SNPP,SNPP,n,2,292.5,7.34,D,0
20.95432,105.2188,345.91,0.39,0.37,2025-10-05,0608,SNPP,SNPP,n,2,292.44,6.25,D,0
21.56952,106.06886,334.74,0.38,0.36,2025-10-05,0609,SNPP,SNPP,n,2,288.47,4.79,D,0
21.6013,105.77384,330.59,0.39,0.36,2025-10-05,0609,SNPP,SNPP,n,2,297.02,2.7,D,0
21.71202,106.27108,334.86,0.38,0.36,2025-10-05,0609,SNPP,SNPP,n,2,296.1,5.5,D,0
21.71601,105.19255,331.63,0.39,0.36,2025-10-05,0609,SNPP,SNPP,n,2,290.1,4.18,D,0
21.85441,106.05254,337.16,0.38,0.36,2025-10-05,0609,SNPP,SNPP,n,2,297.56,10.57,D,0
21.77514,105.4136,331.82,0.39,0.36,2025-10-05,0609,SNPP,SNPP,n,2,295.18,1.44,D,0
21.89772,106.00307,339.34,0.38,0.36,2025-10-05,0609,SNPP,SNPP,n,2,298.84,25,D,0
21.88061,105.43669,333.54,0.39,0.36,2025-10-05,0609,SNPP,SNPP,n,2,296.16,6.82,D,0
20.40273,105.90072,296.09,0.38,0.36,2025-10-05,1838,SNPP,SNPP,n,2,264.78,0.28,N,2
21.01542,106.52948,303.19,0.65,0.73,2025-10-08,1741,SNPP,SNPP,n,2,291.63,1.54,N,2
21.01491,106.53603,305.79,0.65,0.73,2025-10-08,1741,SNPP,SNPP,n,2,291.69,1.54,N,2
20.40512,105.89761,305.61,0.71,0.75,2025-10-08,1741,SNPP,SNPP,n,2,291.31,1.12,N,2
21.04088,106.58711,303.41,0.49,0.65,2025-10-08,1922,SNPP,SNPP,n,2,291.9,0.52,N,2
21.02064,106.53117,304.69,0.48,0.65,2025-10-08,1922,SNPP,SNPP,n,2,292.35,1.29,N,2
21.01261,106.53888,304.26,0.48,0.65,2025-10-08,1922,SNPP,SNPP,n,2,292.09,1.54,N,2
21.30001,105.98718,315.44,0.45,0.47,2025-10-09,1903,SNPP,SNPP,n,2,292.89,1.72,N,0
21.03972,106.58999,306.44,0.49,0.49,2025-10-09,1903,SNPP,SNPP,n,2,294.12,1.56,N,0
21.02005,106.52695,314.28,0.49,0.48,2025-10-09,1903,SNPP,SNPP,n,2,294.41,2.33,N,2
21.01911,106.5316,314.4,0.49,0.48,2025-10-09,1903,SNPP,SNPP,n,2,295.23,2.97,N,2
20.2662,105.56915,339.64,0.39,0.36,2025-10-10,0615,SNPP,SNPP,n,2,299.62,4.74,D,0
20.41868,106.17143,331.28,0.39,0.36,2025-10-10,0615,SNPP,SNPP,l,2,304.11,2.09,D,0
21.04056,106.58686,306.25,0.42,0.38,2025-10-10,1844,SNPP,SNPP,n,2,292.54,0.94,N,2
21.01525,106.53714,306.02,0.42,0.38,2025-10-10,1844,SNPP,SNPP,n,2,292.73,1.45,N,2
20.48102,105.88137,305.19,0.4,0.37,2025-10-10,1844,SNPP,SNPP,n,2,291.8,1.14,N,0
21.24811,106.18337,328.46,0.46,0.39,2025-10-11,0556,SNPP,SNPP,l,2,300.16,3.88,D,0
21.21184,105.93587,305.49,0.45,0.39,2025-10-11,1825,SNPP,SNPP,n,2,292.15,1.09,N,0
21.04049,106.58828,308.53,0.43,0.38,2025-10-11,1825,SNPP,SNPP,n,2,294.14,1.5,N,2
21.01438,106.53899,312.03,0.43,0.38,2025-10-11,1825,SNPP,SNPP,n,2,294.18,2.5,N,2
20.45298,105.88636,305.19,0.45,0.39,2025-10-11,1825,SNPP,SNPP,n,2,292.61,1.19,N,0
20.34913,105.91123,307.31,0.45,0.39,2025-10-11,1825,SNPP,SNPP,n,2,292.56,1.51,N,0
21.16794,105.20405,336.12,0.33,0.55,2025-10-12,0537,SNPP,SNPP,n,2,292.09,2.24,D,0
21.03757,106.58836,305.22,0.51,0.49,2025-10-12,1806,SNPP,SNPP,n,2,291.97,1.72,N,2
21.01616,106.52968,305.52,0.51,0.5,2025-10-12,1806,SNPP,SNPP,n,2,292.04,2.4,N,2
21.01561,106.53469,307.48,0.51,0.5,2025-10-12,1806,SNPP,SNPP,n,2,292.32,2.23,N,2
21.01684,106.52819,306.85,0.51,0.5,2025-10-12,1806,SNPP,SNPP,n,2,292.48,3,N,2
21.5749,105.03471,330.76,0.47,0.64,2025-10-13,0659,SNPP,SNPP,n,2,289.98,2.75,D,0
21.88959,105.68922,332.69,0.52,0.67,2025-10-13,0659,SNPP,SNPP,n,2,285.44,4.65,D,0
21.04922,105.61691,325.03,0.42,0.38,2025-10-16,0602,SNPP,SNPP,l,2,299.42,2.52,D,0
21.56379,105.87094,307.12,0.4,0.37,2025-10-16,1831,SNPP,SNPP,n,2,292.71,0.41,N,0
21.56039,105.87038,308,0.4,0.37,2025-10-16,1831,SNPP,SNPP,n,2,292.75,0.51,N,2
21.21207,105.93712,307,0.4,0.37,2025-10-16,1832,SNPP,SNPP,n,2,293.51,0.91,N,0
21.03999,106.58965,311.34,0.39,0.36,2025-10-16,1832,SNPP,SNPP,n,2,295.31,0.97,N,2
21.0135,106.539,307.13,0.39,0.36,2025-10-16,1832,SNPP,SNPP,n,2,296.18,1.35,N,2
20.40896,105.90119,307.37,0.4,0.37,2025-10-16,1832,SNPP,SNPP,n,2,294,1.2,N,2
20.40558,105.90063,308.6,0.4,0.37,2025-10-16,1832,SNPP,SNPP,n,2,294.22,1.11,N,2
20.40221,105.90009,311.52,0.4,0.37,2025-10-16,1832,SNPP,SNPP,n,2,294.25,1.11,N,2
20.34751,105.91105,311.89,0.4,0.37,2025-10-16,1832,SNPP,SNPP,n,2,294.28,1.48,N,0
20.3402,105.91371,306.16,0.4,0.37,2025-10-16,1832,SNPP,SNPP,n,2,293.94,0.93,N,0
21.04056,106.58669,305.97,0.41,0.45,2025-10-17,1813,SNPP,SNPP,n,2,293.29,0.89,N,2
21.01803,106.53099,311.05,0.41,0.45,2025-10-17,1813,SNPP,SNPP,n,2,294.44,2.4,N,2
21.01291,106.53836,307.28,0.41,0.45,2025-10-17,1813,SNPP,SNPP,n,2,294.09,1.24,N,2
20.40528,105.9006,312.51,0.44,0.46,2025-10-17,1813,SNPP,SNPP,n,2,292.77,1.71,N,2
20.34899,105.91161,306.55,0.44,0.46,2025-10-17,1813,SNPP,SNPP,n,2,292.02,1.34,N,0
21.52705,104.9599,327.19,0.59,0.7,2025-10-18,0706,SNPP,SNPP,n,2,291.19,3.12,D,0
21.52622,104.95763,327.24,0.59,0.7,2025-10-18,0706,SNPP,SNPP,n,2,291.19,3.45,D,0
21.03964,106.58687,310.19,0.41,0.6,2025-10-18,1754,SNPP,SNPP,n,2,288.87,1.67,N,2
20.52974,105.86462,308.03,0.45,0.63,2025-10-18,1754,SNPP,SNPP,n,2,289.24,0.7,N,2
20.45181,105.88523,304.43,0.45,0.63,2025-10-18,1754,SNPP,SNPP,n,2,288.63,0.78,N,0
21.01434,106.53857,303.38,0.76,0.77,2025-10-18,1934,SNPP,SNPP,n,2,286.88,1.82,N,2
21.56794,106.49186,303.57,0.37,0.58,2025-10-19,1915,SNPP,SNPP,n,2,290.61,0.45,N,0
21.02137,106.53012,304.58,0.38,0.59,2025-10-19,1915,SNPP,SNPP,n,2,290.95,1.64,N,2
21.01439,106.53613,304.97,0.39,0.59,2025-10-19,1915,SNPP,SNPP,n,2,290.24,1.97,N,2
21.01358,106.53983,306.04,0.39,0.59,2025-10-19,1915,SNPP,SNPP,n,2,290.25,0.86,N,2
20.34359,105.91219,305.42,0.36,0.58,2025-10-19,1916,SNPP,SNPP,n,2,289.21,0.55,N,0
20.53543,105.48121,329.55,0.48,0.4,2025-10-20,0627,SNPP,SNPP,n,2,296.45,3.92,D,0
20.53908,105.4805,336.87,0.48,0.4,2025-10-20,0627,SNPP,SNPP,n,2,295.78,3.92,D,0
21.42194,106.76668,332.67,0.57,0.43,2025-10-20,0628,SNPP,SNPP,n,2,295.87,11.43,D,0
21.51146,106.39306,335.09,0.55,0.42,2025-10-20,0628,SNPP,SNPP,n,2,292.33,3.51,D,0
21.73157,105.43951,300.72,0.5,0.41,2025-10-20,1857,SNPP,SNPP,n,2,289.27,0.65,N,0
21.03896,106.58874,302.14,0.39,0.44,2025-10-20,1857,SNPP,SNPP,n,2,290.01,0.57,N,2
21.01035,106.53927,313.74,0.39,0.44,2025-10-20,1857,SNPP,SNPP,n,2,292.1,0.8,N,2
20.51096,105.86906,304.58,0.55,0.43,2025-10-20,1857,SNPP,SNPP,n,2,291.5,1.01,N,0
20.34135,105.91423,303.31,0.56,0.43,2025-10-20,1857,SNPP,SNPP,n,2,291.88,0.92,N,0
21.50312,106.00715,333.96,0.38,0.36,2025-10-21,0609,SNPP,SNPP,n,2,294.4,3.21,D,0
20.90732,105.69252,302.77,0.38,0.36,2025-10-21,1838,SNPP,SNPP,n,2,286.13,0.36,N,0
20.40705,105.89951,304.35,0.38,0.36,2025-10-21,1838,SNPP,SNPP,n,2,277.86,0.72,N,2
20.40374,105.89893,302.1,0.38,0.36,2025-10-21,1838,SNPP,SNPP,n,2,277.61,0.43,N,2
20.348,105.91158,302.46,0.38,0.36,2025-10-21,1838,SNPP,SNPP,n,2,280.67,0.69,N,0
21.65006,106.01003,338.43,0.43,0.46,2025-10-25,0634,SNPP,SNPP,n,2,291.55,5.6,D,0
21.65429,106.00943,341.44,0.43,0.46,2025-10-25,0634,SNPP,SNPP,n,2,291.7,5.6,D,0
21.65403,106.01002,352.36,0.43,0.46,2025-10-25,0634,SNPP,SNPP,n,2,292.39,8.39,D,0
21.75756,105.82368,332.75,0.47,0.4,2025-10-27,0556,SNPP,SNPP,n,2,294.33,6.23,D,0
21.94805,106.49255,326.41,0.44,0.38,2025-10-27,0557,SNPP,SNPP,n,2,293.31,2.19,D,0
21.77135,105.35416,330.76,0.49,0.65,2025-10-29,0659,SNPP,SNPP,n,2,284.09,4.59,D,0
21.7716,105.35146,340.09,0.49,0.65,2025-10-29,0659,SNPP,SNPP,n,2,284.09,4,D,0
20.34036,105.91247,300.42,0.55,0.43,2025-11-05,1857,SNPP,SNPP,n,2,287.68,0.55,N,0
21.01797,106.52798,302.02,0.33,0.55,2025-11-08,1800,SNPP,SNPP,n,2,287.65,1.17,N,2
20.27209,106.17297,326.89,0.6,0.53,2025-11-13,0537,SNPP,SNPP,n,2,296.07,2.32,D,0
21.6606,106.62439,337.9,0.53,0.5,2025-11-13,0538,SNPP,SNPP,n,2,293.99,9.07,D,0
21.03933,106.58833,304.87,0.51,0.5,2025-11-13,1807,SNPP,SNPP,n,2,291.88,1.13,N,2
21.04029,106.58736,302.22,0.51,0.5,2025-11-13,1807,SNPP,SNPP,n,2,291.83,1.3,N,2
21.01338,106.5379,303.93,0.52,0.5,2025-11-13,1807,SNPP,SNPP,n,2,292.54,2.7,N,2
20.94779,106.53941,312.27,0.52,0.5,2025-11-13,1807,SNPP,SNPP,n,2,289.63,1.21,N,0
20.948,106.54263,308.94,0.52,0.5,2025-11-13,1807,SNPP,SNPP,n,2,289.81,1.49,N,0
20.78025,106.6288,321.79,0.51,0.49,2025-11-13,1807,SNPP,SNPP,n,2,291.11,2.35,N,0
20.77568,106.6282,304.15,0.51,0.49,2025-11-13,1807,SNPP,SNPP,n,2,290.02,0.86,N,0
20.53272,105.8659,300.59,0.56,0.52,2025-11-13,1807,SNPP,SNPP,n,2,290.26,1.38,N,0
20.34851,105.90998,301.74,0.56,0.51,2025-11-13,1807,SNPP,SNPP,n,2,290.52,1.21,N,0
21.21757,106.52988,328.56,0.55,0.68,2025-11-14,0519,SNPP,SNPP,n,2,292.96,3.58,D,0
21.32242,106.62562,343.15,0.54,0.68,2025-11-14,0519,SNPP,SNPP,n,2,293.44,9.06,D,0
21.32136,106.62106,328.44,0.54,0.68,2025-11-14,0519,SNPP,SNPP,n,2,292.15,5.22,D,0
21.31915,106.62324,356.32,0.54,0.67,2025-11-14,0519,SNPP,SNPP,n,2,295.37,7.32,D,0
20.16057,105.46955,334.74,0.48,0.65,2025-11-14,0659,SNPP,SNPP,n,2,294.23,4.34,D,0
20.42919,105.64268,329.72,0.5,0.65,2025-11-14,0659,SNPP,SNPP,n,2,293.76,2.85,D,0
20.44473,105.74557,327.59,0.5,0.66,2025-11-14,0659,SNPP,SNPP,n,2,295.69,1.68,D,0
20.59052,105.58112,367,0.49,0.65,2025-11-14,0659,SNPP,SNPP,h,2,296.02,12.64,D,0
21.08464,106.77861,355.78,0.59,0.7,2025-11-14,0659,SNPP,SNPP,n,2,295.5,7.46,D,0
21.08284,106.7811,367,0.6,0.7,2025-11-14,0659,SNPP,SNPP,h,2,296.24,10.42,D,0
21.2049,106.50067,332.37,0.57,0.69,2025-11-14,0659,SNPP,SNPP,n,2,293.27,8.59,D,0
21.17863,105.24052,338,0.48,0.64,2025-11-14,0659,SNPP,SNPP,n,2,292.38,3.46,D,0
21.59024,106.65938,341.35,0.59,0.7,2025-11-14,0659,SNPP,SNPP,n,2,293.16,4.54,D,0
21.58925,106.66273,337.73,0.59,0.7,2025-11-14,0700,SNPP,SNPP,n,2,293.17,7.28,D,0
21.6641,105.95473,343.67,0.54,0.67,2025-11-14,0700,SNPP,SNPP,n,2,295.19,6.96,D,0
21.67044,105.95452,352.51,0.54,0.67,2025-11-14,0700,SNPP,SNPP,n,2,294.08,9.41,D,0
21.68794,105.34148,325.39,0.49,0.65,2025-11-14,0700,SNPP,SNPP,n,2,293.42,2.87,D,0
21.7844,105.8312,332.21,0.53,0.67,2025-11-14,0700,SNPP,SNPP,n,2,293.75,4.02,D,0
21.81131,105.27221,332.92,0.49,0.65,2025-11-14,0700,SNPP,SNPP,n,2,293.38,3.56,D,0
21.83658,104.93385,329.69,0.46,0.64,2025-11-14,0700,SNPP,SNPP,n,2,293.89,3.06,D,0
21.4841,105.86971,298.28,0.58,0.7,2025-11-14,1748,SNPP,SNPP,n,2,288.17,0.66,N,0
21.04025,106.59013,300.85,0.52,0.67,2025-11-14,1748,SNPP,SNPP,n,2,290.15,1.44,N,0
21.03647,106.58666,302.56,0.52,0.67,2025-11-14,1748,SNPP,SNPP,n,2,289.36,0.8,N,2
21.01654,106.52694,300.6,0.53,0.67,2025-11-14,1748,SNPP,SNPP,n,2,289.9,1.41,N,2
21.01609,106.53215,303.68,0.52,0.67,2025-11-14,1748,SNPP,SNPP,n,2,290.56,2.87,N,2
20.5301,105.86491,303.34,0.57,0.69,2025-11-14,1748,SNPP,SNPP,n,2,290.03,1.04,N,2
20.51018,105.86916,299.89,0.57,0.69,2025-11-14,1748,SNPP,SNPP,n,2,289.21,0.74,N,0
20.5102,105.86943,300.43,0.57,0.69,2025-11-14,1748,SNPP,SNPP,n,2,289.21,0.9,N,0
20.42289,105.89973,300.86,0.57,0.69,2025-11-14,1748,SNPP,SNPP,n,2,290.33,0.83,N,0
21.01774,106.52957,303.22,0.6,0.71,2025-11-14,1928,SNPP,SNPP,n,2,290.12,2.1,N,2
21.01812,106.52927,303.73,0.6,0.71,2025-11-14,1928,SNPP,SNPP,n,2,290.59,1.62,N,2
20.5129,105.86743,299.73,0.56,0.69,2025-11-14,1928,SNPP,SNPP,n,2,288.77,0.8,N,0
20.1377,105.45055,339.45,0.47,0.48,2025-11-15,0640,SNPP,SNPP,n,2,296.31,5.69,D,0
20.12033,105.22595,340.21,0.46,0.47,2025-11-15,0640,SNPP,SNPP,n,2,296.32,7.65,D,0
20.11981,105.22154,339.79,0.46,0.47,2025-11-15,0640,SNPP,SNPP,n,2,297.3,7.65,D,0
20.14572,105.03455,325.32,0.44,0.46,2025-11-15,0640,SNPP,SNPP,n,2,294.99,3.4,D,0
20.14518,105.03011,330.75,0.44,0.46,2025-11-15,0640,SNPP,SNPP,n,2,294.55,3.4,D,0
20.14317,105.03123,332.67,0.44,0.46,2025-11-15,0640,SNPP,SNPP,n,2,294.52,3.25,D,0
20.14747,105.03067,329.08,0.44,0.46,2025-11-15,0640,SNPP,SNPP,n,2,294.37,2.98,D,0
20.42057,105.81469,329.04,0.5,0.49,2025-11-15,0640,SNPP,SNPP,n,2,294.78,2.23,D,0
20.43926,105.72679,331.14,0.5,0.49,2025-11-15,0640,SNPP,SNPP,n,2,295.18,4.18,D,0
20.49939,105.65086,334.23,0.49,0.49,2025-11-15,0640,SNPP,SNPP,n,2,294.75,6.87,D,0
20.49883,105.646,339.21,0.49,0.49,2025-11-15,0640,SNPP,SNPP,n,2,294.36,5.62,D,0
20.51954,105.58884,328.27,0.49,0.48,2025-11-15,0640,SNPP,SNPP,n,2,295.02,2.21,D,0
20.52095,105.58617,335.04,0.49,0.48,2025-11-15,0640,SNPP,SNPP,n,2,295.23,3.24,D,0
20.53332,105.29537,335.4,0.47,0.48,2025-11-15,0640,SNPP,SNPP,n,2,296.02,2.18,D,0
20.7646,105.37225,342.51,0.48,0.48,2025-11-15,0640,SNPP,SNPP,n,2,294.51,6.41,D,0
20.80787,105.43423,331.8,0.48,0.48,2025-11-15,0640,SNPP,SNPP,n,2,295.16,2.86,D,0
20.87848,105.16144,335.15,0.46,0.47,2025-11-15,0640,SNPP,SNPP,n,2,295.75,3.67,D,0
20.88287,105.16091,344.41,0.46,0.47,2025-11-15,0640,SNPP,SNPP,n,2,295.8,8.6,D,0
20.88676,105.15612,339.83,0.46,0.47,2025-11-15,0640,SNPP,SNPP,n,2,297.42,8.6,D,0
20.97404,104.99248,339.44,0.45,0.47,2025-11-15,0640,SNPP,SNPP,n,2,296.39,8.65,D,0
21.11517,106.17587,335.34,0.54,0.51,2025-11-15,0640,SNPP,SNPP,n,2,297.85,5.05,D,0
21.1173,106.1783,328.37,0.54,0.51,2025-11-15,0640,SNPP,SNPP,n,2,297.68,2.8,D,0
20.99384,105.00008,333.55,0.45,0.47,2025-11-15,0640,SNPP,SNPP,n,2,296.47,2.47,D,0
21.04631,104.92053,325.21,0.45,0.47,2025-11-15,0640,SNPP,SNPP,n,2,295.79,1.76,D,0
21.30895,106.74036,333.13,0.59,0.53,2025-11-15,0640,SNPP,SNPP,n,2,294.58,3.48,D,0
21.30631,106.74332,335.21,0.59,0.53,2025-11-15,0641,SNPP,SNPP,n,2,295.77,4.85,D,0
21.22593,105.16414,328.7,0.47,0.48,2025-11-15,0641,SNPP,SNPP,n,2,296.5,2.8,D,0
21.22583,105.16528,331.88,0.47,0.48,2025-11-15,0641,SNPP,SNPP,n,2,296.86,1.81,D,0
21.21718,104.96888,333.39,0.45,0.47,2025-11-15,0641,SNPP,SNPP,n,2,295.71,1.56,D,0
21.26439,105.15047,337.5,0.47,0.48,2025-11-15,0641,SNPP,SNPP,n,2,295.61,4.23,D,0
21.41576,106.44192,331.16,0.57,0.52,2025-11-15,0641,SNPP,SNPP,n,2,296.04,5.07,D,0
21.2525,104.89277,348.35,0.45,0.47,2025-11-15,0641,SNPP,SNPP,n,2,299.32,8.53,D,0
21.25146,104.88377,330.93,0.45,0.47,2025-11-15,0641,SNPP,SNPP,n,2,296.83,2.17,D,0
21.36886,105.71114,340.1,0.51,0.49,2025-11-15,0641,SNPP,SNPP,n,2,297.12,7.55,D,0
21.47356,106.61581,340.02,0.58,0.52,2025-11-15,0641,SNPP,SNPP,n,2,296.18,10.17,D,0
21.37399,105.71545,341.42,0.51,0.49,2025-11-15,0641,SNPP,SNPP,n,2,300.07,28.91,D,0
21.37341,105.71042,333.46,0.51,0.49,2025-11-15,0641,SNPP,SNPP,n,2,294.87,14.17,D,0
21.53231,106.03169,329.94,0.54,0.5,2025-11-15,0641,SNPP,SNPP,n,2,294.66,2.91,D,0
21.64708,106.12418,336.11,0.54,0.51,2025-11-15,0641,SNPP,SNPP,n,2,293.38,5.08,D,0
21.64829,106.12632,331.9,0.54,0.51,2025-11-15,0641,SNPP,SNPP,n,2,294.05,2.8,D,0
21.73804,106.07255,337.94,0.54,0.51,2025-11-15,0641,SNPP,SNPP,n,2,295.39,5.37,D,0
21.66234,104.97293,349.22,0.46,0.47,2025-11-15,0641,SNPP,SNPP,n,2,295.83,6.24,D,0
21.76429,105.31589,341.48,0.49,0.48,2025-11-15,0641,SNPP,SNPP,n,2,298.09,4.95,D,0
21.84867,105.69769,336.1,0.51,0.5,2025-11-15,0641,SNPP,SNPP,n,2,297.27,4.63,D,0
21.87994,105.64305,337.51,0.51,0.49,2025-11-15,0641,SNPP,SNPP,n,2,298.07,5.08,D,0
21.89281,104.85029,325.25,0.46,0.47,2025-11-15,0641,SNPP,SNPP,n,2,295.96,2.25,D,0
20.50508,105.65182,330.82,0.42,0.37,2025-11-16,0621,SNPP,SNPP,n,2,280.54,2.75,D,0
20.51896,105.60857,330.99,0.42,0.37,2025-11-16,0621,SNPP,SNPP,n,2,290.54,2.73,D,0
20.89738,106.07431,367,0.33,0.55,2025-11-20,0647,SNPP,SNPP,h,2,292.93,8.76,D,0
20.89772,106.07757,327.99,0.33,0.56,2025-11-20,0647,SNPP,SNPP,n,2,289.96,8.4,D,0
21.55994,105.86588,296.56,0.34,0.56,2025-11-20,1916,SNPP,SNPP,n,2,281.54,0.78,N,0
21.02312,106.52969,300.71,0.38,0.59,2025-11-20,1916,SNPP,SNPP,n,2,284.15,1.34,N,2
21.01778,106.52834,318.19,0.38,0.59,2025-11-20,1916,SNPP,SNPP,n,2,284.73,1.34,N,2
21.08252,105.67833,296.46,0.34,0.56,2025-11-20,1916,SNPP,SNPP,n,2,283.27,0.56,N,0
21.03652,105.61983,319.6,0.33,0.56,2025-11-20,1916,SNPP,SNPP,n,2,284.65,1.47,N,0
21.03896,105.6201,317.55,0.33,0.56,2025-11-20,1916,SNPP,SNPP,n,2,284.32,1.35,N,0
20.87567,106.15599,309.84,0.36,0.58,2025-11-20,1916,SNPP,SNPP,n,2,282.83,0.96,N,0
20.78059,105.63588,295.54,0.34,0.56,2025-11-20,1916,SNPP,SNPP,n,2,283.71,0.37,N,0
20.48322,105.88104,295.03,0.36,0.57,2025-11-20,1916,SNPP,SNPP,n,2,283.13,0.4,N,0
20.17145,105.69141,329.47,0.48,0.4,2025-11-21,0628,SNPP,SNPP,n,2,293.78,3.06,D,0
20.51839,105.42073,344.71,0.47,0.4,2025-11-21,0628,SNPP,SNPP,n,2,294.17,5.37,D,0
21.25028,106.70333,335.59,0.56,0.43,2025-11-21,0628,SNPP,SNPP,n,2,300.03,15.94,D,0
21.25423,106.70253,332.57,0.56,0.43,2025-11-21,0628,SNPP,SNPP,n,2,291.22,15.94,D,0
21.73182,106.38535,331.01,0.55,0.42,2025-11-21,0628,SNPP,SNPP,n,2,293.08,3.02,D,0
21.73083,106.38286,327.61,0.55,0.42,2025-11-21,0628,SNPP,SNPP,n,2,292.56,3.18,D,0
20.91318,105.19957,330.64,0.4,0.37,2025-11-22,0609,SNPP,SNPP,n,2,291.17,2.27,D,0
21.33803,105.14445,325.35,0.4,0.37,2025-11-22,0609,SNPP,SNPP,n,2,294.34,0.84,D,0
21.73153,105.72628,331.15,0.39,0.36,2025-11-22,0609,SNPP,SNPP,n,2,296.75,1.85,D,0
21.65723,105.21501,337.4,0.39,0.36,2025-11-22,0609,SNPP,SNPP,n,2,297.22,2.5,D,0
20.48686,105.55859,326.42,0.42,0.45,2025-11-23,0550,SNPP,SNPP,n,2,293.85,4.42,D,0
20.73396,106.66857,327.3,0.54,0.42,2025-11-23,0550,SNPP,SNPP,n,2,294.85,1.29,D,0
21.073,105.07313,339.11,0.43,0.46,2025-11-23,0550,SNPP,SNPP,n,2,295.72,5.38,D,0
21.55895,105.86504,299.52,0.56,0.43,2025-11-23,1819,SNPP,SNPP,n,2,287.65,0.88,N,0
21.04056,106.58813,304.33,0.5,0.41,2025-11-23,1820,SNPP,SNPP,n,2,290.73,1.22,N,2
21.0083,106.54062,302.17,0.51,0.41,2025-11-23,1820,SNPP,SNPP,n,2,289.1,0.83,N,2
20.78086,106.63013,300.17,0.5,0.41,2025-11-23,1820,SNPP,SNPP,n,2,289.65,0.94,N,0
20.34785,105.91457,299.73,0.54,0.42,2025-11-23,1820,SNPP,SNPP,n,2,289.28,0.5,N,0
20.34758,105.91315,302.92,0.54,0.42,2025-11-23,1820,SNPP,SNPP,n,2,289.6,1.23,N,0
20.32022,106.3535,330.35,0.37,0.58,2025-11-24,0531,SNPP,SNPP,n,2,294.33,1.86,D,0
20.15698,105.41987,331.18,0.76,0.77,2025-11-24,0712,SNPP,SNPP,n,2,290.17,3.31,D,0
20.15909,105.41985,330.63,0.76,0.77,2025-11-24,0712,SNPP,SNPP,n,2,290.33,5.1,D,0
21.76434,104.86819,331.53,0.72,0.76,2025-11-24,0712,SNPP,SNPP,n,2,291.38,5.49,D,0
21.69687,105.89981,297.41,0.37,0.58,2025-11-24,1801,SNPP,SNPP,n,2,286.31,0.36,N,0
21.48277,105.87004,305.51,0.37,0.58,2025-11-24,1801,SNPP,SNPP,n,2,287.66,0.49,N,0
21.33328,106.60418,321.84,0.33,0.55,2025-11-24,1801,SNPP,SNPP,n,2,286.76,1.48,N,0
21.33367,106.60059,300.36,0.33,0.55,2025-11-24,1801,SNPP,SNPP,n,2,286.51,1.53,N,0
21.0401,106.58778,310.55,0.33,0.55,2025-11-24,1801,SNPP,SNPP,n,2,292.47,0.99,N,2
21.03685,106.58884,311.04,0.33,0.55,2025-11-24,1801,SNPP,SNPP,n,2,290.56,0.82,N,2
21.01752,106.52821,310.47,0.33,0.55,2025-11-24,1801,SNPP,SNPP,n,2,293.42,1.72,N,2
21.01683,106.53463,301.85,0.33,0.55,2025-11-24,1801,SNPP,SNPP,n,2,291.24,1.67,N,2
20.99479,105.97808,303.51,0.36,0.57,2025-11-24,1801,SNPP,SNPP,n,2,286.82,0.64,N,0
20.98949,105.97746,303.04,0.36,0.57,2025-11-24,1801,SNPP,SNPP,n,2,287.88,0.8,N,0
20.99102,105.97874,313.65,0.36,0.57,2025-11-24,1801,SNPP,SNPP,n,2,288.83,0.86,N,0
20.8423,106.6479,298.51,0.32,0.55,2025-11-24,1801,SNPP,SNPP,n,2,287.48,0.52,N,0
20.53069,105.86491,304.79,0.36,0.57,2025-11-24,1801,SNPP,SNPP,n,2,290.44,0.71,N,2
20.40491,105.89898,305.21,0.35,0.57,2025-11-24,1801,SNPP,SNPP,n,2,289.72,1.02,N,2
20.3462,105.91042,301.56,0.35,0.57,2025-11-24,1801,SNPP,SNPP,n,2,289.24,0.92,N,0
20.53528,105.56438,341.83,0.39,0.59,2025-11-25,0653,SNPP,SNPP,n,2,293,3.91,D,0
20.54834,105.47015,340.94,0.38,0.59,2025-11-25,0653,SNPP,SNPP,n,2,293.96,3.81,D,0
20.74188,105.28943,334.28,0.38,0.58,2025-11-25,0653,SNPP,SNPP,n,2,291.87,3.64,D,0
20.76607,105.36645,327.07,0.38,0.59,2025-11-25,0653,SNPP,SNPP,n,2,291.59,2.33,D,0
20.79268,105.17895,328.43,0.37,0.58,2025-11-25,0653,SNPP,SNPP,n,2,290.87,2.02,D,0
20.93559,105.22122,345.97,0.37,0.58,2025-11-25,0653,SNPP,SNPP,n,2,293.04,8.92,D,0
20.93521,105.21729,356.88,0.37,0.58,2025-11-25,0653,SNPP,SNPP,n,2,296.27,8.92,D,0
21.0081,105.22169,348.85,0.37,0.58,2025-11-25,0653,SNPP,SNPP,n,2,296.05,4.59,D,0
21.00776,105.2181,328.73,0.37,0.58,2025-11-25,0653,SNPP,SNPP,n,2,295.1,4.59,D,0
21.30679,106.751,325.46,0.47,0.64,2025-11-25,0653,SNPP,SNPP,n,2,290.7,3.05,D,0
21.23569,104.99386,325.5,0.36,0.58,2025-11-25,0653,SNPP,SNPP,n,2,294.62,4.4,D,0
21.23537,104.99067,344.06,0.36,0.58,2025-11-25,0653,SNPP,SNPP,n,2,295.97,3.66,D,0
21.35146,105.66548,329.28,0.4,0.6,2025-11-25,0653,SNPP,SNPP,n,2,296.73,1.73,D,0
21.34949,105.66562,329.62,0.4,0.6,2025-11-25,0653,SNPP,SNPP,n,2,296.8,1.19,D,0
21.3936,105.13247,340.3,0.37,0.58,2025-11-25,0653,SNPP,SNPP,n,2,295.8,2.74,D,0
21.39481,105.13287,325.75,0.37,0.58,2025-11-25,0653,SNPP,SNPP,n,2,293.45,2.72,D,0
21.66451,105.28729,331.35,0.38,0.59,2025-11-25,0654,SNPP,SNPP,n,2,294.79,1.81,D,0
21.73838,105.83981,336.38,0.42,0.61,2025-11-25,0654,SNPP,SNPP,n,2,295.64,3.83,D,0
21.85476,106.02248,325.8,0.43,0.62,2025-11-25,0654,SNPP,SNPP,n,2,291.54,2.15,D,0
21.84736,104.87233,367,0.36,0.58,2025-11-25,0654,SNPP,SNPP,h,2,301.89,10.95,D,0
21.91174,105.43498,330.31,0.4,0.6,2025-11-25,0654,SNPP,SNPP,n,2,292.72,3.25,D,0
21.9167,104.9692,326.3,0.37,0.58,2025-11-25,0654,SNPP,SNPP,n,2,296.23,1.59,D,0
21.4819,105.86797,295.62,0.74,0.76,2025-11-25,1742,SNPP,SNPP,n,2,285.05,1.02,N,0
21.01269,106.53575,297.88,0.66,0.73,2025-11-25,1742,SNPP,SNPP,n,2,281.45,1.63,N,2
21.0121,106.53799,297.44,0.66,0.73,2025-11-25,1742,SNPP,SNPP,n,2,281.45,1.61,N,2
21.21314,105.93703,295.18,0.44,0.62,2025-11-25,1922,SNPP,SNPP,n,2,278.99,0.4,N,0
21.03796,106.58924,295.24,0.49,0.65,2025-11-25,1922,SNPP,SNPP,n,2,280.14,0.37,N,2
21.02045,106.53074,299.83,0.48,0.65,2025-11-25,1922,SNPP,SNPP,n,2,281.45,1.04,N,2
21.04146,106.58853,296.94,0.49,0.65,2025-11-25,1922,SNPP,SNPP,n,2,281,0.64,N,2
21.01778,106.52814,298.66,0.48,0.65,2025-11-25,1922,SNPP,SNPP,n,2,280.15,1.52,N,2
20.31814,105.27512,330.02,0.56,0.43,2025-11-26,0634,SNPP,SNPP,n,2,295.15,2.14,D,0
20.4532,105.7373,334.2,0.4,0.44,2025-11-26,0634,SNPP,SNPP,n,2,298.43,3.04,D,0
20.58089,105.66567,334.48,0.4,0.44,2025-11-26,0634,SNPP,SNPP,n,2,293.09,2.51,D,0
20.63461,105.29986,329.92,0.57,0.43,2025-11-26,0634,SNPP,SNPP,n,2,294.35,3.34,D,0
21.2468,106.54392,325.45,0.46,0.47,2025-11-26,0634,SNPP,SNPP,n,2,295.97,2.83,D,0
21.30976,105.63372,339.41,0.4,0.44,2025-11-26,0635,SNPP,SNPP,n,2,297.12,10.86,D,0
21.25084,104.88843,328.94,0.55,0.42,2025-11-26,0635,SNPP,SNPP,n,2,294.3,3.84,D,0
21.49422,105.25188,343.24,0.38,0.43,2025-11-26,0635,SNPP,SNPP,n,2,296.57,3.98,D,0
21.51342,105.2416,333.7,0.38,0.43,2025-11-26,0635,SNPP,SNPP,n,2,296.44,1.79,D,0
21.51744,105.24108,332.69,0.38,0.43,2025-11-26,0635,SNPP,SNPP,n,2,296.12,2.11,D,0
21.57668,104.91908,330.54,0.55,0.43,2025-11-26,0635,SNPP,SNPP,n,2,294.13,6.07,D,0
21.60052,104.94875,330.32,0.56,0.43,2025-11-26,0635,SNPP,SNPP,n,2,294.72,2.06,D,0
21.74339,105.7169,328.29,0.41,0.45,2025-11-26,0635,SNPP,SNPP,n,2,296.76,1.68,D,0
21.78109,105.10085,326.27,0.57,0.43,2025-11-26,0635,SNPP,SNPP,n,2,294.23,2.5,D,0
21.91127,105.43298,345,0.4,0.44,2025-11-26,0635,SNPP,SNPP,n,2,295.92,5,D,0
21.55704,105.87067,300.96,0.43,0.46,2025-11-26,1903,SNPP,SNPP,n,2,285.95,1.26,N,0
21.03799,106.58728,297.38,0.49,0.49,2025-11-26,1904,SNPP,SNPP,n,2,287.19,0.84,N,2
21.02167,106.53014,308.75,0.49,0.48,2025-11-26,1904,SNPP,SNPP,n,2,288.97,1.45,N,2
21.01727,106.52914,312.93,0.49,0.48,2025-11-26,1904,SNPP,SNPP,n,2,290.25,2.41,N,2
21.01542,106.53841,301.52,0.49,0.48,2025-11-26,1904,SNPP,SNPP,n,2,290.35,1.88,N,2
20.46647,106.14778,302.65,0.47,0.48,2025-11-26,1904,SNPP,SNPP,n,2,286.24,0.68,N,0
20.34077,105.91381,301.02,0.46,0.47,2025-11-26,1904,SNPP,SNPP,n,2,288.8,0.46,N,0
20.14412,105.56362,334.7,0.39,0.36,2025-11-27,0615,SNPP,SNPP,n,2,293.34,2.48,D,0
20.21271,105.72593,329.95,0.39,0.36,2025-11-27,0615,SNPP,SNPP,n,2,290.4,2.48,D,0
20.20166,105.45179,325.87,0.38,0.36,2025-11-27,0615,SNPP,SNPP,n,2,289.54,1.84,D,0
20.44579,105.7471,342.6,0.39,0.36,2025-11-27,0615,SNPP,SNPP,n,2,295.94,4.12,D,0
20.56152,105.32613,338.13,0.38,0.36,2025-11-27,0616,SNPP,SNPP,n,2,294.73,4.43,D,0
20.94306,106.54379,332.58,0.4,0.37,2025-11-27,0616,SNPP,SNPP,n,2,298.36,3.57,D,0
20.96927,106.43688,328.87,0.4,0.37,2025-11-27,0616,SNPP,SNPP,n,2,296.33,1.5,D,0
20.97566,105.31548,329.79,0.39,0.36,2025-11-27,0616,SNPP,SNPP,n,2,293.48,11.27,D,0
21.23681,106.62435,330.61,0.41,0.37,2025-11-27,0616,SNPP,SNPP,n,2,290.43,4.05,D,0
21.17539,106.1451,326.52,0.4,0.37,2025-11-27,0616,SNPP,SNPP,l,2,298.34,1.56,D,0
21.29899,106.71864,346.64,0.41,0.37,2025-11-27,0616,SNPP,SNPP,n,2,291.08,12.01,D,0
21.08226,105.14542,342.69,0.38,0.36,2025-11-27,0616,SNPP,SNPP,n,2,296.73,3.78,D,0
21.21458,105.1489,326.9,0.38,0.36,2025-11-27,0616,SNPP,SNPP,n,2,294.7,2.37,D,0
21.5097,104.90803,331.57,0.38,0.36,2025-11-27,0616,SNPP,SNPP,n,2,295.49,2.61,D,0
21.51214,104.9072,343.28,0.38,0.36,2025-11-27,0616,SNPP,SNPP,n,2,304.01,18.88,D,0
21.51158,104.9035,326.02,0.38,0.36,2025-11-27,0616,SNPP,SNPP,n,2,296.27,4.28,D,0
21.82362,104.8836,330.9,0.38,0.36,2025-11-27,0616,SNPP,SNPP,n,2,297.19,3.12,D,0
21.11669,105.97833,315.84,0.4,0.37,2025-11-27,1845,SNPP,SNPP,n,2,277.86,1.27,N,0
20.40084,105.90292,295.1,0.4,0.37,2025-11-27,1845,SNPP,SNPP,n,2,273.11,0.43,N,0
20.39989,105.90347,300.69,0.4,0.37,2025-11-27,1845,SNPP,SNPP,n,2,274.78,0.75,N,0
20.38567,105.75096,332.13,0.5,0.41,2025-11-28,0557,SNPP,SNPP,n,2,297.31,4.59,D,0
20.40285,105.19579,325.8,0.53,0.42,2025-11-28,0557,SNPP,SNPP,n,2,293.43,3.07,D,0
20.65624,105.19735,329.79,0.53,0.42,2025-11-28,0557,SNPP,SNPP,n,2,294.68,3.83,D,0
21.25747,106.65487,333.45,0.44,0.39,2025-11-28,0557,SNPP,SNPP,n,2,296.27,2.62,D,0
20.99929,105.16197,344.06,0.52,0.42,2025-11-28,0557,SNPP,SNPP,n,2,297.64,6.02,D,0
21.26058,106.65522,327.15,0.44,0.39,2025-11-28,0557,SNPP,SNPP,n,2,294.57,2.17,D,0
21.25984,106.65096,329.11,0.44,0.39,2025-11-28,0557,SNPP,SNPP,n,2,294.33,2.17,D,0
20.99812,105.16467,326.4,0.52,0.42,2025-11-28,0557,SNPP,SNPP,l,2,296.65,2.45,D,0
21.01623,105.15567,331.51,0.52,0.42,2025-11-28,0557,SNPP,SNPP,n,2,297.44,7.2,D,0
21.10892,105.17695,328.64,0.52,0.42,2025-11-28,0557,SNPP,SNPP,n,2,294.91,2.78,D,0
21.41556,106.73548,337.19,0.44,0.38,2025-11-28,0557,SNPP,SNPP,n,2,285.72,3.8,D,0
21.20945,105.07748,325.9,0.53,0.42,2025-11-28,0557,SNPP,SNPP,n,2,296.78,2.98,D,0
21.48551,106.25238,325.64,0.46,0.39,2025-11-28,0557,SNPP,SNPP,n,2,293.83,2.2,D,0
21.47354,105.43089,342.7,0.5,0.41,2025-11-28,0557,SNPP,SNPP,n,2,294.64,6.66,D,0
21.67402,106.38482,331.28,0.45,0.39,2025-11-28,0557,SNPP,SNPP,n,2,298.4,35.25,D,0
21.46737,105.00486,327.81,0.53,0.42,2025-11-28,0557,SNPP,SNPP,n,2,295.83,1.73,D,0
21.56841,105.0291,327.9,0.52,0.42,2025-11-28,0557,SNPP,SNPP,n,2,296.02,2.18,D,0
21.62421,104.88934,327.94,0.53,0.42,2025-11-28,0557,SNPP,SNPP,n,2,296.61,5.07,D,0
21.21453,105.93664,296.56,0.46,0.39,2025-11-28,1826,SNPP,SNPP,n,2,284.73,0.19,N,0
21.21262,105.93819,300.3,0.46,0.39,2025-11-28,1826,SNPP,SNPP,n,2,284.74,0.3,N,0
21.26616,105.22635,305.65,0.49,0.4,2025-11-28,1826,SNPP,SNPP,n,2,284.83,0.92,N,0
21.00792,106.54076,298.38,0.43,0.38,2025-11-28,1826,SNPP,SNPP,n,2,286.72,1.09,N,2
20.96272,106.75468,298.84,0.42,0.38,2025-11-28,1826,SNPP,SNPP,n,2,288.28,0.42,N,0
21.05992,105.84002,295.57,0.46,0.39,2025-11-28,1826,SNPP,SNPP,n,2,284.74,0.33,N,0
20.45422,105.88476,302.68,0.45,0.39,2025-11-28,1826,SNPP,SNPP,n,2,288.27,0.65,N,0
20.40839,105.89939,302.29,0.45,0.39,2025-11-28,1826,SNPP,SNPP,n,2,287.78,0.88,N,2
20.40066,105.90256,301.09,0.45,0.39,2025-11-28,1826,SNPP,SNPP,n,2,289.35,0.6,N,2
20.39709,105.90202,306.22,0.45,0.39,2025-11-28,1826,SNPP,SNPP,n,2,289.03,1.06,N,2
20.3484,105.91176,304.33,0.45,0.39,2025-11-28,1826,SNPP,SNPP,n,2,288.18,1.06,N,0
20.34941,105.91302,299.3,0.45,0.39,2025-11-28,1826,SNPP,SNPP,n,2,288.15,0.61,N,0
20.34585,105.91246,296.65,0.45,0.39,2025-11-28,1826,SNPP,SNPP,n,2,286.51,0.84,N,0
20.18076,105.42429,331.11,0.34,0.56,2025-11-29,0538,SNPP,SNPP,n,2,296.28,4.46,D,0
20.69619,105.28739,336.11,0.34,0.56,2025-11-29,0538,SNPP,SNPP,n,2,293.72,3.03,D,0
21.27191,106.66412,334.2,0.54,0.51,2025-11-29,0538,SNPP,SNPP,n,2,296.46,2.8,D,0
21.27473,106.66627,332.07,0.54,0.51,2025-11-29,0538,SNPP,SNPP,n,2,294.46,4.97,D,0
21.15939,105.19296,367,0.33,0.56,2025-11-29,0538,SNPP,SNPP,h,2,298.82,10.63,D,0
21.49757,104.91206,331.78,0.34,0.56,2025-11-29,0538,SNPP,SNPP,n,2,293.35,3.1,D,0
21.49689,104.90887,326.79,0.34,0.56,2025-11-29,0538,SNPP,SNPP,n,2,294.48,2.65,D,0
21.75402,105.33781,327.42,0.64,0.54,2025-11-29,0538,SNPP,SNPP,n,2,293.71,3.9,D,0
21.75369,105.33759,328.8,0.64,0.54,2025-11-29,0538,SNPP,SNPP,n,2,293.81,2.29,D,0
20.45209,105.88457,297.6,0.56,0.51,2025-11-29,1807,SNPP,SNPP,n,2,286.88,0.67,N,0
20.40689,105.90022,302.79,0.56,0.51,2025-11-29,1807,SNPP,SNPP,n,2,289.32,1.56,N,2
20.51251,105.33858,367,0.48,0.64,2025-11-30,0700,SNPP,SNPP,h,2,296.55,6.04,D,0
20.51466,105.34019,367,0.48,0.64,2025-11-30,0700,SNPP,SNPP,h,2,296.96,8.4,D,0
20.63027,105.25652,333.15,0.47,0.64,2025-11-30,0700,SNPP,SNPP,n,2,297.34,4.25,D,0
20.78007,105.48785,348.5,0.49,0.65,2025-11-30,0700,SNPP,SNPP,n,2,296.16,8.08,D,0
20.96589,105.2815,334.55,0.48,0.65,2025-11-30,0700,SNPP,SNPP,n,2,295.39,3.97,D,0
21.00474,105.23974,325.03,0.48,0.64,2025-11-30,0700,SNPP,SNPP,n,2,295.42,2.64,D,0
21.04078,105.16998,332.16,0.47,0.64,2025-11-30,0700,SNPP,SNPP,n,2,296.53,2.44,D,0
21.0428,105.17074,329.38,0.47,0.64,2025-11-30,0700,SNPP,SNPP,n,2,295.29,2.58,D,0
21.07117,105.08136,334.7,0.47,0.64,2025-11-30,0700,SNPP,SNPP,n,2,295.92,3.41,D,0
21.24625,105.23645,325.02,0.48,0.65,2025-11-30,0700,SNPP,SNPP,n,2,294.72,1.87,D,0
21.24088,104.89349,334.63,0.46,0.63,2025-11-30,0700,SNPP,SNPP,n,2,295.66,3.13,D,0
21.34997,105.73268,344.99,0.52,0.67,2025-11-30,0700,SNPP,SNPP,n,2,295.48,4.6,D,0
21.37762,104.91025,332.53,0.46,0.63,2025-11-30,0700,SNPP,SNPP,n,2,296.09,2.4,D,0
21.56476,104.91976,334.31,0.46,0.64,2025-11-30,0700,SNPP,SNPP,n,2,296.85,3.05,D,0
21.80386,105.62355,334.71,0.51,0.66,2025-11-30,0700,SNPP,SNPP,n,2,295.19,3.92,D,0
21.77184,105.12107,354.59,0.48,0.64,2025-11-30,0700,SNPP,SNPP,n,2,296.8,6.92,D,0
21.77397,105.12234,332.24,0.48,0.64,2025-11-30,0700,SNPP,SNPP,n,2,295.18,6.55,D,0
21.77353,105.1171,331.07,0.48,0.64,2025-11-30,0700,SNPP,SNPP,n,2,295.09,4.32,D,0
21.85317,105.33552,325.66,0.49,0.65,2025-11-30,0700,SNPP,SNPP,n,2,294.89,2.87,D,0
21.92957,106.17498,355.25,0.56,0.69,2025-11-30,0700,SNPP,SNPP,n,2,295.13,7.51,D,0
21.84017,105.11493,327.47,0.48,0.64,2025-11-30,0700,SNPP,SNPP,n,2,293.34,4.76,D,0
21.93036,106.17691,352.35,0.56,0.69,2025-11-30,0700,SNPP,SNPP,n,2,294.5,9.51,D,0
21.90423,104.85691,331.86,0.46,0.64,2025-11-30,0700,SNPP,SNPP,n,2,294.85,7.01,D,0
21.90379,104.85195,348.9,0.46,0.64,2025-11-30,0700,SNPP,SNPP,n,2,296.41,6.27,D,0
21.91018,104.85651,330.08,0.46,0.64,2025-11-30,0700,SNPP,SNPP,n,2,293.46,2.31,D,0
20.1348,105.46561,328.66,0.41,0.37,2025-12-02,0622,SNPP,SNPP,n,2,298.84,2.99,D,0
20.11136,105.25005,333.6,0.41,0.37,2025-12-02,0622,SNPP,SNPP,n,2,298.24,1.9,D,0
20.50032,105.61604,331.46,0.42,0.38,2025-12-02,0622,SNPP,SNPP,n,2,298.77,2.89,D,0
20.64907,105.189,334.8,0.41,0.37,2025-12-02,0622,SNPP,SNPP,n,2,296.76,28.83,D,0
20.65534,105.18401,331.76,0.41,0.37,2025-12-02,0622,SNPP,SNPP,n,2,298.44,3.13,D,0
20.99044,105.28827,331.15,0.41,0.37,2025-12-02,0622,SNPP,SNPP,n,2,296.6,2.92,D,0
21.2351,106.31552,340.42,0.45,0.39,2025-12-02,0622,SNPP,SNPP,n,2,297.87,4.7,D,0
21.48169,106.24914,336.68,0.45,0.39,2025-12-02,0622,SNPP,SNPP,n,2,299.24,4.87,D,0
21.48526,106.24854,332.56,0.45,0.39,2025-12-02,0622,SNPP,SNPP,n,2,297.03,4.87,D,0
21.36987,104.91846,327.95,0.4,0.37,2025-12-02,0622,SNPP,SNPP,n,2,297.86,2.37,D,0
21.57318,105.34835,331.64,0.42,0.37,2025-12-02,0622,SNPP,SNPP,n,2,297.48,5.08,D,0
21.57607,105.3438,325.71,0.42,0.37,2025-12-02,0622,SNPP,SNPP,n,2,295.31,3.21,D,0
21.64412,105.28467,327.92,0.42,0.37,2025-12-02,0622,SNPP,SNPP,n,2,294.69,2.33,D,0
21.88408,105.69526,327.13,0.43,0.38,2025-12-02,0622,SNPP,SNPP,n,2,295.55,2.14,D,0
21.87074,105.51821,325.98,0.43,0.38,2025-12-02,0622,SNPP,SNPP,n,2,294.75,3.6,D,0
21.85725,104.86887,331.81,0.41,0.37,2025-12-02,0622,SNPP,SNPP,n,2,298.39,3.56,D,0
21.94221,105.0285,340.63,0.41,0.37,2025-12-02,0622,SNPP,SNPP,n,2,296.95,6.46,D,0
21.01478,106.54012,314.31,0.48,0.4,2025-12-02,1851,SNPP,SNPP,n,2,289.74,1.73,N,0
20.21445,105.62616,331.75,0.43,0.38,2025-12-03,0603,SNPP,SNPP,n,2,295.31,2.11,D,0
20.77992,106.63049,304.61,0.39,0.36,2025-12-03,1833,SNPP,SNPP,n,2,289.45,0.69,N,0
21.02096,106.53068,300.84,0.39,0.59,2025-12-06,1916,SNPP,SNPP,n,2,289.35,1.52,N,2
21.01396,106.5367,298.97,0.39,0.59,2025-12-06,1916,SNPP,SNPP,n,2,288.37,0.73,N,2
21.01315,106.5404,305.62,0.39,0.59,2025-12-06,1916,SNPP,SNPP,n,2,288.81,0.73,N,2
20.71467,105.48689,331.09,0.39,0.36,2025-12-08,0610,SNPP,SNPP,n,2,293.93,2.59,D,0
21.62211,106.80318,327.16,0.39,0.36,2025-12-08,0610,SNPP,SNPP,n,2,293.76,1.87,D,0
21.60831,106.08711,342.18,0.38,0.36,2025-12-08,0610,SNPP,SNPP,n,2,299.18,11.2,D,0
21.61219,106.09024,327.42,0.38,0.36,2025-12-08,0610,SNPP,SNPP,n,2,295.66,3.09,D,0
21.61162,106.08653,338.74,0.38,0.36,2025-12-08,0610,SNPP,SNPP,n,2,294.06,4.8,D,0
21.62532,105.67603,330.72,0.39,0.36,2025-12-08,0610,SNPP,SNPP,n,2,294.31,1.35,D,0
21.67719,105.81181,330.07,0.39,0.36,2025-12-08,0610,SNPP,SNPP,n,2,294.82,3.85,D,0
21.67662,105.8081,328.86,0.39,0.36,2025-12-08,0610,SNPP,SNPP,n,2,295.72,3.03,D,0
21.90269,106.1339,331.35,0.38,0.36,2025-12-08,0610,SNPP,SNPP,n,2,300.24,26.48,D,0
21.84098,105.20724,299.41,0.39,0.36,2025-12-08,1839,SNPP,SNPP,n,2,288.62,0.23,N,0
21.56805,106.49482,300.46,0.39,0.36,2025-12-08,1839,SNPP,SNPP,n,2,289.07,0.47,N,0
21.55902,105.87084,299.18,0.38,0.36,2025-12-08,1839,SNPP,SNPP,n,2,288.93,0.79,N,0
21.01944,106.53313,306.88,0.39,0.36,2025-12-08,1839,SNPP,SNPP,n,2,290.13,2.35,N,0
21.01493,106.53992,308.44,0.39,0.36,2025-12-08,1839,SNPP,SNPP,n,2,290.99,1.65,N,0
20.34915,105.91182,305.77,0.38,0.36,2025-12-08,1839,SNPP,SNPP,n,2,290.44,0.84,N,0
20.34197,105.9143,303.15,0.38,0.36,2025-12-08,1839,SNPP,SNPP,n,2,290.03,0.62,N,0
21.22129,106.72697,367,0.33,0.56,2025-12-10,0532,SNPP,SNPP,h,2,293.65,8.34,D,0
21.22193,106.73004,348.73,0.33,0.55,2025-12-10,0532,SNPP,SNPP,n,2,293.29,10.08,D,0
21.22374,106.72797,367,0.33,0.55,2025-12-10,0532,SNPP,SNPP,h,2,294.43,13.02,D,0
21.23524,106.75685,353.18,0.33,0.55,2025-12-10,0532,SNPP,SNPP,n,2,292.14,6.97,D,0
21.23464,106.75405,328.67,0.33,0.55,2025-12-10,0532,SNPP,SNPP,n,2,290.94,3.88,D,0
21.20433,105.19718,331.29,0.42,0.61,2025-12-10,0532,SNPP,SNPP,n,2,292.14,3.38,D,0
21.2035,105.19339,335.72,0.42,0.61,2025-12-10,0532,SNPP,SNPP,n,2,291.2,3.38,D,0
21.20236,105.1978,333.68,0.42,0.61,2025-12-10,0532,SNPP,SNPP,n,2,292.19,3.92,D,0
21.2015,105.19398,342.98,0.42,0.61,2025-12-10,0532,SNPP,SNPP,n,2,291.62,3.92,D,0
21.53566,106.33112,325.75,0.35,0.57,2025-12-10,0532,SNPP,SNPP,n,2,293.17,2.85,D,0
21.57344,106.17922,331.82,0.35,0.57,2025-12-10,0532,SNPP,SNPP,n,2,293.44,2.24,D,0
21.74988,106.36575,328.3,0.34,0.56,2025-12-10,0532,SNPP,SNPP,n,2,291.67,3.1,D,0
21.71711,106.0076,326.46,0.36,0.57,2025-12-10,0532,SNPP,SNPP,n,2,291.88,1.68,D,0
21.72235,106.00634,325.86,0.36,0.57,2025-12-10,0532,SNPP,SNPP,n,2,290.45,1.68,D,0
21.72054,106.00587,335.5,0.36,0.57,2025-12-10,0532,SNPP,SNPP,n,2,290.6,3.32,D,0
21.82059,106.13834,342.21,0.35,0.57,2025-12-10,0532,SNPP,SNPP,n,2,292.05,8.86,D,0
21.82622,106.13914,327.31,0.35,0.57,2025-12-10,0532,SNPP,SNPP,n,2,290.65,8.86,D,0
21.82554,106.13594,355.65,0.35,0.57,2025-12-10,0532,SNPP,SNPP,n,2,293.56,8.86,D,0
21.77191,105.8605,340.26,0.37,0.58,2025-12-10,0532,SNPP,SNPP,n,2,291.51,4.67,D,0
21.79045,105.72587,326.33,0.37,0.58,2025-12-10,0533,SNPP,SNPP,n,2,292.42,1.39,D,0
21.81311,105.80343,336.35,0.37,0.58,2025-12-10,0533,SNPP,SNPP,n,2,291.64,5.32,D,0
21.71263,105.16695,356.35,0.41,0.6,2025-12-10,0533,SNPP,SNPP,n,2,293.4,9.33,D,0
21.64081,105.07816,332.01,0.75,0.77,2025-12-10,0713,SNPP,SNPP,n,2,290.24,3.69,D,0
21.68999,105.37168,335.58,0.79,0.78,2025-12-10,0713,SNPP,SNPP,n,2,290.76,6.71,D,0
21.71391,105.18734,326.03,0.77,0.77,2025-12-10,0713,SNPP,SNPP,n,2,291.09,5.38,D,0
21.71273,105.17068,325.15,0.76,0.77,2025-12-10,0713,SNPP,SNPP,n,2,290.69,9.48,D,0
21.69052,105.37116,338.5,0.79,0.78,2025-12-10,0713,SNPP,SNPP,n,2,290.53,10.18,D,0
21.71551,105.18621,325.61,0.77,0.77,2025-12-10,0713,SNPP,SNPP,n,2,291.18,9.2,D,0
21.61967,105.04049,339.45,0.33,0.55,2025-12-15,0539,SNPP,SNPP,n,2,290.96,2.92,D,0
21.02257,106.53248,297.48,0.62,0.54,2025-12-17,1911,SNPP,SNPP,n,2,287.4,0.8,N,0
21.01768,106.53131,309.78,0.62,0.54,2025-12-17,1911,SNPP,SNPP,n,2,289.74,2.47,N,2
21.01029,106.5419,300.95,0.62,0.54,2025-12-17,1911,SNPP,SNPP,n,2,288.24,2.81,N,2
21.11917,105.98045,311.01,0.57,0.52,2025-12-17,1911,SNPP,SNPP,n,2,283.52,2.64,N,0
21.11803,105.98587,308.89,0.57,0.52,2025-12-17,1911,SNPP,SNPP,n,2,282.32,2.64,N,0
21.11446,105.97934,299.82,0.57,0.52,2025-12-17,1911,SNPP,SNPP,n,2,282.55,2.28,N,0
21.11332,105.98476,309.56,0.57,0.52,2025-12-17,1911,SNPP,SNPP,n,2,282.44,2.28,N,0
21.00969,106.54129,301.42,0.62,0.54,2025-12-17,1911,SNPP,SNPP,n,2,287.7,0.98,N,2
21.11833,105.98491,322.59,0.57,0.52,2025-12-17,1911,SNPP,SNPP,n,2,284.03,3.24,N,0
21.11362,105.98379,310.91,0.57,0.52,2025-12-17,1911,SNPP,SNPP,n,2,282.79,2.42,N,0
20.219,105.53671,333.63,0.42,0.37,2025-12-18,0622,SNPP,SNPP,n,2,296.48,3.1,D,0
20.27648,105.42677,340.62,0.41,0.37,2025-12-18,0622,SNPP,SNPP,n,2,297.46,6.75,D,0
21.19214,106.50404,332.37,0.46,0.39,2025-12-18,0623,SNPP,SNPP,n,2,293.29,4.83,D,0
21.27753,106.53017,330.87,0.46,0.39,2025-12-18,0623,SNPP,SNPP,n,2,292.98,2.46,D,0
21.40536,106.4612,335.1,0.46,0.39,2025-12-18,0623,SNPP,SNPP,n,2,294.23,3.44,D,0
21.47521,106.42509,334.35,0.46,0.39,2025-12-18,0623,SNPP,SNPP,n,2,294.72,3.39,D,0
21.46449,106.26051,325.79,0.45,0.39,2025-12-18,0623,SNPP,SNPP,n,2,295.38,2.2,D,0
21.53259,106.33078,333.96,0.46,0.39,2025-12-18,0623,SNPP,SNPP,n,2,295.2,4.05,D,0
21.72602,105.3623,330.2,0.42,0.38,2025-12-18,0623,SNPP,SNPP,n,2,292.67,3.27,D,0
21.81628,105.8568,328.84,0.44,0.38,2025-12-18,0623,SNPP,SNPP,n,2,290.66,1.76,D,0
21.71532,104.99129,329.49,0.41,0.37,2025-12-18,0623,SNPP,SNPP,n,2,291.39,2.62,D,0
21.56146,105.86945,321.14,0.45,0.39,2025-12-18,1852,SNPP,SNPP,n,2,288,2.23,N,0
21.56202,105.87127,314.95,0.45,0.39,2025-12-18,1852,SNPP,SNPP,n,2,287.28,1.14,N,0
21.55849,105.87055,308.11,0.45,0.39,2025-12-18,1852,SNPP,SNPP,n,2,288,1.14,N,0
21.27629,105.63605,300.19,0.44,0.38,2025-12-18,1852,SNPP,SNPP,n,2,288.96,0.42,N,0
21.04119,106.58698,300.36,0.49,0.4,2025-12-18,1852,SNPP,SNPP,n,2,288.71,0.56,N,2
21.01742,106.52896,303.86,0.49,0.4,2025-12-18,1852,SNPP,SNPP,n,2,290.57,1.99,N,2
21.01572,106.53824,300.37,0.49,0.4,2025-12-18,1852,SNPP,SNPP,n,2,289.44,0.97,N,2
21.01204,106.53748,300.55,0.49,0.4,2025-12-18,1852,SNPP,SNPP,n,2,289.5,1.87,N,2
21.00934,106.5397,305.61,0.49,0.4,2025-12-18,1852,SNPP,SNPP,n,2,288.14,1.1,N,2
20.78067,106.63162,299.16,0.5,0.41,2025-12-18,1852,SNPP,SNPP,n,2,287.86,0.46,N,0
20.77696,106.63087,305.04,0.5,0.41,2025-12-18,1852,SNPP,SNPP,n,2,287.91,0.63,N,0
20.51341,105.86981,300.83,0.46,0.39,2025-12-18,1852,SNPP,SNPP,n,2,288.76,0.53,N,0
20.40274,105.89978,299.17,0.46,0.39,2025-12-18,1852,SNPP,SNPP,n,2,288.55,0.6,N,2
20.39836,105.9035,299.31,0.46,0.39,2025-12-18,1852,SNPP,SNPP,n,2,289.14,0.53,N,2
20.3405,105.91177,298.8,0.47,0.39,2025-12-18,1852,SNPP,SNPP,n,2,288.28,0.56,N,2
20.14697,105.56795,334.71,0.43,0.38,2025-12-19,0604,SNPP,SNPP,n,2,297.09,5.4,D,0
20.15046,105.56731,336.2,0.43,0.38,2025-12-19,0604,SNPP,SNPP,n,2,295.64,4.63,D,0
20.18763,105.76653,325.33,0.42,0.38,2025-12-19,0604,SNPP,SNPP,l,2,295.41,2.17,D,0
20.12256,105.21057,326.53,0.45,0.39,2025-12-19,0604,SNPP,SNPP,n,2,293.98,5.51,D,0
20.12184,105.20634,334.18,0.45,0.39,2025-12-19,0604,SNPP,SNPP,n,2,297.39,5.51,D,0
20.16523,105.44112,332.92,0.44,0.38,2025-12-19,0604,SNPP,SNPP,n,2,298.54,4.23,D,0
20.17091,105.32402,330.44,0.44,0.38,2025-12-19,0604,SNPP,SNPP,n,2,294.48,2.97,D,0
20.51158,105.7149,333.45,0.42,0.38,2025-12-19,0604,SNPP,SNPP,n,2,297.72,3.22,D,0
20.48992,105.50074,342.03,0.43,0.38,2025-12-19,0604,SNPP,SNPP,n,2,295,4.79,D,0
20.59951,105.63324,329.76,0.43,0.38,2025-12-19,0604,SNPP,SNPP,n,2,293.59,2.05,D,0
20.59942,104.95401,335.31,0.45,0.39,2025-12-19,0604,SNPP,SNPP,n,2,292.32,4.23,D,0
20.80835,105.43454,331.74,0.43,0.38,2025-12-19,0604,SNPP,SNPP,n,2,299.06,14.54,D,0
21.0008,105.15952,331.57,0.44,0.38,2025-12-19,0604,SNPP,SNPP,n,2,295.45,4.63,D,0
21.18075,105.23808,329.7,0.43,0.38,2025-12-19,0604,SNPP,SNPP,n,2,293.21,3.22,D,0
21.47244,105.82683,325.32,0.41,0.37,2025-12-19,0604,SNPP,SNPP,l,2,299.55,2.07,D,0
21.62929,106.61459,329.85,0.39,0.36,2025-12-19,0604,SNPP,SNPP,n,2,294.22,2.93,D,0
21.84178,106.0702,334.84,0.4,0.37,2025-12-19,0604,SNPP,SNPP,n,2,295.59,12.53,D,0
21.69481,106.30994,296.06,0.4,0.37,2025-12-19,1833,SNPP,SNPP,n,2,283.47,0.58,N,0
21.56561,106.4938,296.15,0.39,0.36,2025-12-19,1833,SNPP,SNPP,n,2,284.74,0.4,N,0
20.40791,105.90018,311.69,0.4,0.37,2025-12-19,1833,SNPP,SNPP,n,2,291.86,1.11,N,2
20.40455,105.89963,305.62,0.4,0.37,2025-12-19,1833,SNPP,SNPP,n,2,291.28,0.97,N,2
20.39726,105.90229,306.05,0.4,0.37,2025-12-19,1833,SNPP,SNPP,n,2,291.08,0.81,N,2
21.22395,106.19517,338.76,0.45,0.47,2025-12-20,0545,SNPP,SNPP,n,2,293.3,5.89,D,0
21.22822,106.19418,341.9,0.45,0.47,2025-12-20,0545,SNPP,SNPP,n,2,291.64,5.89,D,0
21.16076,105.15102,339.2,0.53,0.5,2025-12-20,0545,SNPP,SNPP,n,2,294.1,7.64,D,0
21.62898,105.29406,327.3,0.51,0.49,2025-12-20,0545,SNPP,SNPP,n,2,291.88,3.89,D,0
21.04143,106.58918,304.47,0.41,0.45,2025-12-20,1814,SNPP,SNPP,n,2,290.71,1.03,N,2
21.01955,106.52998,306.43,0.41,0.45,2025-12-20,1814,SNPP,SNPP,n,2,293.1,1.45,N,2
21.01394,106.54124,303.18,0.41,0.45,2025-12-20,1814,SNPP,SNPP,n,2,290.91,0.57,N,2
21.00982,106.54065,302.25,0.41,0.45,2025-12-20,1814,SNPP,SNPP,n,2,290.29,0.57,N,2
20.40762,105.89885,308.99,0.44,0.46,2025-12-20,1814,SNPP,SNPP,n,2,290.11,2.17,N,2
20.39859,105.90189,300.32,0.44,0.46,2025-12-20,1814,SNPP,SNPP,n,2,289.96,0.77,N,2
21.01929,106.53208,325.68,0.43,0.62,2025-12-21,0526,SNPP,SNPP,l,2,295.92,3.55,D,2
21.29537,106.82267,330.83,0.41,0.61,2025-12-21,0526,SNPP,SNPP,n,2,289.85,1.67,D,0
21.3871,106.39138,353.37,0.43,0.62,2025-12-21,0526,SNPP,SNPP,n,2,291.11,6.29,D,0
21.25835,106.65945,328.25,0.75,0.77,2025-12-21,0707,SNPP,SNPP,n,2,288.5,8.43,D,0
21.25784,106.65219,343.72,0.75,0.77,2025-12-21,0707,SNPP,SNPP,n,2,288.92,8.43,D,0
21.24954,106.43637,331.94,0.73,0.76,2025-12-21,0707,SNPP,SNPP,n,2,288.76,4.81,D,0
21.38601,106.38888,327.41,0.72,0.76,2025-12-21,0707,SNPP,SNPP,n,2,288.03,3.7,D,0
21.03971,106.58734,305.28,0.41,0.6,2025-12-21,1755,SNPP,SNPP,n,2,289.62,1.21,N,2
21.01695,106.52792,302.81,0.41,0.61,2025-12-21,1755,SNPP,SNPP,n,2,290.08,1.22,N,2
21.0162,106.53597,304.94,0.41,0.61,2025-12-21,1755,SNPP,SNPP,n,2,290.13,1.95,N,2
21.01019,106.53933,301.33,0.41,0.61,2025-12-21,1755,SNPP,SNPP,n,2,289.93,0.62,N,2
20.49299,105.59612,331.73,0.63,0.54,2025-12-22,0648,SNPP,SNPP,n,2,289.87,5.97,D,0
21.20245,106.57456,331.55,0.37,0.58,2025-12-22,0648,SNPP,SNPP,n,2,291.26,1.54,D,0
21.2129,104.93301,325.41,0.58,0.52,2025-12-22,0648,SNPP,SNPP,n,2,294.21,3.38,D,0
21.54398,105.16158,334.34,0.6,0.53,2025-12-22,0648,SNPP,SNPP,n,2,289.13,3.12,D,0
21.62377,105.24155,340.01,0.61,0.54,2025-12-22,0648,SNPP,SNPP,n,2,293.47,10.65,D,0
21.63253,105.27693,326.12,0.62,0.54,2025-12-22,0648,SNPP,SNPP,n,2,292.12,2.42,D,0
21.79165,104.96022,330.48,0.59,0.53,2025-12-22,0648,SNPP,SNPP,n,2,289.11,3.95,D,0
20.17686,105.37449,326.55,0.47,0.4,2025-12-23,0629,SNPP,SNPP,n,2,292.87,2.62,D,0
20.53328,105.45775,333.12,0.48,0.4,2025-12-23,0629,SNPP,SNPP,n,2,296.72,4.3,D,0
20.53164,105.45573,331.47,0.48,0.4,2025-12-23,0629,SNPP,SNPP,n,2,294.35,2.29,D,0
20.81433,105.42562,335.89,0.48,0.4,2025-12-23,0629,SNPP,SNPP,n,2,291.5,3.85,D,0
20.84261,105.41159,334.92,0.48,0.4,2025-12-23,0629,SNPP,SNPP,n,2,290.49,4.82,D,0
20.84034,105.40858,336.23,0.48,0.4,2025-12-23,0629,SNPP,SNPP,n,2,292.94,7.83,D,0
21.14386,106.62958,331.28,0.56,0.43,2025-12-23,0629,SNPP,SNPP,n,2,293.76,5.27,D,0
21.45353,106.30751,331.19,0.55,0.42,2025-12-23,0629,SNPP,SNPP,n,2,292.24,6.01,D,0
20.17539,105.49211,328.59,0.39,0.36,2025-12-24,0610,SNPP,SNPP,n,2,297.92,2.42,D,0
20.13738,105.1894,333,0.4,0.37,2025-12-24,0610,SNPP,SNPP,n,2,296.89,6.06,D,0
20.15882,105.05672,330.14,0.4,0.37,2025-12-24,0610,SNPP,SNPP,n,2,295.59,2.57,D,0
20.62747,105.39259,329.17,0.39,0.36,2025-12-24,0610,SNPP,SNPP,n,2,296.51,3.2,D,0
20.6308,105.39197,332.79,0.39,0.36,2025-12-24,0610,SNPP,SNPP,n,2,295.86,3.2,D,0
20.76539,105.37062,347.57,0.39,0.36,2025-12-24,0610,SNPP,SNPP,n,2,295.91,4.57,D,0
20.76872,105.36997,327.71,0.39,0.36,2025-12-24,0610,SNPP,SNPP,n,2,293,4.57,D,0
21.22547,106.70552,330.14,0.33,0.55,2025-12-26,0533,SNPP,SNPP,n,2,289.55,2.54,D,0
21.23048,106.70411,367,0.33,0.55,2025-12-26,0533,SNPP,SNPP,h,2,291.81,9.48,D,0
21.22989,106.70136,342.8,0.33,0.55,2025-12-26,0533,SNPP,SNPP,n,2,288.57,9.48,D,0
21.32215,106.83896,328.11,0.32,0.55,2025-12-26,0533,SNPP,SNPP,n,2,293.19,1.53,D,0
21.51128,106.41566,325.84,0.34,0.56,2025-12-26,0533,SNPP,SNPP,n,2,290.54,2.48,D,0
21.70968,105.16992,350.36,0.41,0.6,2025-12-26,0533,SNPP,SNPP,n,2,291.99,7.51,D,0
21.8409,105.42556,367,0.39,0.59,2025-12-26,0533,SNPP,SNPP,h,2,291.81,7.88,D,0
21.0379,106.58829,312.64,0.32,0.55,2025-12-26,1802,SNPP,SNPP,n,2,286.14,0.65,N,2
21.01859,106.5286,317.53,0.32,0.55,2025-12-26,1802,SNPP,SNPP,n,2,288.02,1.51,N,2
21.01792,106.53491,295.83,0.32,0.55,2025-12-26,1802,SNPP,SNPP,n,2,285.53,0.54,N,2
21.01284,106.53429,296.96,0.32,0.55,2025-12-26,1802,SNPP,SNPP,n,2,285.48,0.56,N,2
21.01251,106.53743,296.96,0.32,0.55,2025-12-26,1802,SNPP,SNPP,n,2,286.31,0.56,N,2
21.74657,106.17038,342.16,0.45,0.47,2025-12-28,0636,SNPP,SNPP,n,2,294.69,8.04,D,0
21.88396,104.88914,332.26,0.56,0.43,2025-12-28,0636,SNPP,SNPP,n,2,291.45,6.99,D,0
21.88792,104.88846,333.34,0.56,0.43,2025-12-28,0636,SNPP,SNPP,n,2,289.66,16.18,D,0
20.1059,105.51207,333.1,0.39,0.36,2025-12-29,0616,SNPP,SNPP,n,2,296.92,2.91,D,0
20.62906,105.21148,328.4,0.38,0.36,2025-12-29,0617,SNPP,SNPP,n,2,289.15,1.66,D,0
21.28737,106.57636,332.45,0.54,0.51,2025-12-31,0539,SNPP,SNPP,n,2,283.97,3.16,D,0
21.28466,106.57402,336.59,0.54,0.51,2025-12-31,0539,SNPP,SNPP,n,2,285.28,3.2,D,0
21.27936,106.43021,330.06,0.55,0.51,2025-12-31,0539,SNPP,SNPP,n,2,286.17,3.37,D,0
21.01548,106.53875,304.91,0.49,0.4,2026-01-03,1852,SNPP,SNPP,n,2,286.98,1.41,N,2
20.9088,106.69569,299.56,0.5,0.41,2026-01-03,1852,SNPP,SNPP,n,2,285.1,0.84,N,0
20.62611,106.44933,308.85,0.39,0.36,2026-01-04,1834,SNPP,SNPP,n,2,287.23,0.46,N,0
20.62279,106.44876,298.39,0.39,0.36,2026-01-04,1834,SNPP,SNPP,n,2,286.89,0.46,N,0
20.53342,105.86533,295.32,0.44,0.63,2026-01-06,1756,SNPP,SNPP,n,2,283.36,1.5,N,0
20.105,106.06039,312.03,0.43,0.62,2026-01-06,1756,SNPP,SNPP,n,2,280.84,1.66,N,0
20.89757,106.04725,325.64,0.34,0.56,2026-01-07,0648,SNPP,SNPP,n,2,292.06,1.42,D,0
20.89832,106.04573,328.74,0.34,0.56,2026-01-07,0648,SNPP,SNPP,n,2,292.23,1.49,D,0
21.019,105.93175,328.53,0.34,0.56,2026-01-07,0648,SNPP,SNPP,n,2,289.75,1.56,D,0
21.08247,105.64186,326.59,0.32,0.55,2026-01-07,0648,SNPP,SNPP,n,2,292.31,1.06,D,0
21.25571,106.65636,367,0.38,0.58,2026-01-07,0648,SNPP,SNPP,h,2,298.28,22.03,D,0
21.29477,106.66207,327.21,0.38,0.59,2026-01-07,0648,SNPP,SNPP,n,2,288.4,1.01,D,0
21.52321,106.48642,327.37,0.37,0.58,2026-01-07,0649,SNPP,SNPP,n,2,291.39,1.84,D,0
21.62601,106.68505,367,0.38,0.59,2026-01-07,0649,SNPP,SNPP,h,2,292.68,6.67,D,0
21.62636,106.68879,331.45,0.38,0.59,2026-01-07,0649,SNPP,SNPP,n,2,288.72,6.91,D,0
21.59323,105.902,332.9,0.34,0.56,2026-01-07,0649,SNPP,SNPP,n,2,293.11,2.05,D,0
21.02221,106.52947,302.03,0.39,0.59,2026-01-07,1917,SNPP,SNPP,n,2,284.86,0.87,N,2
21.01682,106.52811,306.09,0.39,0.59,2026-01-07,1917,SNPP,SNPP,n,2,284.88,1.1,N,2
21.01516,106.53555,296.86,0.39,0.59,2026-01-07,1917,SNPP,SNPP,n,2,284.94,1.47,N,2
21.01433,106.53929,296.79,0.39,0.59,2026-01-07,1917,SNPP,SNPP,n,2,285.48,1.01,N,2
20.51412,105.86932,301.99,0.36,0.58,2026-01-07,1918,SNPP,SNPP,n,2,284.19,0.4,N,0
20.48415,105.88009,295.46,0.36,0.58,2026-01-07,1918,SNPP,SNPP,n,2,282.87,0.52,N,0
20.40337,105.90163,300.75,0.37,0.58,2026-01-07,1918,SNPP,SNPP,n,2,284.47,0.51,N,2
20.39813,105.90027,300.44,0.37,0.58,2026-01-07,1918,SNPP,SNPP,n,2,284.11,0.51,N,2
20.34234,105.91339,297.74,0.37,0.58,2026-01-07,1918,SNPP,SNPP,n,2,282.91,0.71,N,0
20.13626,105.5337,332.85,0.48,0.4,2026-01-08,0629,SNPP,SNPP,n,2,298.3,2.33,D,0
20.15344,105.44801,330.85,0.48,0.4,2026-01-08,0629,SNPP,SNPP,n,2,298.17,5.78,D,0
20.1571,105.44732,325.19,0.48,0.4,2026-01-08,0629,SNPP,SNPP,n,2,294.32,2.1,D,0
20.18038,105.42496,329.66,0.48,0.4,2026-01-08,0629,SNPP,SNPP,n,2,294.02,4.4,D,0
20.19445,105.50313,327.83,0.48,0.4,2026-01-08,0629,SNPP,SNPP,n,2,295.14,2.28,D,0
20.42916,105.59444,327.32,0.49,0.4,2026-01-08,0629,SNPP,SNPP,n,2,293.85,1.86,D,0
21.12956,106.74789,326.56,0.38,0.43,2026-01-08,0630,SNPP,SNPP,n,2,292.19,2.75,D,0
21.34846,105.84173,325.07,0.51,0.41,2026-01-08,0630,SNPP,SNPP,n,2,294.47,1.58,D,0
21.46642,106.45971,329.28,0.56,0.43,2026-01-08,0630,SNPP,SNPP,n,2,291.7,4.12,D,0
21.51153,106.56465,332.72,0.57,0.43,2026-01-08,0630,SNPP,SNPP,n,2,296.27,9.4,D,0
21.61303,106.7208,339.75,0.39,0.44,2026-01-08,0630,SNPP,SNPP,n,2,291.99,3.81,D,0
21.6292,106.68548,335.58,0.38,0.44,2026-01-08,0630,SNPP,SNPP,n,2,292.42,4.18,D,0
21.71699,106.6586,331.45,0.38,0.44,2026-01-08,0630,SNPP,SNPP,n,2,291.69,2.89,D,0
21.71089,106.06067,327.81,0.53,0.42,2026-01-08,0630,SNPP,SNPP,n,2,295.42,1.86,D,0
21.72711,105.68473,326.17,0.51,0.41,2026-01-08,0630,SNPP,SNPP,n,2,292.99,2.45,D,0
21.79426,106.05984,331.81,0.54,0.42,2026-01-08,0630,SNPP,SNPP,n,2,292.49,6.92,D,0
21.01706,106.52963,316.33,0.4,0.44,2026-01-08,1859,SNPP,SNPP,n,2,288.22,2.3,N,2
21.01719,106.53073,314.53,0.4,0.44,2026-01-08,1859,SNPP,SNPP,n,2,287.2,1.91,N,2
21.007,106.54034,302.68,0.4,0.44,2026-01-08,1859,SNPP,SNPP,n,2,281.91,1.56,N,0
20.48097,105.881,297.05,0.56,0.43,2026-01-08,1859,SNPP,SNPP,n,2,282.79,0.8,N,0
20.3996,105.90263,300.74,0.56,0.43,2026-01-08,1859,SNPP,SNPP,n,2,285.24,0.96,N,2
20.15278,105.81216,331.56,0.39,0.36,2026-01-09,0611,SNPP,SNPP,n,2,296.09,2.48,D,0
20.14811,105.45798,331.86,0.39,0.36,2026-01-09,0611,SNPP,SNPP,n,2,296.09,1.64,D,0
20.42561,105.69105,331.37,0.39,0.36,2026-01-09,0611,SNPP,SNPP,n,2,294.28,1.83,D,0
20.45825,105.83704,330.75,0.39,0.36,2026-01-09,0611,SNPP,SNPP,n,2,295.26,2,D,0
20.56781,105.52106,335.6,0.39,0.36,2026-01-09,0611,SNPP,SNPP,n,2,297.26,3.92,D,0
20.85867,106.83561,329.94,0.39,0.36,2026-01-09,0611,SNPP,SNPP,n,2,293.18,2.42,D,0
20.86254,106.83874,338.43,0.39,0.36,2026-01-09,0611,SNPP,SNPP,n,2,295.13,8.68,D,0
20.71599,105.62024,331.18,0.39,0.36,2026-01-09,0611,SNPP,SNPP,n,2,294.56,3.41,D,0
21.01363,106.54015,329.07,0.38,0.36,2026-01-09,0611,SNPP,SNPP,l,2,301.15,2.53,D,2
21.01912,106.53164,329.56,0.38,0.36,2026-01-09,0611,SNPP,SNPP,l,2,303.36,2.99,D,2
21.04567,106.57241,331.33,0.38,0.36,2026-01-09,0611,SNPP,SNPP,n,2,296.17,3.09,D,0
20.87437,105.42319,331.61,0.39,0.36,2026-01-09,0611,SNPP,SNPP,n,2,292.58,2.81,D,0
20.9778,106.04031,326.23,0.38,0.36,2026-01-09,0611,SNPP,SNPP,n,2,294.55,0.75,D,0
21.18282,106.49598,343.69,0.38,0.36,2026-01-09,0611,SNPP,SNPP,n,2,295.56,3.51,D,0
21.23235,106.50992,338.85,0.38,0.36,2026-01-09,0611,SNPP,SNPP,n,2,297.88,4.38,D,0
21.29436,106.67339,326.84,0.39,0.36,2026-01-09,0611,SNPP,SNPP,n,2,294.66,1.41,D,0
21.20704,104.98379,337.97,0.4,0.37,2026-01-09,0611,SNPP,SNPP,n,2,293.83,6.59,D,0
21.47442,106.63426,329.02,0.39,0.36,2026-01-09,0611,SNPP,SNPP,n,2,292.24,2.77,D,0
21.35519,105.65779,340.99,0.39,0.36,2026-01-09,0611,SNPP,SNPP,n,2,296.54,2.53,D,0
21.46049,106.29569,325.96,0.38,0.36,2026-01-09,0611,SNPP,SNPP,n,2,294.19,2.05,D,0
21.24717,104.89022,330.49,0.4,0.37,2026-01-09,0611,SNPP,SNPP,n,2,294.16,2.65,D,0
21.53077,106.69289,349.45,0.39,0.36,2026-01-09,0611,SNPP,SNPP,n,2,308.25,26.22,D,0
21.36569,105.12598,330.87,0.39,0.36,2026-01-09,0611,SNPP,SNPP,n,2,296.11,2.61,D,0
21.64952,106.83261,333.18,0.39,0.36,2026-01-09,0611,SNPP,SNPP,n,2,295.4,4.81,D,0
21.54665,106.15209,330.94,0.38,0.36,2026-01-09,0611,SNPP,SNPP,n,2,294.56,2.63,D,0
21.4255,104.97122,328.27,0.4,0.37,2026-01-09,0611,SNPP,SNPP,n,2,291.69,2.33,D,0
21.63921,105.91559,333.92,0.38,0.36,2026-01-09,0611,SNPP,SNPP,n,2,294.7,2.31,D,0
21.76397,106.69099,326.65,0.39,0.36,2026-01-09,0611,SNPP,SNPP,n,2,293.42,2.03,D,0
21.6886,106.10762,334.28,0.38,0.36,2026-01-09,0611,SNPP,SNPP,n,2,295.82,2.37,D,0
21.76369,106.31068,332,0.38,0.36,2026-01-09,0611,SNPP,SNPP,n,2,297.02,13.28,D,0
21.68205,105.56094,329.94,0.39,0.36,2026-01-09,0611,SNPP,SNPP,n,2,292.96,2.33,D,0
21.71584,105.64668,326.36,0.39,0.36,2026-01-09,0611,SNPP,SNPP,n,2,294.12,2.78,D,0
21.89654,106.76706,325.03,0.39,0.36,2026-01-09,0611,SNPP,SNPP,n,2,292.07,2.22,D,0
21.89599,106.76333,328.77,0.39,0.36,2026-01-09,0611,SNPP,SNPP,n,2,290.2,2.22,D,0
21.86199,105.95544,336.23,0.38,0.36,2026-01-09,0611,SNPP,SNPP,n,2,295.35,6.52,D,0
21.89219,105.26219,332.2,0.39,0.36,2026-01-09,0611,SNPP,SNPP,n,2,292.39,2.51,D,0
21.55748,105.86984,295.79,0.38,0.36,2026-01-09,1840,SNPP,SNPP,n,2,283.87,0.54,N,0
21.3971,105.54942,305.67,0.38,0.36,2026-01-09,1840,SNPP,SNPP,n,2,283.85,0.77,N,0
21.03869,106.58686,296.92,0.39,0.36,2026-01-09,1840,SNPP,SNPP,n,2,285.12,0.36,N,0
21.02061,106.53003,323.92,0.39,0.36,2026-01-09,1840,SNPP,SNPP,n,2,285.94,2.01,N,2
21.01821,106.5303,338.33,0.39,0.36,2026-01-09,1840,SNPP,SNPP,n,2,292.11,2.33,N,2
21.0149,106.52969,300.52,0.39,0.36,2026-01-09,1840,SNPP,SNPP,n,2,283.8,2.33,N,2
21.01369,106.53711,301.42,0.39,0.36,2026-01-09,1840,SNPP,SNPP,n,2,287.64,1.59,N,2
21.01309,106.54082,304.63,0.39,0.36,2026-01-09,1840,SNPP,SNPP,n,2,288.34,1.1,N,2
21.00978,106.54021,308.55,0.39,0.36,2026-01-09,1840,SNPP,SNPP,n,2,286.74,1.39,N,2
20.77844,106.62831,302.51,0.39,0.36,2026-01-09,1840,SNPP,SNPP,n,2,286.03,0.71,N,0
20.50998,105.87077,297.6,0.38,0.36,2026-01-09,1840,SNPP,SNPP,n,2,284.38,0.68,N,0
20.48119,105.88069,303.31,0.38,0.36,2026-01-09,1840,SNPP,SNPP,n,2,284.57,0.58,N,0
20.45348,105.88779,296.6,0.38,0.36,2026-01-09,1840,SNPP,SNPP,n,2,285.44,0.35,N,0
20.40757,105.89839,304.34,0.38,0.36,2026-01-09,1840,SNPP,SNPP,n,2,285.62,0.77,N,2
20.40367,105.90147,302.85,0.38,0.36,2026-01-09,1840,SNPP,SNPP,n,2,286.97,1.16,N,2
20.40037,105.90087,307.01,0.38,0.36,2026-01-09,1840,SNPP,SNPP,n,2,287.85,1.83,N,2
20.34797,105.91069,297.19,0.38,0.36,2026-01-09,1840,SNPP,SNPP,n,2,285.03,0.39,N,0
20.34078,105.91317,300.63,0.38,0.36,2026-01-09,1840,SNPP,SNPP,n,2,285.54,0.43,N,0
20.16462,106.08211,298.93,0.39,0.36,2026-01-09,1840,SNPP,SNPP,n,2,284.43,0.46,N,0
20.58896,105.34668,332.73,0.42,0.45,2026-01-10,0552,SNPP,SNPP,n,2,295.67,2.8,D,0
20.59319,105.34635,345.68,0.42,0.45,2026-01-10,0552,SNPP,SNPP,n,2,296.24,6.54,D,0
21.2192,106.84972,326.88,0.51,0.41,2026-01-10,0552,SNPP,SNPP,n,2,294.76,2.69,D,0
21.03695,105.15578,334.24,0.42,0.45,2026-01-10,0552,SNPP,SNPP,n,2,291.1,3.51,D,0
21.64995,106.80268,325.35,0.5,0.41,2026-01-10,0552,SNPP,SNPP,n,2,291.99,2.57,D,0
21.63877,106.69831,325.14,0.51,0.41,2026-01-10,0552,SNPP,SNPP,n,2,292.07,1.9,D,0
21.65182,106.61952,330.35,0.51,0.41,2026-01-10,0552,SNPP,SNPP,n,2,292.35,3.92,D,0
21.55882,106.10893,332.34,0.55,0.43,2026-01-10,0552,SNPP,SNPP,n,2,294.3,9.14,D,0
21.68989,105.8967,330.05,0.56,0.43,2026-01-10,0552,SNPP,SNPP,n,2,293.02,4.43,D,0
21.68808,105.89453,325.04,0.56,0.43,2026-01-10,0552,SNPP,SNPP,n,2,292.82,2.41,D,0
21.85995,106.80264,327.2,0.5,0.41,2026-01-10,0552,SNPP,SNPP,n,2,291.96,1.85,D,0
21.84065,105.64304,325.94,0.38,0.44,2026-01-10,0552,SNPP,SNPP,n,2,292.1,1.82,D,0
21.84135,105.26648,336.97,0.4,0.45,2026-01-10,0552,SNPP,SNPP,n,2,288.17,2.92,D,0
21.82989,105.09342,342.79,0.41,0.45,2026-01-10,0552,SNPP,SNPP,n,2,288.7,9.18,D,0
21.94447,105.14466,326.55,0.41,0.45,2026-01-10,0552,SNPP,SNPP,n,2,290.8,1.98,D,0
21.03927,106.5888,296.97,0.5,0.41,2026-01-10,1821,SNPP,SNPP,n,2,286.63,0.56,N,0
21.01568,106.53626,300.09,0.5,0.41,2026-01-10,1821,SNPP,SNPP,n,2,287.78,1.41,N,2
21.01504,106.54107,300.58,0.5,0.41,2026-01-10,1821,SNPP,SNPP,n,2,287.25,1.41,N,0
20.40553,105.90102,303.19,0.53,0.42,2026-01-10,1821,SNPP,SNPP,n,2,287.19,1.09,N,2
20.40167,105.90047,304.74,0.53,0.42,2026-01-10,1821,SNPP,SNPP,n,2,287.24,1.28,N,2
20.3978,105.89991,301.42,0.53,0.42,2026-01-10,1821,SNPP,SNPP,n,2,286.85,1.28,N,2
20.34889,105.91319,297.8,0.53,0.42,2026-01-10,1821,SNPP,SNPP,n,2,286.82,0.46,N,0
20.17641,105.44915,337.17,0.42,0.61,2026-01-11,0533,SNPP,SNPP,n,2,291.69,4.61,D,0
20.17556,105.4452,327.07,0.42,0.61,2026-01-11,0533,SNPP,SNPP,n,2,291.68,2.85,D,0
20.17424,105.44913,337.58,0.42,0.61,2026-01-11,0533,SNPP,SNPP,n,2,292.81,5.91,D,0
20.17337,105.44526,333.69,0.42,0.61,2026-01-11,0533,SNPP,SNPP,n,2,292.88,4.49,D,0
20.57004,105.55472,367,0.4,0.6,2026-01-11,0533,SNPP,SNPP,h,2,292.43,8.96,D,0
20.58933,105.64295,334.92,0.4,0.6,2026-01-11,0533,SNPP,SNPP,n,2,291.57,2.94,D,0
20.64478,105.60742,352.88,0.4,0.6,2026-01-11,0533,SNPP,SNPP,n,2,291.58,5.33,D,0
20.64468,105.60694,352.8,0.4,0.6,2026-01-11,0533,SNPP,SNPP,n,2,291.19,5.78,D,0
21.26278,106.62526,328.88,0.34,0.56,2026-01-11,0533,SNPP,SNPP,n,2,292.81,1.68,D,0
21.67811,106.04277,350.68,0.36,0.57,2026-01-11,0533,SNPP,SNPP,n,2,294.32,3.88,D,0
21.72015,106.0141,367,0.36,0.57,2026-01-11,0533,SNPP,SNPP,h,2,294.37,7.53,D,0
21.62119,105.36047,350.1,0.4,0.6,2026-01-11,0533,SNPP,SNPP,n,2,291.56,4.75,D,0
21.62048,105.35726,334.41,0.4,0.6,2026-01-11,0533,SNPP,SNPP,n,2,289.51,4.75,D,0
21.86857,106.01704,328.95,0.36,0.57,2026-01-11,0533,SNPP,SNPP,n,2,291.82,1.69,D,0
21.94875,106.28925,325.02,0.34,0.56,2026-01-11,0533,SNPP,SNPP,n,2,288.97,4.63,D,0
21.94803,106.28588,340.16,0.34,0.56,2026-01-11,0533,SNPP,SNPP,n,2,290.05,3.75,D,0
21.94283,106.26151,356.47,0.34,0.56,2026-01-11,0533,SNPP,SNPP,n,2,291.43,5.36,D,0
21.75615,104.93484,347.85,0.42,0.61,2026-01-11,0533,SNPP,SNPP,n,2,291.01,4.8,D,0
21.89584,104.96658,329.55,0.41,0.61,2026-01-11,0533,SNPP,SNPP,n,2,290.42,2.52,D,0
21.89903,104.96523,327.83,0.41,0.61,2026-01-11,0534,SNPP,SNPP,n,2,289.51,2.45,D,0
20.17232,105.44669,344.29,0.78,0.78,2026-01-11,0714,SNPP,SNPP,n,2,291.08,8.35,D,0
20.17276,105.44415,335.56,0.78,0.78,2026-01-11,0714,SNPP,SNPP,n,2,290.89,5.81,D,0
20.54585,105.2879,330.53,0.77,0.77,2026-01-11,0714,SNPP,SNPP,n,2,289.95,4.1,D,0
20.85791,105.40972,351.57,0.79,0.78,2026-01-11,0714,SNPP,SNPP,n,2,289.27,9.57,D,0
20.8587,105.40916,347.44,0.79,0.78,2026-01-11,0714,SNPP,SNPP,n,2,288.53,16.78,D,0
20.9962,105.08322,336.12,0.75,0.77,2026-01-11,0714,SNPP,SNPP,n,2,289.32,8.47,D,0
20.99075,105.08172,339.48,0.76,0.77,2026-01-11,0714,SNPP,SNPP,n,2,288.4,6.84,D,0
21.10081,105.09979,346.6,0.76,0.77,2026-01-11,0714,SNPP,SNPP,n,2,290.76,8,D,0
21.10314,105.0985,343.04,0.76,0.77,2026-01-11,0714,SNPP,SNPP,n,2,290.37,9.75,D,0
21.26198,104.96355,354.53,0.75,0.77,2026-01-11,0714,SNPP,SNPP,n,2,292.97,9.71,D,0
21.26487,104.96205,355.18,0.75,0.77,2026-01-11,0714,SNPP,SNPP,n,2,291.58,12.05,D,0
21.42825,104.89157,340.84,0.74,0.76,2026-01-11,0714,SNPP,SNPP,n,2,289.84,8.86,D,0
21.52878,105.27888,331.42,0.78,0.78,2026-01-11,0714,SNPP,SNPP,n,2,290.2,5.91,D,0
21.5297,105.27814,339.1,0.78,0.78,2026-01-11,0714,SNPP,SNPP,n,2,290.05,9.34,D,0
21.55543,104.91299,351.85,0.74,0.76,2026-01-11,0714,SNPP,SNPP,n,2,288.51,12.68,D,0
21.55065,104.91396,336.3,0.75,0.77,2026-01-11,0714,SNPP,SNPP,n,2,286.34,10.32,D,0
21.65079,104.96762,329.02,0.75,0.77,2026-01-11,0714,SNPP,SNPP,n,2,288.95,5.4,D,0
21.4836,105.87016,300.33,0.36,0.57,2026-01-11,1802,SNPP,SNPP,n,2,285.35,0.59,N,0
21.29321,106.29589,295.89,0.34,0.56,2026-01-11,1802,SNPP,SNPP,n,2,282.2,0.28,N,0
21.29175,106.29556,297.25,0.34,0.56,2026-01-11,1802,SNPP,SNPP,n,2,282.31,0.21,N,0
21.17245,105.9164,295.17,0.35,0.57,2026-01-11,1802,SNPP,SNPP,n,2,284.19,0.37,N,0
21.16716,105.91577,297.04,0.35,0.57,2026-01-11,1802,SNPP,SNPP,n,2,283.92,0.37,N,0
21.01833,106.52879,328.37,0.32,0.55,2026-01-11,1802,SNPP,SNPP,n,2,290.85,1.54,N,2
21.01799,106.53194,304.83,0.32,0.55,2026-01-11,1802,SNPP,SNPP,n,2,287.3,1.54,N,2
21.01766,106.53508,298.91,0.32,0.55,2026-01-11,1802,SNPP,SNPP,n,2,288.03,0.73,N,2
21.01192,106.54071,300,0.32,0.55,2026-01-11,1802,SNPP,SNPP,n,2,287.97,0.81,N,2
20.50968,105.86841,298.08,0.35,0.57,2026-01-11,1802,SNPP,SNPP,n,2,285.22,0.31,N,0
20.48168,105.88198,296.9,0.35,0.57,2026-01-11,1802,SNPP,SNPP,n,2,285.53,0.38,N,0
20.48198,105.88225,298.16,0.35,0.57,2026-01-11,1802,SNPP,SNPP,n,2,285.82,0.32,N,0
20.45497,105.88585,298.46,0.35,0.57,2026-01-11,1802,SNPP,SNPP,n,2,286.82,0.59,N,0
20.40561,105.90015,310.31,0.35,0.56,2026-01-11,1802,SNPP,SNPP,n,2,287.89,1.2,N,2
20.40036,105.8996,299.49,0.35,0.56,2026-01-11,1802,SNPP,SNPP,n,2,286.7,0.99,N,2
20.40002,105.90288,302.53,0.35,0.56,2026-01-11,1802,SNPP,SNPP,n,2,288.41,0.8,N,0
20.34663,105.91073,299.42,0.35,0.56,2026-01-11,1802,SNPP,SNPP,n,2,287.1,1,N,0
20.15284,105.80945,325.72,0.41,0.6,2026-01-12,0655,SNPP,SNPP,n,2,292.64,1.27,D,0
20.17015,105.86926,367,0.41,0.61,2026-01-12,0655,SNPP,SNPP,h,2,294.27,12.97,D,0
20.11349,105.25193,341.79,0.38,0.58,2026-01-12,0655,SNPP,SNPP,n,2,291.23,3.02,D,0
20.17256,105.86817,367,0.41,0.61,2026-01-12,0655,SNPP,SNPP,h,2,293.2,13.52,D,0
20.1146,105.25036,338.83,0.38,0.58,2026-01-12,0655,SNPP,SNPP,n,2,290.76,2.69,D,0
20.41861,105.63766,338.39,0.4,0.6,2026-01-12,0655,SNPP,SNPP,n,2,289.1,2.61,D,0
20.43207,105.66013,348.18,0.4,0.6,2026-01-12,0655,SNPP,SNPP,n,2,290.44,5.82,D,0
20.58118,105.58307,339.77,0.4,0.6,2026-01-12,0655,SNPP,SNPP,n,2,291.71,2.52,D,0
20.58502,105.5817,336.87,0.4,0.6,2026-01-12,0655,SNPP,SNPP,n,2,291.71,3.01,D,0
20.71022,105.48906,337.01,0.4,0.6,2026-01-12,0655,SNPP,SNPP,n,2,290.13,3.18,D,0
20.86263,105.45284,367,0.39,0.6,2026-01-12,0655,SNPP,SNPP,h,2,290.68,12.25,D,0
21.3281,106.6283,332.43,0.48,0.64,2026-01-12,0655,SNPP,SNPP,n,2,291.21,3.04,D,0
21.33407,106.62741,328.96,0.48,0.64,2026-01-12,0655,SNPP,SNPP,n,2,288.89,3.04,D,0
21.59366,106.70827,328.81,0.48,0.65,2026-01-12,0655,SNPP,SNPP,n,2,290.09,2.86,D,0
21.58748,106.11014,345.09,0.44,0.63,2026-01-12,0655,SNPP,SNPP,n,2,288.43,4.86,D,0
21.58716,106.11084,350.13,0.44,0.63,2026-01-12,0655,SNPP,SNPP,n,2,289.26,4.91,D,0
21.64,106.66048,325.89,0.48,0.65,2026-01-12,0655,SNPP,SNPP,n,2,285.63,1.99,D,0
21.51297,105.21926,355.99,0.39,0.59,2026-01-12,0655,SNPP,SNPP,n,2,288.62,6.5,D,0
21.51547,105.01046,338.67,0.38,0.58,2026-01-12,0655,SNPP,SNPP,n,2,290.62,5.31,D,0
21.51512,105.00672,329.73,0.38,0.58,2026-01-12,0655,SNPP,SNPP,n,2,290.08,3.43,D,0
21.52089,105.00969,340.65,0.38,0.58,2026-01-12,0655,SNPP,SNPP,n,2,288.73,6.52,D,0
21.52053,105.00597,336.86,0.38,0.58,2026-01-12,0655,SNPP,SNPP,n,2,288.47,4.75,D,0
21.62948,106.12364,335.05,0.44,0.63,2026-01-12,0655,SNPP,SNPP,n,2,288.95,6.69,D,0
21.54659,105.04829,327.54,0.38,0.59,2026-01-12,0655,SNPP,SNPP,n,2,288.56,1.67,D,0
21.65803,105.86118,335.63,0.43,0.62,2026-01-12,0655,SNPP,SNPP,n,2,289.72,3.18,D,0
21.60594,105.31659,329.63,0.39,0.6,2026-01-12,0655,SNPP,SNPP,n,2,289.55,3.6,D,0
21.61012,105.31424,338.04,0.39,0.6,2026-01-12,0655,SNPP,SNPP,n,2,289.2,2.67,D,0
21.7029,105.46503,331.95,0.4,0.6,2026-01-12,0655,SNPP,SNPP,n,2,287.87,3.63,D,0
21.662,105.03822,329.85,0.38,0.59,2026-01-12,0655,SNPP,SNPP,n,2,288.79,7.36,D,0
21.66165,105.03457,353.36,0.38,0.59,2026-01-12,0655,SNPP,SNPP,n,2,289.17,6.46,D,0
21.70848,105.46424,347.48,0.4,0.6,2026-01-12,0655,SNPP,SNPP,n,2,286.61,3.63,D,0
21.92516,106.54657,333.56,0.48,0.64,2026-01-12,0655,SNPP,SNPP,n,2,288.95,5.12,D,0
21.81607,105.24806,350.73,0.39,0.6,2026-01-12,0655,SNPP,SNPP,n,2,289.16,4.05,D,0
21.92072,106.54485,326.96,0.48,0.64,2026-01-12,0655,SNPP,SNPP,n,2,288.64,2.97,D,0
21.81523,105.24905,353.92,0.39,0.6,2026-01-12,0655,SNPP,SNPP,n,2,289.94,6.14,D,0
21.84612,105.34244,330.98,0.4,0.6,2026-01-12,0655,SNPP,SNPP,n,2,287.99,4,D,0
21.87114,105.18938,327.83,0.39,0.59,2026-01-12,0655,SNPP,SNPP,n,2,289,1.57,D,0
21.89636,105.21995,338.76,0.39,0.59,2026-01-12,0655,SNPP,SNPP,n,2,287.56,3,D,0
21.90198,105.22031,340.11,0.39,0.59,2026-01-12,0655,SNPP,SNPP,n,2,286.9,3.82,D,0
21.89365,104.85301,346.78,0.37,0.58,2026-01-12,0655,SNPP,SNPP,n,2,289.63,3.74,D,0
21.89583,104.85194,367,0.37,0.58,2026-01-12,0655,SNPP,SNPP,h,2,290.23,6.57,D,0
21.02025,106.52824,296.08,0.65,0.73,2026-01-12,1743,SNPP,SNPP,n,2,285.05,2.07,N,2
21.01296,106.53406,295.24,0.65,0.73,2026-01-12,1743,SNPP,SNPP,n,2,284.63,1.26,N,2
21.01247,106.54052,299.41,0.65,0.73,2026-01-12,1743,SNPP,SNPP,n,2,284.62,1.26,N,2
21.01909,106.52978,299.32,0.65,0.73,2026-01-12,1743,SNPP,SNPP,n,2,285.36,1.24,N,2
21.01175,106.53561,296.55,0.65,0.73,2026-01-12,1743,SNPP,SNPP,n,2,284.6,1.4,N,2
21.02047,106.52857,298.9,0.49,0.65,2026-01-12,1924,SNPP,SNPP,n,2,286.1,1.8,N,2
21.01128,106.54107,296.66,0.49,0.65,2026-01-12,1924,SNPP,SNPP,n,2,285.16,1.66,N,2
20.51328,105.86898,300.61,0.46,0.63,2026-01-12,1924,SNPP,SNPP,n,2,284.99,0.73,N,0
20.48067,105.88149,295.31,0.46,0.63,2026-01-12,1924,SNPP,SNPP,n,2,285.11,0.53,N,0
20.34122,105.91226,300.46,0.46,0.64,2026-01-12,1924,SNPP,SNPP,n,2,285.22,0.8,N,0
21.52502,105.12203,343.81,0.38,0.44,2026-01-13,0636,SNPP,SNPP,n,2,294.08,5.75,D,0
21.64367,105.79002,339.72,0.42,0.45,2026-01-13,0636,SNPP,SNPP,n,2,297.2,7.53,D,0
21.64317,105.78591,331.97,0.42,0.45,2026-01-13,0636,SNPP,SNPP,n,2,296.18,4.53,D,0
21.56866,105.17707,326.18,0.39,0.44,2026-01-13,0636,SNPP,SNPP,n,2,294.12,2.26,D,0
21.63545,105.61769,335.92,0.41,0.45,2026-01-13,0636,SNPP,SNPP,n,2,294.51,5.95,D,0
21.73323,106.27017,325.95,0.45,0.47,2026-01-13,0636,SNPP,SNPP,n,2,297.12,2.78,D,0
21.66507,105.67518,333.67,0.42,0.45,2026-01-13,0636,SNPP,SNPP,n,2,298.01,2.14,D,0
21.77268,106.19308,339.56,0.45,0.47,2026-01-13,0636,SNPP,SNPP,n,2,295.38,3.57,D,0
21.68602,105.25732,341.96,0.39,0.44,2026-01-13,0636,SNPP,SNPP,n,2,297.98,7.79,D,0
21.78098,106.00478,341.42,0.44,0.46,2026-01-13,0636,SNPP,SNPP,n,2,298.86,10.26,D,0
21.78051,106.00081,331.42,0.44,0.46,2026-01-13,0636,SNPP,SNPP,n,2,294.36,10.26,D,0
21.65514,104.91154,325.21,0.56,0.43,2026-01-13,0636,SNPP,SNPP,n,2,294.39,1.27,D,0
21.69775,105.08217,336.82,0.38,0.44,2026-01-13,0636,SNPP,SNPP,n,2,293,2.09,D,0
21.79876,105.90882,335.02,0.43,0.46,2026-01-13,0636,SNPP,SNPP,n,2,294.5,3.73,D,0
21.73894,105.39437,331.62,0.4,0.44,2026-01-13,0636,SNPP,SNPP,n,2,295.21,2.92,D,0
21.85333,106.11966,332.36,0.45,0.47,2026-01-13,0636,SNPP,SNPP,n,2,294.66,2.81,D,0
21.8891,106.16423,338.83,0.45,0.47,2026-01-13,0636,SNPP,SNPP,n,2,295.49,7.51,D,0
21.87712,106.06201,339.89,0.44,0.46,2026-01-13,0636,SNPP,SNPP,n,2,296.15,4.75,D,0
21.831,105.67368,325.27,0.42,0.45,2026-01-13,0636,SNPP,SNPP,n,2,295.55,2.35,D,0
21.83197,105.61136,328.78,0.41,0.45,2026-01-13,0636,SNPP,SNPP,n,2,294.04,2.79,D,0
21.92348,106.19557,332.55,0.45,0.47,2026-01-13,0636,SNPP,SNPP,n,2,293.55,3.39,D,0
21.84886,105.57658,330.7,0.41,0.45,2026-01-13,0636,SNPP,SNPP,n,2,295.58,5.06,D,0
21.84329,105.49715,337.35,0.41,0.45,2026-01-13,0636,SNPP,SNPP,n,2,295.83,3.69,D,0
21.84606,105.57315,328.28,0.41,0.45,2026-01-13,0636,SNPP,SNPP,n,2,294.58,5.01,D,0
21.92487,106.19216,327.58,0.45,0.47,2026-01-13,0636,SNPP,SNPP,n,2,293.62,3.39,D,0
21.84569,105.49712,355.31,0.41,0.45,2026-01-13,0636,SNPP,SNPP,n,2,296.93,14.73,D,0
21.93904,106.00943,339.2,0.44,0.46,2026-01-13,0636,SNPP,SNPP,n,2,295.05,5.97,D,0
21.91693,105.22396,338.9,0.39,0.44,2026-01-13,0636,SNPP,SNPP,n,2,292.57,2.92,D,0
21.89381,105.0387,332.55,0.38,0.44,2026-01-13,0636,SNPP,SNPP,n,2,289.77,4.07,D,0
21.91651,105.22447,340.4,0.39,0.44,2026-01-13,0636,SNPP,SNPP,n,2,292.72,3.58,D,0
21.89462,105.03889,339.38,0.38,0.44,2026-01-13,0636,SNPP,SNPP,n,2,290.09,4.53,D,0
21.94497,105.32552,330.7,0.4,0.44,2026-01-13,0636,SNPP,SNPP,n,2,292.1,5.72,D,0
21.94427,105.07776,340.16,0.39,0.44,2026-01-13,0636,SNPP,SNPP,n,2,298.03,12.25,D,0
21.94383,105.07414,338.45,0.39,0.44,2026-01-13,0636,SNPP,SNPP,n,2,293.96,6.99,D,0
20.52987,105.38147,340.39,0.39,0.44,2026-01-13,0636,SNPP,SNPP,n,2,295.7,14.15,D,0
20.5294,105.37776,328.2,0.39,0.44,2026-01-13,0636,SNPP,SNPP,n,2,296.13,10.74,D,0
20.56827,105.28629,338.72,0.38,0.43,2026-01-13,0636,SNPP,SNPP,n,2,295.06,3.41,D,0
20.71821,105.63936,338.86,0.4,0.44,2026-01-13,0636,SNPP,SNPP,n,2,295.47,2.43,D,0
20.91701,105.51144,338.57,0.4,0.44,2026-01-13,0636,SNPP,SNPP,n,2,294.33,4.15,D,0
20.88756,105.1696,329.94,0.57,0.43,2026-01-13,0636,SNPP,SNPP,n,2,293.52,9.59,D,0
20.9084,105.23926,325.27,0.38,0.44,2026-01-13,0636,SNPP,SNPP,n,2,289.75,1.79,D,0
20.93895,105.32032,338.91,0.39,0.44,2026-01-13,0636,SNPP,SNPP,n,2,294.27,6.5,D,0
20.93847,105.31647,338.46,0.39,0.44,2026-01-13,0636,SNPP,SNPP,n,2,294.79,6.5,D,0
21.00513,105.02298,335.17,0.56,0.43,2026-01-13,0636,SNPP,SNPP,n,2,295.12,5.19,D,0
21.28572,106.68148,350.5,0.47,0.48,2026-01-13,0636,SNPP,SNPP,n,2,303.17,23.4,D,0
21.20058,104.99928,326.56,0.56,0.43,2026-01-13,0636,SNPP,SNPP,n,2,293.4,2.41,D,0
21.20884,104.9045,325.02,0.56,0.43,2026-01-13,0636,SNPP,SNPP,n,2,293.8,2.49,D,0
21.47636,106.40433,328.51,0.46,0.47,2026-01-13,0636,SNPP,SNPP,n,2,296.25,2.02,D,0
21.57897,106.80188,326.91,0.49,0.48,2026-01-13,0636,SNPP,SNPP,n,2,292.01,2.22,D,0
21.41299,104.98228,327.61,0.57,0.43,2026-01-13,0636,SNPP,SNPP,n,2,294.31,4.73,D,0
21.50274,105.68342,347.57,0.41,0.45,2026-01-13,0636,SNPP,SNPP,n,2,295.16,7.24,D,0
21.6063,106.48686,340.28,0.47,0.47,2026-01-13,0636,SNPP,SNPP,n,2,296.52,4.55,D,0
21.48008,105.3933,330.25,0.4,0.44,2026-01-13,0636,SNPP,SNPP,n,2,293.54,2.53,D,0
21.5334,105.76189,332.49,0.42,0.45,2026-01-13,0636,SNPP,SNPP,n,2,294.91,2.84,D,0
21.47691,104.99403,325.39,0.57,0.43,2026-01-13,0636,SNPP,SNPP,n,2,293.09,3.73,D,0
21.30534,106.20004,303.4,0.46,0.47,2026-01-13,1905,SNPP,SNPP,n,2,286.75,0.7,N,0
21.01753,106.53109,305.86,0.49,0.49,2026-01-13,1905,SNPP,SNPP,n,2,290.18,2.2,N,2
20.34066,105.91391,299.39,0.46,0.47,2026-01-13,1905,SNPP,SNPP,n,2,287.82,0.82,N,0
20.32441,105.717,296.7,0.45,0.47,2026-01-13,1905,SNPP,SNPP,n,2,285.04,0.27,N,0
20.17356,105.44556,325.04,0.39,0.36,2026-01-14,0617,SNPP,SNPP,l,2,297.21,5.88,D,0
20.21703,105.4455,331.32,0.39,0.36,2026-01-14,0617,SNPP,SNPP,n,2,297.23,3.19,D,0
20.8197,105.27026,325.65,0.39,0.36,2026-01-14,0617,SNPP,SNPP,n,2,292.61,1.76,D,0
21.12346,106.66971,327.51,0.41,0.37,2026-01-14,0617,SNPP,SNPP,n,2,296.39,1.35,D,0
21.18627,106.76907,330.6,0.41,0.37,2026-01-14,0617,SNPP,SNPP,n,2,296.34,9.46,D,0
21.18572,106.76518,344.4,0.41,0.37,2026-01-14,0617,SNPP,SNPP,n,2,301.41,9.46,D,0
20.95339,105.0771,325.41,0.38,0.36,2026-01-14,0617,SNPP,SNPP,n,2,292.62,1.99,D,0
21.21079,106.7939,332.19,0.41,0.37,2026-01-14,0617,SNPP,SNPP,n,2,298.06,2.58,D,0
21.19819,106.55746,331.75,0.41,0.37,2026-01-14,0617,SNPP,SNPP,n,2,293.75,4.41,D,0
21.05875,105.05939,328.93,0.38,0.36,2026-01-14,0617,SNPP,SNPP,n,2,292.69,2.59,D,0
21.29948,106.63441,330.49,0.41,0.37,2026-01-14,0617,SNPP,SNPP,n,2,294.5,2.13,D,0
21.41474,106.43979,340.5,0.41,0.37,2026-01-14,0617,SNPP,SNPP,n,2,302.64,8.71,D,0
21.41418,106.43593,338.57,0.41,0.37,2026-01-14,0617,SNPP,SNPP,n,2,300.17,5.98,D,0
21.41812,106.43916,351.05,0.41,0.37,2026-01-14,0617,SNPP,SNPP,n,2,301.46,8.7,D,0
21.51174,105.69105,333.81,0.39,0.36,2026-01-14,0617,SNPP,SNPP,n,2,294.07,2.35,D,0
21.5617,105.39114,325.37,0.39,0.36,2026-01-14,0617,SNPP,SNPP,n,2,293.07,1.8,D,0
21.62847,105.0442,328.14,0.39,0.36,2026-01-14,0617,SNPP,SNPP,n,2,288.7,2.63,D,0
21.62895,105.0023,327.3,0.38,0.36,2026-01-14,0617,SNPP,SNPP,n,2,289.35,2.02,D,0
21.78316,105.58764,327.35,0.39,0.36,2026-01-14,0617,SNPP,SNPP,n,2,291.95,1.67,D,0
21.94625,106.47888,340.2,0.41,0.37,2026-01-14,0617,SNPP,SNPP,n,2,295.72,6.41,D,0
20.12664,105.47236,331.31,0.39,0.36,2026-01-14,0617,SNPP,SNPP,n,2,299.54,2.45,D,0
20.14487,105.45801,331.87,0.39,0.36,2026-01-14,0617,SNPP,SNPP,n,2,299.52,3.81,D,0
20.14818,105.45746,337.54,0.39,0.36,2026-01-14,0617,SNPP,SNPP,n,2,297.94,3.81,D,0
20.12385,105.22855,331.75,0.38,0.36,2026-01-14,0617,SNPP,SNPP,n,2,294.25,2.96,D,0
20.16639,105.44307,332.77,0.39,0.36,2026-01-14,0617,SNPP,SNPP,n,2,299.34,4.34,D,0
20.17025,105.44614,353.28,0.39,0.36,2026-01-14,0617,SNPP,SNPP,n,2,300.73,5.88,D,0
20.77399,106.57408,298.51,0.42,0.38,2026-01-14,1846,SNPP,SNPP,n,2,287,0.68,N,0
21.01632,106.53724,299.27,0.51,0.49,2026-01-16,1809,SNPP,SNPP,n,2,288.32,1.77,N,2
21.0112,106.54156,300.86,0.51,0.49,2026-01-16,1809,SNPP,SNPP,n,2,288.17,1.07,N,2
20.33572,105.27957,327.8,0.48,0.65,2026-01-17,0701,SNPP,SNPP,n,2,292.25,6.22,D,0
20.3353,105.27496,339.68,0.48,0.65,2026-01-17,0701,SNPP,SNPP,n,2,292.4,4.93,D,0
20.47623,105.46591,336.99,0.5,0.65,2026-01-17,0701,SNPP,SNPP,n,2,291,2.96,D,0
20.54702,105.29222,339.01,0.48,0.65,2026-01-17,0701,SNPP,SNPP,n,2,291.35,4.47,D,0
20.1536,105.14171,339.36,0.46,0.47,2026-01-18,0642,SNPP,SNPP,n,2,293.73,10.43,D,0
20.15308,105.13735,337.26,0.46,0.47,2026-01-18,0642,SNPP,SNPP,n,2,292.81,10.43,D,0
20.4388,105.67204,348.15,0.5,0.49,2026-01-18,0642,SNPP,SNPP,n,2,295.32,15.17,D,0
20.53483,105.66151,340.05,0.5,0.49,2026-01-18,0642,SNPP,SNPP,n,2,294.91,5.29,D,0
20.585,105.44627,332.04,0.49,0.49,2026-01-18,0642,SNPP,SNPP,n,2,293.64,2.45,D,0
21.85017,105.78506,348.08,0.53,0.5,2026-01-18,0643,SNPP,SNPP,n,2,293.48,8.87,D,0
21.85279,105.13158,330.21,0.48,0.48,2026-01-18,0643,SNPP,SNPP,n,2,295.53,2.91,D,0
21.88123,105.10312,332.74,0.48,0.48,2026-01-18,0643,SNPP,SNPP,n,2,293.98,6.22,D,0
21.87867,105.09922,334.32,0.48,0.48,2026-01-18,0643,SNPP,SNPP,n,2,293.17,5.33,D,0
21.87812,105.09415,334.56,0.48,0.48,2026-01-18,0643,SNPP,SNPP,n,2,295.38,3.33,D,0
20.13775,105.46616,334.77,0.41,0.37,2026-01-19,0623,SNPP,SNPP,n,2,296.25,3.4,D,0
20.39152,105.7142,341.89,0.42,0.38,2026-01-19,0623,SNPP,SNPP,n,2,295.67,4.45,D,0
20.39499,105.71367,328.29,0.42,0.38,2026-01-19,0623,SNPP,SNPP,n,2,294.95,4.45,D,0
20.93237,105.09999,336.31,0.41,0.37,2026-01-19,0624,SNPP,SNPP,n,2,291.36,3.95,D,0
20.93252,105.10015,335.46,0.41,0.37,2026-01-19,0624,SNPP,SNPP,n,2,291.1,3.77,D,0
20.39869,105.90262,302.22,0.46,0.39,2026-01-19,1853,SNPP,SNPP,n,2,291.3,1.71,N,2
20.2913,105.5537,336.34,0.43,0.38,2026-01-20,0605,SNPP,SNPP,n,2,298.27,4.89,D,0
20.47606,105.71188,331.47,0.42,0.38,2026-01-20,0605,SNPP,SNPP,n,2,295.52,5.18,D,0
20.62023,105.63665,332.79,0.42,0.38,2026-01-20,0605,SNPP,SNPP,n,2,293.96,4.45,D,0
20.62368,105.63596,335.05,0.42,0.38,2026-01-20,0605,SNPP,SNPP,n,2,293.39,4.45,D,0
21.37918,106.78733,327.19,0.39,0.36,2026-01-20,0605,SNPP,SNPP,n,2,288.47,1.67,D,0
21.69558,106.77599,327.23,0.39,0.36,2026-01-20,0605,SNPP,SNPP,n,2,288.77,2.14,D,0
21.56245,104.97717,334.02,0.44,0.38,2026-01-20,0605,SNPP,SNPP,n,2,294.96,2.73,D,0
21.56222,104.97781,331.26,0.44,0.38,2026-01-20,0605,SNPP,SNPP,n,2,294.77,2.66,D,0
21.86861,105.33064,330.47,0.42,0.38,2026-01-20,0605,SNPP,SNPP,n,2,294.16,3.17,D,0
20.77725,106.631,298.32,0.39,0.36,2026-01-25,1840,SNPP,SNPP,n,2,287.36,0.49,N,0
21.01724,106.52942,308.43,0.32,0.55,2026-01-27,1803,SNPP,SNPP,n,2,291.03,1.5,N,2
20.52989,105.86583,298.97,0.35,0.57,2026-01-27,1803,SNPP,SNPP,n,2,287.93,0.34,N,2
20.40441,105.89885,303.03,0.35,0.57,2026-01-27,1803,SNPP,SNPP,n,2,288.08,0.83,N,2
20.39882,105.90156,301.78,0.35,0.56,2026-01-27,1803,SNPP,SNPP,n,2,288.35,0.83,N,2
20.40499,105.89976,307.76,0.35,0.56,2026-01-27,1803,SNPP,SNPP,n,2,288.52,0.89,N,2
20.39938,105.90247,299.14,0.35,0.56,2026-01-27,1803,SNPP,SNPP,n,2,288.38,0.89,N,2
21.46472,106.63257,327.31,0.48,0.64,2026-01-28,0655,SNPP,SNPP,n,2,288.48,2.63,D,0
21.57076,105.97291,331.8,0.43,0.62,2026-01-28,0655,SNPP,SNPP,n,2,289.91,4.07,D,0
21.73904,106.09484,333.04,0.44,0.63,2026-01-28,0655,SNPP,SNPP,n,2,289.28,2.95,D,0
21.77421,105.43803,335.31,0.4,0.6,2026-01-28,0655,SNPP,SNPP,n,2,289.44,2.6,D,0
21.01698,106.52951,306.76,0.49,0.65,2026-01-28,1924,SNPP,SNPP,n,2,288.17,2.06,N,2
21.01481,106.53889,297.67,0.49,0.65,2026-01-28,1924,SNPP,SNPP,n,2,287.65,0.79,N,2
20.39938,105.90252,297.61,0.46,0.63,2026-01-28,1924,SNPP,SNPP,n,2,286.97,0.88,N,2
20.1198,105.83423,334.64,0.41,0.45,2026-01-29,0636,SNPP,SNPP,n,2,299.08,3,D,0
20.16473,105.05981,329.99,0.55,0.43,2026-01-29,0636,SNPP,SNPP,n,2,296.22,2.51,D,0
20.59295,105.34756,340.07,0.39,0.44,2026-01-29,0636,SNPP,SNPP,n,2,297.15,7.49,D,0
20.59251,105.34402,336.82,0.39,0.44,2026-01-29,0636,SNPP,SNPP,n,2,296.94,6.57,D,0
20.61713,105.31145,341.72,0.38,0.44,2026-01-29,0636,SNPP,SNPP,n,2,298.26,6.25,D,0
20.63239,105.20499,326.79,0.57,0.43,2026-01-29,0636,SNPP,SNPP,n,2,295.91,2.73,D,0
20.8842,105.2001,327.41,0.57,0.43,2026-01-29,0636,SNPP,SNPP,n,2,295.9,3.81,D,0
20.19449,105.55237,353.4,0.39,0.36,2026-01-30,0617,SNPP,SNPP,n,2,298.26,11.35,D,0
20.34799,105.91227,303.89,0.41,0.37,2026-01-30,1847,SNPP,SNPP,n,2,290.27,0.54,N,0
21.40551,106.46214,330.54,0.45,0.39,2026-01-31,0559,SNPP,SNPP,n,2,293.59,3.42,D,0
21.37204,105.71313,333.18,0.48,0.4,2026-01-31,0559,SNPP,SNPP,n,2,294.53,6.74,D,0
21.3746,105.71041,329.86,0.48,0.4,2026-01-31,0559,SNPP,SNPP,n,2,290.89,4.45,D,0
21.80681,106.05712,328.78,0.46,0.39,2026-01-31,0559,SNPP,SNPP,n,2,288.49,2.21,D,0
20.53127,105.86469,298.8,0.56,0.69,2026-02-02,1750,SNPP,SNPP,n,2,281.01,0.71,N,2
20.49113,105.86505,298.31,0.56,0.69,2026-02-02,1750,SNPP,SNPP,n,2,279.98,0.5,N,0
20.42331,105.90009,295.67,0.56,0.69,2026-02-02,1750,SNPP,SNPP,n,2,282.91,0.76,N,0
20.40409,105.89802,298.84,0.56,0.69,2026-02-02,1750,SNPP,SNPP,n,2,283.56,1.04,N,2
21.01758,106.52841,297.85,0.61,0.71,2026-02-02,1930,SNPP,SNPP,n,2,284.73,1.28,N,2
21.01949,106.52903,297.55,0.61,0.71,2026-02-02,1931,SNPP,SNPP,n,2,284.87,1.53,N,2
21.01024,106.53896,296.41,0.61,0.71,2026-02-02,1931,SNPP,SNPP,n,2,284.05,0.67,N,2
20.4028,105.90165,295.39,0.57,0.69,2026-02-02,1931,SNPP,SNPP,n,2,285.19,0.75,N,2
20.4017,105.90009,295.98,0.57,0.69,2026-02-02,1931,SNPP,SNPP,n,2,285.03,0.88,N,2
21.01906,106.52857,306.83,0.62,0.54,2026-02-03,1912,SNPP,SNPP,n,2,288.64,2.15,N,2
21.01165,106.53918,299.29,0.62,0.54,2026-02-03,1912,SNPP,SNPP,n,2,287.91,1.57,N,2
20.39925,105.8995,300.01,0.58,0.52,2026-02-03,1912,SNPP,SNPP,n,2,288.37,1.12,N,2
20.34207,105.91409,298.1,0.58,0.52,2026-02-03,1912,SNPP,SNPP,n,2,287.69,0.97,N,0
20.17464,105.27013,326.12,0.41,0.37,2026-02-04,0624,SNPP,SNPP,n,2,295.51,2.01,D,0
20.48948,105.60087,348.05,0.42,0.38,2026-02-04,0624,SNPP,SNPP,n,2,295.81,12.97,D,0
20.49293,105.6003,337.42,0.42,0.38,2026-02-04,0624,SNPP,SNPP,n,2,293.11,4.55,D,0
20.40014,105.90289,302.1,0.46,0.39,2026-02-04,1853,SNPP,SNPP,n,2,290.64,1.54,N,2
20.34179,105.91176,301.26,0.46,0.39,2026-02-04,1853,SNPP,SNPP,n,2,289.55,0.68,N,2
20.59119,105.34725,333.5,0.44,0.38,2026-02-05,0605,SNPP,SNPP,n,2,299.9,3.63,D,0
20.59472,105.34676,337.87,0.44,0.38,2026-02-05,0605,SNPP,SNPP,n,2,296.68,3.63,D,0
21.72615,105.35733,328.47,0.5,0.49,2026-02-06,0546,SNPP,SNPP,n,2,293.74,3.87,D,0
21.01272,106.54059,298.92,0.39,0.36,2026-02-10,1841,SNPP,SNPP,n,2,288.34,0.59,N,2
21.01759,106.52706,295.76,0.48,0.65,2026-02-13,1924,SNPP,SNPP,n,2,285.04,0.95,N,2
21.01429,106.54102,302.8,0.49,0.65,2026-02-13,1924,SNPP,SNPP,n,2,286.64,1.5,N,2
21.03924,106.58876,300.15,0.49,0.65,2026-02-13,1924,SNPP,SNPP,n,2,287.28,2,N,2
21.01232,106.54183,300.76,0.49,0.65,2026-02-13,1924,SNPP,SNPP,n,2,286.69,1.81,N,2
21.04016,106.58833,301.47,0.49,0.49,2026-02-14,1906,SNPP,SNPP,n,2,289.45,0.98,N,2
20.10539,106.0621,303.63,0.47,0.48,2026-02-14,1906,SNPP,SNPP,n,2,289.58,0.78,N,0
20.15291,105.81081,340.35,0.39,0.36,2026-02-15,0617,SNPP,SNPP,n,2,304.97,19.52,D,0
20.15549,105.56047,337.64,0.39,0.36,2026-02-15,0617,SNPP,SNPP,n,2,300.36,2.51,D,0
20.17542,105.46664,338.1,0.39,0.36,2026-02-15,0617,SNPP,SNPP,n,2,300.05,17.16,D,0
20.24503,105.50019,330.81,0.39,0.36,2026-02-15,0617,SNPP,SNPP,n,2,298.64,2.05,D,0
20.24808,105.50011,336.27,0.39,0.36,2026-02-15,0618,SNPP,SNPP,n,2,298.8,4.12,D,0
20.295,105.56387,346.83,0.39,0.36,2026-02-15,0618,SNPP,SNPP,n,2,302.3,13.25,D,0
20.34837,105.42609,331.98,0.39,0.36,2026-02-15,0618,SNPP,SNPP,n,2,297.41,1.94,D,0
20.39461,105.66785,332.17,0.39,0.36,2026-02-15,0618,SNPP,SNPP,n,2,300.21,3.11,D,0
20.71685,105.60538,332.98,0.39,0.36,2026-02-15,0618,SNPP,SNPP,n,2,295.99,2.49,D,0
21.28244,106.52534,333.73,0.41,0.37,2026-02-15,0618,SNPP,SNPP,n,2,296.81,2.82,D,0
21.03982,106.58884,305.93,0.42,0.38,2026-02-15,1847,SNPP,SNPP,n,2,292.67,0.85,N,2
21.01777,106.53064,305.05,0.42,0.38,2026-02-15,1847,SNPP,SNPP,n,2,294.47,1.02,N,2
21.01295,106.53798,305.2,0.42,0.38,2026-02-15,1847,SNPP,SNPP,n,2,293.15,1.63,N,2
20.14024,105.39837,332.4,0.52,0.42,2026-02-16,0559,SNPP,SNPP,n,2,298.4,3.43,D,0
20.17841,105.32578,344.05,0.53,0.42,2026-02-16,0559,SNPP,SNPP,n,2,296.62,15.5,D,0
20.1823,105.3255,343.17,0.53,0.42,2026-02-16,0559,SNPP,SNPP,n,2,297.08,20.48,D,0
20.5873,105.64189,344.2,0.5,0.41,2026-02-16,0559,SNPP,SNPP,n,2,298.42,17.95,D,0
20.59103,105.64117,348.31,0.5,0.41,2026-02-16,0559,SNPP,SNPP,n,2,293.86,17.95,D,0
20.58874,105.64354,337.72,0.5,0.41,2026-02-16,0559,SNPP,SNPP,n,2,300.76,56.72,D,0
20.7678,105.4096,334.01,0.51,0.41,2026-02-16,0559,SNPP,SNPP,n,2,294.74,5.46,D,0
21.38753,106.36089,330.31,0.45,0.39,2026-02-16,0559,SNPP,SNPP,n,2,295.79,2.96,D,0
21.59782,106.0221,333.04,0.46,0.39,2026-02-16,0559,SNPP,SNPP,n,2,296.89,8.92,D,0
21.73003,106.18048,333.24,0.46,0.39,2026-02-16,0559,SNPP,SNPP,n,2,295.17,3.64,D,0
21.73358,106.1797,336.17,0.46,0.39,2026-02-16,0559,SNPP,SNPP,n,2,295.95,3.64,D,0
21.08784,106.73986,296.42,0.5,0.66,2026-02-18,1750,SNPP,SNPP,n,2,285.76,0.5,N,0
21.01913,106.53003,330.64,0.46,0.39,2026-02-20,0624,SNPP,SNPP,n,2,301.65,3.01,D,2
21.09625,106.6596,333.13,0.47,0.39,2026-02-20,0624,SNPP,SNPP,n,2,296.39,2.1,D,0
21.28715,106.6736,329.47,0.47,0.4,2026-02-20,0624,SNPP,SNPP,n,2,296.07,2.63,D,0
21.28742,106.67496,329.34,0.47,0.4,2026-02-20,0624,SNPP,SNPP,n,2,295.83,2.81,D,0
21.29856,106.478,339.34,0.46,0.39,2026-02-20,0624,SNPP,SNPP,n,2,297.22,5.85,D,0
21.16896,105.14774,332.81,0.41,0.37,2026-02-20,0624,SNPP,SNPP,n,2,296.55,7.5,D,0
21.60533,106.11292,332.49,0.45,0.39,2026-02-20,0624,SNPP,SNPP,n,2,294.38,2.51,D,0
21.62033,105.95792,328.36,0.44,0.38,2026-02-20,0624,SNPP,SNPP,n,2,294.69,1.97,D,0
21.65941,106.173,332.03,0.45,0.39,2026-02-20,0624,SNPP,SNPP,n,2,296.58,4.26,D,0
21.6747,106.04243,337.67,0.44,0.39,2026-02-20,0624,SNPP,SNPP,n,2,293.05,4.87,D,0
21.69047,106.10571,337.93,0.45,0.39,2026-02-20,0624,SNPP,SNPP,n,2,295.42,3.54,D,0
21.71518,106.20813,331.55,0.45,0.39,2026-02-20,0624,SNPP,SNPP,n,2,296.32,4.63,D,0
21.77233,106.33306,336.46,0.46,0.39,2026-02-20,0624,SNPP,SNPP,n,2,294.31,4.04,D,0
20.39839,105.90183,309.82,0.46,0.39,2026-02-20,1853,SNPP,SNPP,n,2,290.58,2.15,N,2
20.34044,105.91082,303.13,0.46,0.39,2026-02-20,1853,SNPP,SNPP,n,2,289.27,0.58,N,2
20.3252,105.40704,330.46,0.44,0.38,2026-02-21,0605,SNPP,SNPP,n,2,294.71,4.55,D,0
20.47603,105.69688,331.35,0.43,0.38,2026-02-21,0605,SNPP,SNPP,n,2,295.88,1.84,D,0
20.5129,105.63954,332.1,0.43,0.38,2026-02-21,0605,SNPP,SNPP,n,2,297.87,10.63,D,0
20.52063,105.62151,333.22,0.43,0.38,2026-02-21,0605,SNPP,SNPP,n,2,298.62,3.15,D,0
20.5241,105.62082,335.3,0.43,0.38,2026-02-21,0605,SNPP,SNPP,n,2,297.88,5.95,D,0
20.63339,105.62671,334.6,0.43,0.38,2026-02-21,0605,SNPP,SNPP,n,2,293.39,2.73,D,0
21.5611,105.86722,304.82,0.38,0.36,2026-02-26,1841,SNPP,SNPP,n,2,289.67,0.7,N,0
20.53179,105.86486,302.94,0.38,0.36,2026-02-26,1841,SNPP,SNPP,n,2,289.62,0.56,N,2
20.34826,105.91225,303.03,0.38,0.36,2026-02-26,1841,SNPP,SNPP,n,2,281.07,1.22,N,2
20.34164,105.91106,300.2,0.38,0.36,2026-02-26,1841,SNPP,SNPP,n,2,284.3,1.02,N,2
20.43934,105.70332,343.66,0.4,0.6,2026-03-01,0655,SNPP,SNPP,n,2,294.24,7.52,D,0
20.43818,105.70325,347.19,0.4,0.6,2026-03-01,0655,SNPP,SNPP,n,2,294.41,7.15,D,0
21.93798,105.65013,341.5,0.41,0.61,2026-03-01,0656,SNPP,SNPP,n,2,295.03,5.39,D,0
21.00539,105.47164,342.68,0.39,0.59,2026-03-01,0656,SNPP,SNPP,n,2,293.45,4.01,D,0
21.62847,105.24516,330.66,0.38,0.59,2026-03-01,0656,SNPP,SNPP,n,2,294.41,6.11,D,0
21.664,105.26816,335.06,0.38,0.59,2026-03-01,0656,SNPP,SNPP,n,2,294.47,3.66,D,0
21.66429,105.26788,336.4,0.39,0.59,2026-03-01,0656,SNPP,SNPP,n,2,294.89,3.3,D,0
21.72349,105.48621,367,0.4,0.6,2026-03-01,0656,SNPP,SNPP,h,2,296.27,11.57,D,0
21.72908,105.48566,344.25,0.4,0.6,2026-03-01,0656,SNPP,SNPP,n,2,294.42,4.83,D,0
21.79188,105.26886,331.7,0.39,0.59,2026-03-01,0656,SNPP,SNPP,n,2,294.93,2.83,D,0
21.78861,104.9418,333.09,0.37,0.58,2026-03-01,0656,SNPP,SNPP,n,2,290.84,4.02,D,0
21.8815,105.50735,367,0.4,0.6,2026-03-01,0656,SNPP,SNPP,h,2,296.41,12.86,D,0
21.88123,105.50446,339.9,0.4,0.6,2026-03-01,0656,SNPP,SNPP,n,2,290.32,12.86,D,0
21.85554,105.01169,357.23,0.37,0.58,2026-03-01,0656,SNPP,SNPP,n,2,295.88,7.44,D,0
21.85191,105.01144,349.64,0.37,0.58,2026-03-01,0656,SNPP,SNPP,n,2,295.15,4.13,D,0
21.85769,105.01463,331.96,0.37,0.58,2026-03-01,0656,SNPP,SNPP,n,2,293.44,6.99,D,0
21.85736,105.01109,337.95,0.37,0.58,2026-03-01,0656,SNPP,SNPP,n,2,294.62,4.13,D,0
20.13831,105.59441,341.89,0.39,0.44,2026-03-02,0636,SNPP,SNPP,n,2,297.27,5.76,D,0
20.13891,105.59404,341.1,0.39,0.44,2026-03-02,0636,SNPP,SNPP,n,2,296.96,5.62,D,0
20.13421,105.22504,331.2,0.55,0.43,2026-03-02,0636,SNPP,SNPP,n,2,296.3,8.32,D,0
20.18034,105.43222,331.26,0.57,0.43,2026-03-02,0636,SNPP,SNPP,n,2,296.7,5.53,D,0
20.15024,105.12994,332.48,0.55,0.43,2026-03-02,0636,SNPP,SNPP,n,2,297.02,3.94,D,0
20.2398,105.64463,340.59,0.39,0.44,2026-03-02,0636,SNPP,SNPP,n,2,296.4,4.04,D,0
20.38181,105.36066,334.84,0.57,0.43,2026-03-02,0637,SNPP,SNPP,n,2,297.41,6.22,D,0
20.49329,105.69935,357.75,0.4,0.44,2026-03-02,0637,SNPP,SNPP,n,2,299.3,17.67,D,0
20.49237,105.69168,343.1,0.4,0.44,2026-03-02,0637,SNPP,SNPP,n,2,297.99,15.93,D,0
20.49191,105.68786,339.3,0.4,0.44,2026-03-02,0637,SNPP,SNPP,n,2,296.56,9.56,D,0
20.43253,105.10293,332.14,0.55,0.43,2026-03-02,0637,SNPP,SNPP,n,2,299.72,3.21,D,0
20.53163,105.57314,343.7,0.39,0.44,2026-03-02,0637,SNPP,SNPP,n,2,294.76,3.38,D,0
20.53786,105.55699,340.2,0.39,0.44,2026-03-02,0637,SNPP,SNPP,n,2,297.77,6.71,D,0
20.54144,105.55268,337.85,0.39,0.44,2026-03-02,0637,SNPP,SNPP,n,2,297.01,6.71,D,0
20.55268,105.60952,342.38,0.39,0.44,2026-03-02,0637,SNPP,SNPP,n,2,295.48,4.27,D,0
20.61732,105.30167,341.22,0.57,0.43,2026-03-02,0637,SNPP,SNPP,n,2,298.39,6.89,D,0
20.74442,105.28477,338.64,0.57,0.43,2026-03-02,0637,SNPP,SNPP,n,2,296.66,4.91,D,0
20.79442,104.88197,334.3,0.54,0.42,2026-03-02,0637,SNPP,SNPP,n,2,298.26,3.86,D,0
20.84699,105.26044,332.83,0.57,0.43,2026-03-02,0637,SNPP,SNPP,n,2,298.68,3.5,D,0
20.79472,104.88426,332.89,0.54,0.42,2026-03-02,0637,SNPP,SNPP,n,2,297.39,5.75,D,0
20.89175,105.41668,353.91,0.39,0.44,2026-03-02,0637,SNPP,SNPP,n,2,303.1,9.97,D,0
20.89579,105.41621,338.38,0.39,0.44,2026-03-02,0637,SNPP,SNPP,n,2,297.4,9.97,D,0
20.93303,105.09554,333.28,0.56,0.43,2026-03-02,0637,SNPP,SNPP,n,2,296.66,4.95,D,0
20.93616,105.09828,339.52,0.56,0.43,2026-03-02,0637,SNPP,SNPP,n,2,294.24,7.6,D,0
20.96528,105.17182,342.34,0.56,0.43,2026-03-02,0637,SNPP,SNPP,n,2,297.24,7.34,D,0
20.99156,105.28735,334.87,0.57,0.43,2026-03-02,0637,SNPP,SNPP,n,2,301.68,14.91,D,0
20.99556,105.28678,335.85,0.57,0.43,2026-03-02,0637,SNPP,SNPP,n,2,298.45,14.91,D,0
20.99451,105.14654,338.34,0.56,0.43,2026-03-02,0637,SNPP,SNPP,n,2,297.93,8.16,D,0
21.0105,105.0491,333.97,0.56,0.43,2026-03-02,0637,SNPP,SNPP,n,2,297.07,4.39,D,0
21.00987,105.04404,336.37,0.55,0.43,2026-03-02,0637,SNPP,SNPP,n,2,299.27,9.95,D,0
21.23192,106.75968,343.31,0.47,0.48,2026-03-02,0637,SNPP,SNPP,n,2,303.68,54.65,D,0
21.03627,105.15704,333.31,0.56,0.43,2026-03-02,0637,SNPP,SNPP,n,2,300.37,6.82,D,0
21.23633,106.759,343.66,0.47,0.48,2026-03-02,0637,SNPP,SNPP,n,2,295.17,9.61,D,0
21.23546,106.75997,341.34,0.47,0.48,2026-03-02,0637,SNPP,SNPP,n,2,296.65,23.77,D,0
21.25268,106.67412,338.83,0.47,0.47,2026-03-02,0637,SNPP,SNPP,n,2,298.46,5.78,D,0
21.29382,106.49275,331.59,0.45,0.47,2026-03-02,0637,SNPP,SNPP,n,2,295.66,4.17,D,0
21.14613,105.05165,333.38,0.56,0.43,2026-03-02,0637,SNPP,SNPP,n,2,300.06,12.24,D,0
21.16043,105.24858,330.75,0.57,0.43,2026-03-02,0637,SNPP,SNPP,n,2,297.55,3.41,D,0
21.14868,105.04985,343.84,0.56,0.43,2026-03-02,0637,SNPP,SNPP,n,2,299.48,16.18,D,0
21.24089,105.14243,331.99,0.57,0.43,2026-03-02,0637,SNPP,SNPP,n,2,297.84,4.07,D,0
21.2365,105.07545,333.14,0.56,0.43,2026-03-02,0637,SNPP,SNPP,n,2,298.67,7.31,D,0
21.24958,104.9015,337.25,0.55,0.43,2026-03-02,0637,SNPP,SNPP,n,2,298.8,6.72,D,0
21.45519,106.4603,342.33,0.45,0.47,2026-03-02,0637,SNPP,SNPP,n,2,297.12,5.05,D,0
21.65835,106.60488,340.65,0.47,0.47,2026-03-02,0637,SNPP,SNPP,n,2,295.04,4.94,D,0
21.50328,104.99251,335.12,0.56,0.43,2026-03-02,0637,SNPP,SNPP,n,2,296,4.23,D,0
21.68095,106.15099,353.88,0.44,0.46,2026-03-02,0637,SNPP,SNPP,n,2,303.46,25.41,D,0
21.68522,106.15042,338.12,0.44,0.46,2026-03-02,0637,SNPP,SNPP,n,2,296.48,25.41,D,0
21.61718,105.41749,340.91,0.39,0.44,2026-03-02,0637,SNPP,SNPP,n,2,300.44,5.46,D,0
21.68901,105.96685,333.05,0.43,0.46,2026-03-02,0637,SNPP,SNPP,n,2,297.69,2.09,D,0
21.61686,105.41741,340.26,0.4,0.44,2026-03-02,0637,SNPP,SNPP,n,2,300.61,4.96,D,0
21.68909,105.96736,331.07,0.43,0.46,2026-03-02,0637,SNPP,SNPP,n,2,297.7,3.12,D,0
21.62085,105.38107,341,0.39,0.44,2026-03-02,0637,SNPP,SNPP,n,2,302.16,5.23,D,0
21.69703,105.96181,338.29,0.43,0.46,2026-03-02,0637,SNPP,SNPP,n,2,296.62,3.6,D,0
21.58559,104.95186,333.17,0.56,0.43,2026-03-02,0637,SNPP,SNPP,n,2,295.42,2.29,D,0
21.65942,105.09156,334.2,0.57,0.43,2026-03-02,0637,SNPP,SNPP,n,2,298.84,9.44,D,0
21.72865,105.48381,339.73,0.4,0.44,2026-03-02,0637,SNPP,SNPP,n,2,298.21,5.19,D,0
21.81517,105.80338,335.38,0.42,0.45,2026-03-02,0637,SNPP,SNPP,n,2,297.18,4.79,D,0
21.81466,105.79908,334.53,0.42,0.45,2026-03-02,0637,SNPP,SNPP,n,2,297.23,3.53,D,0
21.85526,105.89004,335.69,0.42,0.45,2026-03-02,0637,SNPP,SNPP,n,2,299.56,3.65,D,0
21.88049,105.99368,346.93,0.43,0.46,2026-03-02,0637,SNPP,SNPP,n,2,300.15,10.33,D,0
21.89892,106.0086,331.48,0.43,0.46,2026-03-02,0637,SNPP,SNPP,n,2,298.58,3.03,D,0
21.8235,105.24937,333.78,0.39,0.44,2026-03-02,0637,SNPP,SNPP,n,2,297.95,3.27,D,0
21.9277,106.03411,355.28,0.43,0.46,2026-03-02,0637,SNPP,SNPP,n,2,298.94,12.25,D,0
21.89342,105.7374,331.92,0.42,0.45,2026-03-02,0637,SNPP,SNPP,n,2,299.52,5.72,D,0
21.91426,105.77061,339.98,0.42,0.45,2026-03-02,0637,SNPP,SNPP,n,2,296.75,4.6,D,0
21.85946,105.30914,339.41,0.39,0.44,2026-03-02,0637,SNPP,SNPP,n,2,297.85,4.05,D,0
21.82488,104.89211,332.02,0.56,0.43,2026-03-02,0637,SNPP,SNPP,n,2,296.66,3.19,D,0
21.85019,104.96615,331.42,0.56,0.43,2026-03-02,0637,SNPP,SNPP,n,2,296.86,2.57,D,3
21.89551,105.16712,341.76,0.38,0.44,2026-03-02,0637,SNPP,SNPP,n,2,299.54,4.7,D,0
21.86496,104.85892,334.85,0.55,0.43,2026-03-02,0637,SNPP,SNPP,n,2,297.79,4.8,D,0
21.86322,104.85645,331.11,0.55,0.43,2026-03-02,0637,SNPP,SNPP,n,2,297.87,3.37,D,0
21.9408,105.23343,341.28,0.39,0.44,2026-03-02,0637,SNPP,SNPP,n,2,299.11,3.2,D,0
21.93043,105.14675,352.9,0.38,0.44,2026-03-02,0637,SNPP,SNPP,n,2,303.39,18.08,D,0
21.87342,105.45605,331.07,0.39,0.36,2026-03-03,0618,SNPP,SNPP,n,2,293.31,3.18,D,0
21.51969,106.01092,333.84,0.47,0.4,2026-03-04,0559,SNPP,SNPP,n,2,293.54,6.27,D,0
21.60652,106.14375,328.44,0.46,0.39,2026-03-04,0559,SNPP,SNPP,n,2,292.1,2.22,D,0
20.3489,106.16834,297.69,0.47,0.4,2026-03-08,1854,SNPP,SNPP,n,2,287.07,1.03,N,0
21.08198,106.68169,338.35,0.56,0.43,2026-03-13,0630,SNPP,SNPP,n,2,293.72,4.14,D,0
21.17205,105.25627,331.92,0.47,0.4,2026-03-13,0631,SNPP,SNPP,n,2,293.28,3.39,D,0
21.81172,106.12693,338.66,0.53,0.42,2026-03-13,0631,SNPP,SNPP,n,2,298.01,31.83,D,0
20.89336,106.71046,333.9,0.38,0.36,2026-03-14,0612,SNPP,SNPP,n,2,293.33,2.23,D,0
20.93892,105.09436,336.93,0.43,0.62,2026-03-16,0534,SNPP,SNPP,n,2,285.37,3.61,D,0
21.73766,106.29207,352.69,0.35,0.57,2026-03-16,0534,SNPP,SNPP,n,2,288.78,5.96,D,0
21.72282,105.61649,333.45,0.39,0.59,2026-03-16,0534,SNPP,SNPP,n,2,287.94,2.65,D,0
20.98699,105.23241,331.44,0.75,0.77,2026-03-16,0715,SNPP,SNPP,n,2,286.4,27.54,D,0
20.98653,105.22617,357.45,0.75,0.77,2026-03-16,0715,SNPP,SNPP,l,2,286.56,28.63,D,0
21.06731,105.06493,328.85,0.73,0.76,2026-03-16,0715,SNPP,SNPP,n,2,283.71,6.5,D,0
21.03671,106.58905,303.18,0.33,0.55,2026-03-16,1803,SNPP,SNPP,n,2,288.3,0.74,N,0
21.01726,106.52782,306.54,0.33,0.55,2026-03-16,1803,SNPP,SNPP,n,2,290.02,1.21,N,2
21.01657,106.5343,303.31,0.33,0.55,2026-03-16,1803,SNPP,SNPP,n,2,289.44,1.35,N,2
21.01076,106.54012,299.62,0.33,0.55,2026-03-16,1803,SNPP,SNPP,n,2,288.48,0.83,N,2
20.77889,106.62803,324.1,0.32,0.55,2026-03-16,1803,SNPP,SNPP,n,2,288.66,1.66,N,0
20.52961,105.86552,302.36,0.36,0.57,2026-03-16,1803,SNPP,SNPP,n,2,288.52,0.68,N,2
20.42543,105.89969,299.17,0.36,0.57,2026-03-16,1803,SNPP,SNPP,n,2,288.89,0.61,N,0
20.40384,105.90043,301.6,0.36,0.57,2026-03-16,1803,SNPP,SNPP,n,2,288.38,0.6,N,2
20.39852,105.89983,304.41,0.36,0.57,2026-03-16,1803,SNPP,SNPP,n,2,289.1,0.98,N,2
20.66096,105.30131,349.7,0.37,0.58,2026-03-17,0656,SNPP,SNPP,n,2,294.51,5.66,D,0
20.96026,105.24815,341.27,0.37,0.58,2026-03-17,0656,SNPP,SNPP,n,2,290.93,3.26,D,0
20.96212,105.24754,341.97,0.37,0.58,2026-03-17,0656,SNPP,SNPP,n,2,291.13,2.94,D,0
21.11578,105.12502,356.24,0.37,0.58,2026-03-17,0656,SNPP,SNPP,n,2,293.63,4.6,D,0
21.03618,106.58667,296.98,0.66,0.73,2026-03-17,1744,SNPP,SNPP,n,2,285.01,1.68,N,0
20.40343,105.90099,301.42,0.45,0.63,2026-03-17,1925,SNPP,SNPP,n,2,287.06,1.37,N,2
20.9059,105.33199,332.42,0.57,0.43,2026-03-18,0637,SNPP,SNPP,n,2,293.07,7.61,D,0
20.90802,105.33505,345.42,0.57,0.43,2026-03-18,0637,SNPP,SNPP,n,2,295.02,9.48,D,0
21.02066,106.52825,303.12,0.48,0.48,2026-03-18,1906,SNPP,SNPP,n,2,289.91,0.96,N,2
20.31275,106.36353,299.4,0.48,0.48,2026-03-18,1906,SNPP,SNPP,n,2,289.02,0.88,N,0
20.30836,106.36255,301.16,0.48,0.48,2026-03-18,1906,SNPP,SNPP,n,2,289.27,0.93,N,0
20.3093,106.36554,305.08,0.48,0.48,2026-03-18,1906,SNPP,SNPP,n,2,289.29,1.5,N,0
20.88218,105.44411,336.57,0.39,0.36,2026-03-19,0618,SNPP,SNPP,n,2,297.25,3.26,D,0
20.88738,105.16304,332.04,0.38,0.36,2026-03-19,0618,SNPP,SNPP,n,2,296,4.82,D,0
21.03911,106.59013,303.74,0.52,0.5,2026-03-21,1810,SNPP,SNPP,n,2,288.57,1.59,N,0
21.01786,106.5307,303.87,0.52,0.5,2026-03-21,1810,SNPP,SNPP,n,2,289.56,2.42,N,2
21.01817,106.52895,299.56,0.53,0.67,2026-03-22,1751,SNPP,SNPP,n,2,284.31,1.22,N,2
21.01122,106.53446,297.61,0.6,0.7,2026-03-22,1931,SNPP,SNPP,n,2,287.59,1.37,N,2
21.00981,106.54021,298.91,0.6,0.7,2026-03-22,1931,SNPP,SNPP,n,2,287.56,1.37,N,2
21.01208,106.53464,299,0.6,0.7,2026-03-22,1931,SNPP,SNPP,n,2,287.48,2.96,N,2
21.01071,106.54041,299.31,0.6,0.71,2026-03-22,1931,SNPP,SNPP,n,2,287.52,2.54,N,2
21.11879,105.206,345.49,0.47,0.47,2026-03-23,0643,SNPP,SNPP,n,2,297.44,5.99,D,0
21.01931,106.53151,342.29,0.45,0.39,2026-03-24,0624,SNPP,SNPP,n,2,302.81,5.33,D,2
21.25158,106.52053,334.17,0.46,0.39,2026-03-24,0624,SNPP,SNPP,n,2,300.05,8.66,D,0
21.25247,106.52132,344.26,0.46,0.39,2026-03-24,0625,SNPP,SNPP,n,2,299.9,8,D,0
21.0106,106.54037,308.05,0.48,0.4,2026-03-24,1854,SNPP,SNPP,n,2,292.64,2.48,N,2
20.93335,106.73399,335.28,0.4,0.37,2026-03-25,0606,SNPP,SNPP,n,2,296,2.4,D,0
20.98288,106.69748,337.79,0.4,0.37,2026-03-25,0606,SNPP,SNPP,n,2,300.31,3.89,D,0
21.08504,106.65211,332.35,0.4,0.37,2026-03-25,0606,SNPP,SNPP,n,2,296.58,3.09,D,0
21.1201,106.78289,341.28,0.4,0.37,2026-03-25,0606,SNPP,SNPP,n,2,298.29,3.91,D,0
21.15139,106.46177,332.7,0.4,0.37,2026-03-25,0606,SNPP,SNPP,n,2,295.94,5.99,D,0
21.01807,106.53049,313.36,0.39,0.36,2026-03-25,1835,SNPP,SNPP,n,2,293.68,1.77,N,2
21.01359,106.53741,310.75,0.39,0.36,2026-03-25,1835,SNPP,SNPP,n,2,293.12,1.41,N,2
21.00969,106.54058,313.39,0.39,0.36,2026-03-25,1835,SNPP,SNPP,n,2,292.73,1.41,N,2
21.01844,106.52962,309.28,0.42,0.45,2026-03-26,1816,SNPP,SNPP,n,2,293.57,1.5,N,2
21.01329,106.53706,303.34,0.42,0.45,2026-03-26,1816,SNPP,SNPP,n,2,292.76,2.02,N,2
20.77899,106.63075,306.77,0.41,0.45,2026-03-26,1816,SNPP,SNPP,n,2,292.11,1.16,N,0
20.23933,105.20886,335.1,0.46,0.39,2026-03-29,0631,SNPP,SNPP,n,2,297.97,3.18,D,0
21.03456,105.04852,336.63,0.46,0.39,2026-03-29,0631,SNPP,SNPP,n,2,302.84,4.85,D,0
20.51444,105.86777,301.54,0.55,0.42,2026-03-29,1900,SNPP,SNPP,n,2,289.28,1.64,N,0
20.39914,105.90064,309.52,0.55,0.43,2026-03-29,1900,SNPP,SNPP,n,2,294.15,1.82,N,2
20.39893,105.90231,330.69,0.39,0.36,2026-03-30,0612,SNPP,SNPP,l,2,302.3,3.16,D,2
20.92961,105.57413,344.76,0.39,0.36,2026-03-30,0612,SNPP,SNPP,n,2,301.95,3.33,D,0
21.19952,105.35513,332.62,0.39,0.36,2026-03-30,0612,SNPP,SNPP,n,2,301.71,1.29,D,0
21.36705,105.04829,330.58,0.4,0.37,2026-03-30,0612,SNPP,SNPP,l,2,302.92,3.46,D,0
20.12283,105.46481,332.73,0.39,0.37,2026-03-30,0612,SNPP,SNPP,n,2,303.44,2.37,D,0
20.40339,105.90201,311.52,0.38,0.36,2026-03-30,1842,SNPP,SNPP,n,2,295.8,1.2,N,2
20.40009,105.90142,320.54,0.38,0.36,2026-03-30,1842,SNPP,SNPP,n,2,296.74,2.23,N,2
20.34765,105.91085,311.93,0.38,0.36,2026-03-30,1842,SNPP,SNPP,n,2,295.21,1.13,N,2
20.51028,105.86775,307.54,0.38,0.36,2026-03-30,1842,SNPP,SNPP,n,2,294.08,0.81,N,0
20.48096,105.88133,307.9,0.38,0.36,2026-03-30,1842,SNPP,SNPP,n,2,294.66,0.82,N,0
20.81346,104.86929,331.87,0.45,0.47,2026-03-31,0553,SNPP,SNPP,n,2,299.25,5.05,D,0
21.79217,105.41042,339.12,0.4,0.44,2026-03-31,0554,SNPP,SNPP,n,2,297.84,3.8,D,0
20.25171,105.51585,331.56,0.39,0.44,2026-04-03,0637,SNPP,SNPP,n,2,300.54,3.9,D,0
20.27615,105.58077,343.01,0.39,0.44,2026-04-03,0637,SNPP,SNPP,n,2,302.58,10.87,D,0
20.28019,105.58016,341.48,0.39,0.44,2026-04-03,0637,SNPP,SNPP,n,2,299.36,5.08,D,0
20.31052,104.93807,331.53,0.54,0.42,2026-04-03,0637,SNPP,SNPP,l,2,302.09,6.12,D,0
20.49076,105.65086,351.9,0.39,0.44,2026-04-03,0637,SNPP,SNPP,n,2,299.97,12.99,D,0
20.50256,105.57872,335.58,0.39,0.44,2026-04-03,0637,SNPP,SNPP,n,2,298.87,2.29,D,0
20.71205,104.87587,333.85,0.54,0.42,2026-04-03,0637,SNPP,SNPP,n,2,305.47,6.74,D,0
21.61289,105.62539,337.91,0.41,0.45,2026-04-03,0638,SNPP,SNPP,n,2,296.31,2.16,D,0
21.84161,105.79788,339.36,0.39,0.36,2026-04-04,0619,SNPP,SNPP,n,2,290.21,2.91,D,0
21.01929,106.53205,319.83,0.42,0.37,2026-04-04,1848,SNPP,SNPP,n,2,290.86,1.96,N,2
21.01519,106.53537,303.88,0.42,0.37,2026-04-04,1848,SNPP,SNPP,n,2,291.38,1.73,N,2
21.04001,106.58929,306.23,0.43,0.38,2026-04-05,1829,SNPP,SNPP,n,2,295.12,1.55,N,0
21.01987,106.53129,311.89,0.43,0.38,2026-04-05,1829,SNPP,SNPP,n,2,295.97,1.65,N,2
20.77909,106.62893,319.72,0.42,0.38,2026-04-05,1829,SNPP,SNPP,n,2,294.62,1.87,N,0
20.53112,105.86586,307.97,0.45,0.39,2026-04-05,1829,SNPP,SNPP,n,2,296.62,1.48,N,2
20.40362,105.90025,308.82,0.45,0.39,2026-04-05,1829,SNPP,SNPP,n,2,296.38,1.13,N,2
20.39947,105.90393,314.34,0.45,0.39,2026-04-05,1829,SNPP,SNPP,n,2,296.73,2.02,N,2
20.34899,105.91114,310.79,0.45,0.39,2026-04-05,1829,SNPP,SNPP,n,2,295.21,1.1,N,0
21.40324,106.37006,341.38,0.55,0.51,2026-04-06,0541,SNPP,SNPP,n,2,298.12,7.11,D,0
21.44753,106.44322,339.3,0.55,0.51,2026-04-06,0541,SNPP,SNPP,n,2,298.17,3.33,D,0
21.45218,106.44211,333.4,0.55,0.51,2026-04-06,0541,SNPP,SNPP,n,2,297.1,3.33,D,0
21.62047,106.78549,340.62,0.52,0.5,2026-04-06,0541,SNPP,SNPP,n,2,299.36,7.16,D,0
21.21029,106.55656,309.81,0.52,0.5,2026-04-06,1810,SNPP,SNPP,n,2,295.95,2.53,N,0
21.01791,106.52747,304.97,0.52,0.5,2026-04-06,1810,SNPP,SNPP,n,2,291.91,1.64,N,2
21.01825,106.53158,306.83,0.52,0.5,2026-04-06,1810,SNPP,SNPP,n,2,290.43,1.99,N,2
20.40366,105.899,307.74,0.56,0.51,2026-04-06,1810,SNPP,SNPP,n,2,297.44,1.18,N,2
20.39831,105.90368,310.35,0.56,0.51,2026-04-06,1810,SNPP,SNPP,n,2,297.85,1.94,N,2
20.81607,106.60767,343.85,0.55,0.68,2026-04-07,0522,SNPP,SNPP,n,2,295.14,13.46,D,0
21.08944,106.77671,329.76,0.53,0.67,2026-04-07,0522,SNPP,SNPP,n,2,294.25,2.75,D,0
21.67092,106.74439,328.55,0.51,0.66,2026-04-07,0523,SNPP,SNPP,n,2,294.37,3.05,D,0
20.15751,105.12476,345.31,0.46,0.63,2026-04-07,0703,SNPP,SNPP,n,2,297.77,4.13,D,0
20.23376,105.29603,341.7,0.47,0.64,2026-04-07,0703,SNPP,SNPP,n,2,297.9,3.47,D,0
20.23557,105.29359,331.29,0.47,0.64,2026-04-07,0703,SNPP,SNPP,n,2,297.68,5.82,D,0
20.50353,105.60484,367,0.5,0.66,2026-04-07,0703,SNPP,SNPP,h,2,297.23,16.69,D,0
20.817,106.60581,337.62,0.58,0.7,2026-04-07,0703,SNPP,SNPP,n,2,292.93,12.98,D,0
21.02583,104.8972,367,0.45,0.63,2026-04-07,0703,SNPP,SNPP,h,2,297.51,21.69,D,0
21.02552,104.89386,350.37,0.45,0.63,2026-04-07,0703,SNPP,SNPP,n,2,296.18,13,D,0
21.02356,104.89691,367,0.45,0.63,2026-04-07,0703,SNPP,SNPP,h,2,297.07,19.91,D,0
21.02328,104.89371,367,0.45,0.63,2026-04-07,0703,SNPP,SNPP,h,2,296.5,13.86,D,0
21.13803,105.17287,331.41,0.47,0.64,2026-04-07,0703,SNPP,SNPP,n,2,293.86,4.57,D,0
21.13762,105.16825,335.4,0.47,0.64,2026-04-07,0703,SNPP,SNPP,n,2,294.13,4.57,D,0
21.26369,105.12879,331.04,0.47,0.64,2026-04-07,0703,SNPP,SNPP,n,2,293.77,4.11,D,0
21.53611,105.68687,331.37,0.52,0.67,2026-04-07,0703,SNPP,SNPP,n,2,290.78,4.29,D,0
21.68033,106.79119,343,0.61,0.71,2026-04-07,0703,SNPP,SNPP,n,2,293.67,6.72,D,0
21.74744,105.43215,332.17,0.5,0.66,2026-04-07,0703,SNPP,SNPP,n,2,293.96,4.28,D,0
21.82306,106.04369,332.52,0.55,0.68,2026-04-07,0703,SNPP,SNPP,n,2,293.9,5.96,D,0
21.7779,104.9413,333.01,0.47,0.64,2026-04-07,0703,SNPP,SNPP,n,2,292.85,4.16,D,0
21.86002,105.79923,333.24,0.53,0.67,2026-04-07,0703,SNPP,SNPP,n,2,294.26,4.25,D,0
21.8911,106.14866,332.21,0.56,0.69,2026-04-07,0703,SNPP,SNPP,n,2,294.2,5.04,D,0
21.9279,105.44302,334.78,0.5,0.66,2026-04-07,0703,SNPP,SNPP,n,2,294.09,3.09,D,0
21.92757,105.29918,367,0.49,0.65,2026-04-07,0703,SNPP,SNPP,h,2,297.62,35.34,D,0
21.92719,105.29495,329.89,0.49,0.65,2026-04-07,0703,SNPP,SNPP,n,2,294.88,12.1,D,0
21.88958,105.28603,334.06,0.49,0.65,2026-04-07,0703,SNPP,SNPP,n,2,294.64,5.8,D,0
21.92702,105.44424,333.55,0.5,0.66,2026-04-07,0703,SNPP,SNPP,n,2,294.3,3.4,D,0
21.92762,105.29988,367,0.49,0.65,2026-04-07,0703,SNPP,SNPP,h,2,297.14,35.15,D,0
21.92727,105.29574,351.63,0.49,0.65,2026-04-07,0703,SNPP,SNPP,n,2,294.94,18.28,D,0
20.62166,105.3864,333.94,0.48,0.48,2026-04-08,0644,SNPP,SNPP,n,2,301.1,3.08,D,0
20.89249,105.4125,334.79,0.48,0.48,2026-04-08,0644,SNPP,SNPP,n,2,299.78,3.26,D,0
21.01444,104.89552,340.14,0.45,0.47,2026-04-08,0644,SNPP,SNPP,n,2,302.56,6.64,D,0
21.4807,106.47195,338.84,0.57,0.52,2026-04-08,0644,SNPP,SNPP,n,2,295.58,6.34,D,0
21.71293,105.52779,344.62,0.5,0.49,2026-04-08,0644,SNPP,SNPP,n,2,298.7,6.22,D,0
21.641,104.88721,330.37,0.46,0.47,2026-04-08,0644,SNPP,SNPP,n,2,297.01,2.08,D,0
21.77184,105.85044,350.1,0.53,0.5,2026-04-08,0644,SNPP,SNPP,n,2,295.82,9.89,D,0
21.83891,106.11271,344.84,0.55,0.51,2026-04-08,0644,SNPP,SNPP,n,2,297.96,19.96,D,0
21.83951,106.11499,341.43,0.55,0.51,2026-04-08,0644,SNPP,SNPP,n,2,297.37,15.2,D,0
21.8317,105.77078,334.54,0.52,0.5,2026-04-08,0644,SNPP,SNPP,n,2,293.49,4.21,D,0
21.89593,105.88351,367,0.53,0.5,2026-04-08,0644,SNPP,SNPP,h,2,294.53,15.44,D,0
21.94892,106.27985,337.01,0.57,0.52,2026-04-08,0644,SNPP,SNPP,n,2,296.25,5.65,D,0
20.21635,105.53545,331.97,0.48,0.48,2026-04-08,0644,SNPP,SNPP,l,2,304.15,4.67,D,0
20.28043,105.40125,338.97,0.47,0.48,2026-04-08,0644,SNPP,SNPP,n,2,301.56,4.95,D,0
20.43177,105.80228,341.6,0.5,0.49,2026-04-08,0644,SNPP,SNPP,n,2,300.62,11.59,D,0
20.4318,105.79938,342.27,0.51,0.49,2026-04-08,0644,SNPP,SNPP,n,2,301.16,11.48,D,0
20.50537,105.59747,342.68,0.49,0.49,2026-04-08,0644,SNPP,SNPP,n,2,302.78,14.34,D,0
20.50482,105.5928,339.56,0.49,0.49,2026-04-08,0644,SNPP,SNPP,n,2,298.9,14.34,D,0
20.50992,105.59724,341.66,0.49,0.49,2026-04-08,0644,SNPP,SNPP,n,2,299.35,8.82,D,0
20.50936,105.59251,335.33,0.49,0.49,2026-04-08,0644,SNPP,SNPP,n,2,298.92,8.82,D,0
20.50676,105.59854,341.26,0.49,0.49,2026-04-08,0644,SNPP,SNPP,n,2,300.19,25,D,0
20.50623,105.59381,333.53,0.49,0.49,2026-04-08,0644,SNPP,SNPP,n,2,303.01,25,D,0
20.3986,105.90197,307.47,0.57,0.52,2026-04-08,1913,SNPP,SNPP,n,2,295.99,1.64,N,2
20.39948,105.90115,308.83,0.58,0.52,2026-04-08,1913,SNPP,SNPP,n,2,295.98,1.8,N,2
20.1634,105.89584,338.39,0.43,0.38,2026-04-09,0625,SNPP,SNPP,n,2,309.18,4.63,D,0
20.2317,105.53652,333.15,0.41,0.37,2026-04-09,0625,SNPP,SNPP,l,2,303.68,2.46,D,0
21.01469,104.89581,334.22,0.4,0.37,2026-04-09,0625,SNPP,SNPP,n,2,305.15,4.37,D,0
21.02198,104.89822,331.63,0.4,0.37,2026-04-09,0625,SNPP,SNPP,l,2,303.28,2.79,D,0
21.1883,105.20946,334.45,0.41,0.37,2026-04-09,0625,SNPP,SNPP,n,2,301.77,2.9,D,0
21.57481,106.00559,339.91,0.44,0.38,2026-04-09,0625,SNPP,SNPP,n,2,298.82,10.62,D,0
21.73701,105.89935,331.72,0.44,0.38,2026-04-09,0625,SNPP,SNPP,n,2,301.01,3.79,D,0
21.70267,105.30922,335.22,0.42,0.37,2026-04-09,0625,SNPP,SNPP,n,2,302.92,1.95,D,0
21.79826,105.66712,333.34,0.43,0.38,2026-04-09,0625,SNPP,SNPP,n,2,301.05,2.1,D,0
21.8834,106.13087,333.57,0.45,0.39,2026-04-09,0625,SNPP,SNPP,n,2,301.46,12.57,D,0
21.88636,106.12588,333.34,0.45,0.39,2026-04-09,0625,SNPP,SNPP,n,2,299.61,10.69,D,0
21.84375,105.52371,330.52,0.43,0.38,2026-04-09,0625,SNPP,SNPP,n,2,300.63,2.09,D,0
21.85258,105.33075,339.49,0.42,0.38,2026-04-09,0625,SNPP,SNPP,n,2,302.4,3.73,D,0
21.88819,105.43369,337.52,0.42,0.38,2026-04-09,0625,SNPP,SNPP,n,2,302.75,2.68,D,0
20.49544,105.75449,333.02,0.42,0.38,2026-04-09,0625,SNPP,SNPP,n,2,303.01,2.15,D,0
21.02107,106.53182,330.66,0.46,0.39,2026-04-09,0625,SNPP,SNPP,n,2,298.81,4.16,D,2
20.88785,105.22695,335.2,0.41,0.37,2026-04-09,0625,SNPP,SNPP,n,2,299.82,3.69,D,0
21.11811,106.78622,330.03,0.47,0.4,2026-04-09,0625,SNPP,SNPP,n,2,299.92,3.44,D,0
21.90564,105.26861,334.26,0.42,0.38,2026-04-09,0626,SNPP,SNPP,n,2,303.41,3.04,D,0
21.01528,106.53696,307.09,0.48,0.4,2026-04-09,1854,SNPP,SNPP,n,2,296.16,1.26,N,2
21.01443,106.54158,306.37,0.49,0.4,2026-04-09,1854,SNPP,SNPP,n,2,295.96,1.26,N,0
21.01076,106.54082,307.12,0.49,0.4,2026-04-09,1854,SNPP,SNPP,n,2,296.15,1.26,N,2
20.51239,105.87057,308.65,0.46,0.39,2026-04-09,1855,SNPP,SNPP,n,2,297.38,0.9,N,0
20.40175,105.90028,307.65,0.46,0.39,2026-04-09,1855,SNPP,SNPP,n,2,297.63,1.49,N,2
20.39739,105.90395,309.41,0.46,0.39,2026-04-09,1855,SNPP,SNPP,n,2,297.64,0.78,N,2
20.17837,106.06017,335.85,0.42,0.37,2026-04-10,0606,SNPP,SNPP,l,2,309.6,4.01,D,0
20.24626,106.0274,338.8,0.42,0.37,2026-04-10,0606,SNPP,SNPP,l,2,309.32,6.89,D,0
20.25628,106.06647,335.76,0.42,0.37,2026-04-10,0606,SNPP,SNPP,l,2,309.76,3.79,D,0
20.29763,106.03831,333.76,0.42,0.37,2026-04-10,0606,SNPP,SNPP,l,2,308.55,3,D,0
20.30646,106.04895,335.62,0.42,0.37,2026-04-10,0606,SNPP,SNPP,l,2,310.09,3.28,D,0
20.34042,106.19736,339.17,0.41,0.37,2026-04-10,0606,SNPP,SNPP,l,2,309.08,3.88,D,0
20.32039,106.01379,336.46,0.42,0.37,2026-04-10,0606,SNPP,SNPP,l,2,309.53,4.72,D,0
20.36839,106.19624,334.61,0.41,0.37,2026-04-10,0606,SNPP,SNPP,l,2,308.27,2.38,D,0
20.38921,106.30116,334.51,0.41,0.37,2026-04-10,0606,SNPP,SNPP,l,2,306.93,2.01,D,0
20.37245,106.19953,332.71,0.41,0.37,2026-04-10,0606,SNPP,SNPP,l,2,307.02,1.9,D,0
20.3718,106.1956,344.02,0.41,0.37,2026-04-10,0606,SNPP,SNPP,l,2,307.52,1.9,D,0
20.46125,106.14281,343.29,0.41,0.37,2026-04-10,0606,SNPP,SNPP,l,2,309.17,5.33,D,0
20.50946,106.37128,332.1,0.41,0.37,2026-04-10,0606,SNPP,SNPP,l,2,306.35,3.44,D,0
20.87151,106.29723,332.75,0.41,0.37,2026-04-10,0606,SNPP,SNPP,l,2,306.44,4.34,D,0
20.97721,106.42901,331.89,0.4,0.37,2026-04-10,0606,SNPP,SNPP,l,2,306.61,4.92,D,0
21.08036,106.83405,332.01,0.39,0.36,2026-04-10,0606,SNPP,SNPP,l,2,301.65,2.49,D,0
21.07063,105.82742,334.57,0.42,0.37,2026-04-10,0606,SNPP,SNPP,l,2,305.03,2.58,D,0
21.19233,106.52486,334.31,0.4,0.37,2026-04-10,0606,SNPP,SNPP,l,2,302.83,18.6,D,0
21.22501,105.99885,367,0.41,0.37,2026-04-10,0607,SNPP,SNPP,h,2,305.68,11.6,D,0
21.6811,106.76015,334.8,0.39,0.36,2026-04-10,0607,SNPP,SNPP,n,2,301.55,2.34,D,0
21.55806,105.87248,330.49,0.41,0.37,2026-04-10,0607,SNPP,SNPP,l,2,303.69,4.41,D,0
21.71368,105.67184,330.52,0.42,0.37,2026-04-10,0607,SNPP,SNPP,n,2,301.13,1.36,D,0
21.81886,106.14029,331.26,0.4,0.37,2026-04-10,0607,SNPP,SNPP,n,2,299.06,2.34,D,0
21.82224,106.13967,332.62,0.4,0.37,2026-04-10,0607,SNPP,SNPP,n,2,298.68,3.08,D,0
21.8345,105.76826,337.2,0.41,0.37,2026-04-10,0607,SNPP,SNPP,n,2,302.98,9.3,D,0
21.93549,105.8062,331.54,0.41,0.37,2026-04-10,0607,SNPP,SNPP,l,2,305.05,5.02,D,0
20.88368,105.94114,307.37,0.4,0.37,2026-04-10,1836,SNPP,SNPP,n,2,295.45,1.55,N,0
20.51154,105.86859,310.18,0.4,0.37,2026-04-10,1836,SNPP,SNPP,n,2,296.86,1.53,N,0
20.48177,105.88309,307.96,0.4,0.37,2026-04-10,1836,SNPP,SNPP,n,2,296.98,1.27,N,2
20.40172,105.90144,314.08,0.4,0.37,2026-04-10,1836,SNPP,SNPP,n,2,298.38,1.47,N,2
20.39836,105.90087,321.47,0.4,0.37,2026-04-10,1836,SNPP,SNPP,n,2,298.64,1.47,N,2
20.34722,105.91261,316.17,0.4,0.37,2026-04-10,1836,SNPP,SNPP,n,2,298,1.19,N,2
20.53876,105.54986,346.58,0.51,0.5,2026-04-11,0548,SNPP,SNPP,n,2,305.9,7.9,D,0
20.78225,105.25322,332.14,0.53,0.5,2026-04-11,0548,SNPP,SNPP,n,2,304.29,3.74,D,0
21.24262,106.83493,333.11,0.42,0.45,2026-04-11,0548,SNPP,SNPP,n,2,300.46,3.05,D,0
21.01792,104.89676,340.68,0.55,0.51,2026-04-11,0548,SNPP,SNPP,n,2,301.88,12.05,D,0
21.1762,105.23775,340.1,0.52,0.5,2026-04-11,0548,SNPP,SNPP,n,2,302.51,4.69,D,0
21.52272,106.25334,331.14,0.45,0.47,2026-04-11,0548,SNPP,SNPP,n,2,300.45,2.5,D,0
21.83701,105.83984,340.12,0.47,0.48,2026-04-11,0548,SNPP,SNPP,n,2,302.01,5.52,D,0
21.9414,106.00565,330.55,0.45,0.47,2026-04-11,0548,SNPP,SNPP,n,2,298.95,1.69,D,0
21.0211,106.53076,309.28,0.41,0.45,2026-04-11,1817,SNPP,SNPP,n,2,293.58,1.9,N,2
21.01696,106.53017,312.73,0.41,0.45,2026-04-11,1817,SNPP,SNPP,n,2,296.3,1.9,N,2
20.77725,106.63016,305.03,0.4,0.44,2026-04-11,1817,SNPP,SNPP,n,2,294.63,1.46,N,0
20.40503,105.90132,313.42,0.44,0.46,2026-04-11,1817,SNPP,SNPP,n,2,298.53,1.51,N,2
20.40075,105.90075,314.12,0.44,0.46,2026-04-11,1817,SNPP,SNPP,n,2,298.35,1.51,N,2
20.34845,105.9122,309.88,0.44,0.46,2026-04-11,1817,SNPP,SNPP,n,2,297.54,0.92,N,2
21.25155,106.53532,338.81,0.43,0.62,2026-04-12,0529,SNPP,SNPP,n,2,297.43,3.68,D,0
21.13229,105.16676,367,0.52,0.67,2026-04-12,0529,SNPP,SNPP,h,2,301.03,12.22,D,0
21.13352,105.17204,342.18,0.52,0.67,2026-04-12,0529,SNPP,SNPP,n,2,299.48,12.22,D,0
21.64849,106.12238,333.11,0.45,0.63,2026-04-12,0529,SNPP,SNPP,n,2,298.84,3.15,D,0
21.74146,106.2671,353.5,0.44,0.62,2026-04-12,0529,SNPP,SNPP,n,2,298.08,5.36,D,0
21.07123,106.72101,357.11,0.75,0.77,2026-04-12,0709,SNPP,SNPP,n,2,296.94,20.39,D,0
21.0733,106.72462,349.85,0.75,0.77,2026-04-12,0709,SNPP,SNPP,n,2,296.93,18.14,D,0
21.07291,106.71861,332.96,0.75,0.77,2026-04-12,0709,SNPP,SNPP,n,2,296.45,10.86,D,0
20.29122,105.40179,333.12,0.61,0.71,2026-04-12,0709,SNPP,SNPP,n,2,297.2,2.95,D,0
20.44847,105.73264,367,0.64,0.72,2026-04-12,0709,SNPP,SNPP,h,2,300.5,9.42,D,0
20.45525,105.73196,340.09,0.64,0.72,2026-04-12,0709,SNPP,SNPP,n,2,298.44,9.42,D,0
21.19183,106.56186,330.93,0.73,0.76,2026-04-12,0709,SNPP,SNPP,n,2,297.23,5.12,D,0
21.19512,106.56161,331.87,0.74,0.76,2026-04-12,0709,SNPP,SNPP,n,2,297.16,4,D,0
21.14809,104.85313,355.52,0.57,0.69,2026-04-12,0709,SNPP,SNPP,n,2,304.99,13.79,D,0
21.14758,104.85213,354.71,0.57,0.69,2026-04-12,0710,SNPP,SNPP,n,2,304.94,15.96,D,0
21.52025,106.78176,331.54,0.76,0.77,2026-04-12,0710,SNPP,SNPP,n,2,295.79,7.37,D,0
21.72811,105.58887,334.93,0.65,0.73,2026-04-12,0710,SNPP,SNPP,n,2,297.47,7.7,D,0
21.71533,105.1659,337.49,0.61,0.71,2026-04-12,0710,SNPP,SNPP,n,2,300.84,5.15,D,0
21.72192,105.16459,346.69,0.61,0.71,2026-04-12,0710,SNPP,SNPP,n,2,300.73,8.4,D,0
21.71934,105.16282,367,0.61,0.71,2026-04-12,0710,SNPP,SNPP,h,2,301.21,14.3,D,0
21.83277,105.77597,344.18,0.67,0.73,2026-04-12,0710,SNPP,SNPP,n,2,299.91,10.63,D,0
21.94668,106.21259,337.5,0.71,0.75,2026-04-12,0710,SNPP,SNPP,n,2,296.71,8.18,D,0
21.94621,106.20589,343.84,0.71,0.75,2026-04-12,0710,SNPP,SNPP,n,2,297.21,8.18,D,0
21.90148,105.07651,333.75,0.6,0.71,2026-04-12,0710,SNPP,SNPP,n,2,298.35,3.85,D,0
21.68261,105.92923,310.19,0.46,0.63,2026-04-12,1758,SNPP,SNPP,n,2,293.5,0.92,N,0
21.48357,105.86937,304.59,0.46,0.64,2026-04-12,1758,SNPP,SNPP,n,2,294.51,0.73,N,0
21.03575,106.5901,304.92,0.41,0.61,2026-04-12,1758,SNPP,SNPP,n,2,294.4,1.24,N,0
20.52965,105.86614,307.67,0.45,0.63,2026-04-12,1758,SNPP,SNPP,n,2,296.82,0.85,N,2
20.40367,105.89929,306.29,0.45,0.63,2026-04-12,1758,SNPP,SNPP,n,2,295.6,1.57,N,2
20.39744,105.9029,306.7,0.45,0.63,2026-04-12,1758,SNPP,SNPP,n,2,295.93,1.14,N,2
20.29631,105.39962,345.69,0.6,0.53,2026-04-13,0650,SNPP,SNPP,n,2,300.32,12.59,D,0
20.46243,105.76876,340.3,0.32,0.54,2026-04-13,0650,SNPP,SNPP,n,2,297.98,1.66,D,0
20.17698,105.83963,331.13,0.32,0.55,2026-04-13,0650,SNPP,SNPP,n,2,302.01,2.27,D,0
21.46585,106.64001,344.33,0.37,0.58,2026-04-13,0651,SNPP,SNPP,n,2,298.7,5.64,D,0
21.70901,106.13914,335.49,0.35,0.57,2026-04-13,0651,SNPP,SNPP,n,2,299.28,2.16,D,0
21.70842,106.13839,331.41,0.35,0.57,2026-04-13,0651,SNPP,SNPP,n,2,299.03,1.76,D,0
21.73691,105.5351,339.57,0.32,0.55,2026-04-13,0651,SNPP,SNPP,n,2,299.12,5.65,D,0
21.73652,105.53143,336.16,0.32,0.55,2026-04-13,0651,SNPP,SNPP,n,2,298.85,3.8,D,0
21.73961,105.5303,341.26,0.32,0.55,2026-04-13,0651,SNPP,SNPP,n,2,297.67,2.81,D,0
21.90005,106.7646,351.17,0.39,0.59,2026-04-13,0651,SNPP,SNPP,n,2,301.23,7.49,D,0
21.89349,105.5444,353.92,0.32,0.55,2026-04-13,0651,SNPP,SNPP,n,2,298.84,5.06,D,0
21.92978,105.5471,355.63,0.32,0.55,2026-04-13,0651,SNPP,SNPP,n,2,299.97,6.4,D,0
21.5974,106.72404,332.02,0.38,0.43,2026-04-14,0632,SNPP,SNPP,n,2,295.96,3.58,D,0
21.94231,105.58457,341.79,0.5,0.41,2026-04-14,0632,SNPP,SNPP,n,2,296.1,5.88,D,0
21.94607,105.58393,331.5,0.5,0.41,2026-04-14,0632,SNPP,SNPP,n,2,294.43,4.36,D,0
21.94521,105.5808,331.85,0.5,0.41,2026-04-14,0632,SNPP,SNPP,n,2,295.28,6.6,D,0
20.53618,105.30589,332.04,0.47,0.4,2026-04-14,0632,SNPP,SNPP,n,2,298.38,5.79,D,0
20.58587,105.5711,332.44,0.49,0.4,2026-04-14,0632,SNPP,SNPP,n,2,300.41,5.66,D,0
20.6365,105.30936,334.71,0.47,0.4,2026-04-14,0632,SNPP,SNPP,n,2,299.17,3.83,D,0
21.23538,106.7356,332.19,0.57,0.43,2026-04-14,0632,SNPP,SNPP,n,2,296.14,9.13,D,0
21.23942,106.73531,333.25,0.57,0.43,2026-04-14,0632,SNPP,SNPP,n,2,297.14,9.13,D,0
21.23877,106.73013,331.53,0.57,0.43,2026-04-14,0632,SNPP,SNPP,n,2,296.59,8.65,D,0
21.23618,106.73314,341.76,0.57,0.43,2026-04-14,0632,SNPP,SNPP,n,2,299.68,24.87,D,0
21.30392,106.62373,331.33,0.56,0.43,2026-04-14,0632,SNPP,SNPP,n,2,296.72,1.57,D,0
21.32142,104.85425,335.17,0.46,0.39,2026-04-14,0632,SNPP,SNPP,n,2,295.59,3.15,D,0
20.215,105.79083,334.15,0.49,0.41,2026-04-14,0632,SNPP,SNPP,n,2,298.22,2.1,D,0
20.21434,105.67098,334.41,0.49,0.4,2026-04-14,0632,SNPP,SNPP,n,2,301.69,2.41,D,0
20.49039,105.57789,332.64,0.49,0.4,2026-04-14,0632,SNPP,SNPP,n,2,297.87,2.84,D,0
21.56779,106.49487,305.94,0.39,0.36,2026-04-15,1842,SNPP,SNPP,n,2,294.13,0.79,N,0
21.01955,106.52995,306.03,0.39,0.36,2026-04-15,1842,SNPP,SNPP,n,2,294.07,1.45,N,2
21.01444,106.54044,307.63,0.39,0.36,2026-04-15,1842,SNPP,SNPP,n,2,293.97,3.47,N,0
20.96216,106.7562,305.74,0.39,0.36,2026-04-15,1842,SNPP,SNPP,n,2,293.79,1.12,N,0
20.99665,105.99572,316.72,0.38,0.36,2026-04-15,1842,SNPP,SNPP,n,2,293.06,1.69,N,0
20.99335,105.99512,307.48,0.38,0.36,2026-04-15,1842,SNPP,SNPP,n,2,292.95,1.45,N,0
20.77915,106.63113,306.54,0.39,0.36,2026-04-15,1842,SNPP,SNPP,n,2,293.15,1.03,N,0
20.68311,104.98132,336.79,0.44,0.46,2026-04-16,0554,SNPP,SNPP,n,2,300.96,3.8,D,0
21.03683,106.59006,307.14,0.32,0.55,2026-04-17,1804,SNPP,SNPP,n,2,288.47,1.15,N,0
21.03886,106.58886,313.02,0.32,0.55,2026-04-17,1805,SNPP,SNPP,n,2,288.92,1.27,N,0
21.01352,106.53783,300.93,0.32,0.55,2026-04-17,1805,SNPP,SNPP,n,2,288.42,1.69,N,2
21.03951,106.58722,300.62,0.65,0.73,2026-04-18,1746,SNPP,SNPP,n,2,283.93,1.31,N,0
20.51287,105.86892,304.93,0.4,0.37,2026-04-20,1849,SNPP,SNPP,n,2,287.76,1.02,N,0
20.48259,105.88306,301.37,0.41,0.37,2026-04-20,1849,SNPP,SNPP,n,2,285.88,0.9,N,0
21.55732,105.86467,305.57,0.46,0.39,2026-04-21,1830,SNPP,SNPP,n,2,291.73,1.99,N,0
21.18362,106.09508,308.53,0.45,0.39,2026-04-21,1830,SNPP,SNPP,n,2,291.02,0.77,N,0
20.78011,106.62947,306.44,0.42,0.38,2026-04-21,1830,SNPP,SNPP,n,2,292.44,1.25,N,0
20.51108,105.86864,305.33,0.45,0.39,2026-04-21,1830,SNPP,SNPP,n,2,292.19,1.05,N,0
20.40845,105.90026,306.97,0.45,0.39,2026-04-21,1830,SNPP,SNPP,n,2,293.48,0.83,N,2
20.40489,105.89972,307.88,0.45,0.39,2026-04-21,1830,SNPP,SNPP,n,2,293.58,0.83,N,2
20.40599,105.9011,309.98,0.45,0.39,2026-04-21,1830,SNPP,SNPP,n,2,293.76,1.35,N,2
20.40244,105.90055,311.27,0.45,0.39,2026-04-21,1830,SNPP,SNPP,n,2,294.02,2.13,N,2
20.39828,105.90424,309.15,0.45,0.39,2026-04-21,1830,SNPP,SNPP,n,2,293.31,0.96,N,2
20.53587,105.5736,367,0.32,0.55,2026-04-22,0542,SNPP,SNPP,h,2,299.9,9.11,D,0
21.02031,106.52626,304.05,0.62,0.54,2026-04-24,1914,SNPP,SNPP,n,2,289.08,1.32,N,2
21.01904,106.53216,303.4,0.62,0.54,2026-04-24,1914,SNPP,SNPP,n,2,289.8,1.32,N,2
21.01774,106.53136,311.97,0.62,0.54,2026-04-24,1914,SNPP,SNPP,n,2,290.36,2.6,N,2
21.01689,106.53015,333.71,0.46,0.39,2026-04-25,0626,SNPP,SNPP,n,2,301.92,2.87,D,2
21.12741,106.32993,330.89,0.45,0.39,2026-04-25,0626,SNPP,SNPP,n,2,297.44,2.46,D,0
21.62406,105.96818,330.29,0.44,0.39,2026-04-25,0626,SNPP,SNPP,n,2,296.31,2.05,D,0
21.0386,106.5886,304.68,0.49,0.4,2026-04-25,1855,SNPP,SNPP,n,2,291.24,0.95,N,0
21.01841,106.53118,312.72,0.49,0.4,2026-04-25,1855,SNPP,SNPP,n,2,292.78,0.94,N,2
21.01473,106.53042,304.73,0.49,0.4,2026-04-25,1855,SNPP,SNPP,n,2,290.03,0.94,N,2
21.01388,106.53507,302.85,0.49,0.4,2026-04-25,1855,SNPP,SNPP,n,2,291.18,0.94,N,2
20.39893,105.90347,310.34,0.46,0.39,2026-04-25,1855,SNPP,SNPP,n,2,289.96,0.94,N,2
21.17016,105.92173,302.32,0.4,0.37,2026-04-26,1836,SNPP,SNPP,n,2,290.43,0.46,N,0
21.00042,105.77548,302.28,0.4,0.37,2026-04-26,1836,SNPP,SNPP,n,2,290.57,0.53,N,0
20.52946,105.86483,304.67,0.4,0.37,2026-04-26,1837,SNPP,SNPP,n,2,290.86,0.82,N,2
20.51149,105.86962,309.99,0.4,0.37,2026-04-26,1837,SNPP,SNPP,n,2,291.4,0.95,N,0
20.39824,105.90178,310.61,0.4,0.37,2026-04-26,1837,SNPP,SNPP,n,2,286.04,2.21,N,2
21.7846,105.86343,333.1,0.46,0.47,2026-04-27,0549,SNPP,SNPP,n,2,288.83,4.03,D,0
